ISO-10303-21;
HEADER;
FILE_DESCRIPTION(('Open CASCADE Model'),'2;1');
FILE_NAME('Open CASCADE Shape Model','2026-10-04T18:11:10',('Author'),(
    'Open CASCADE'),'Open CASCADE STEP processor 7.9','Open CASCADE 7.9'
  ,'Unknown');
FILE_SCHEMA(('AUTOMOTIVE_DESIGN { 1 0 10303 214 1 1 1 1 }'));
ENDSEC;
DATA;
#1 = APPLICATION_PROTOCOL_DEFINITION('international standard',
  'automotive_design',2000,#2);
#2 = APPLICATION_CONTEXT(
  'core data for automotive mechanical design processes');
#3 = SHAPE_DEFINITION_REPRESENTATION(#4,#10);
#4 = PRODUCT_DEFINITION_SHAPE('','',#5);
#5 = PRODUCT_DEFINITION('design','',#6,#9);
#6 = PRODUCT_DEFINITION_FORMATION('','',#7);
#7 = PRODUCT('Open CASCADE STEP translator 7.9 2',
  'Open CASCADE STEP translator 7.9 2','',(#8));
#8 = PRODUCT_CONTEXT('',#2,'mechanical');
#9 = PRODUCT_DEFINITION_CONTEXT('part definition',#2,'design');
#10 = ADVANCED_BREP_SHAPE_REPRESENTATION('',(#11,#15),#3307);
#11 = AXIS2_PLACEMENT_3D('',#12,#13,#14);
#12 = CARTESIAN_POINT('',(0.,0.,0.));
#13 = DIRECTION('',(0.,0.,1.));
#14 = DIRECTION('',(1.,0.,-0.));
#15 = MANIFOLD_SOLID_BREP('',#16);
#16 = CLOSED_SHELL('',(#17,#135,#219,#309,#403,#477,#535,#593,#669,#851,
    #876,#923,#1356,#1385,#1416,#1447,#1516,#1541,#1588,#1595,#1650,
    #1657,#1733,#1782,#1809,#1911,#2109,#2163,#2244,#2316,#2369,#2582,
    #2628,#2682,#2688,#2765,#2792,#2819,#3044,#3113,#3167,#3194,#3263,
    #3270,#3297,#3302));
#17 = ADVANCED_FACE('',(#18),#32,.T.);
#18 = FACE_BOUND('',#19,.F.);
#19 = EDGE_LOOP('',(#20,#53,#82,#108));
#20 = ORIENTED_EDGE('',*,*,#21,.F.);
#21 = EDGE_CURVE('',#22,#24,#26,.T.);
#22 = VERTEX_POINT('',#23);
#23 = CARTESIAN_POINT('',(5.300235843809,-16.1,5.5));
#24 = VERTEX_POINT('',#25);
#25 = CARTESIAN_POINT('',(5.300235843809,-16.1,0.4));
#26 = SURFACE_CURVE('',#27,(#31,#42),.PCURVE_S1.);
#27 = LINE('',#28,#29);
#28 = CARTESIAN_POINT('',(5.300235843809,-16.1,0.));
#29 = VECTOR('',#30,1.);
#30 = DIRECTION('',(-0.,-0.,-1.));
#31 = PCURVE('',#32,#37);
#32 = CYLINDRICAL_SURFACE('',#33,16.95);
#33 = AXIS2_PLACEMENT_3D('',#34,#35,#36);
#34 = CARTESIAN_POINT('',(0.,0.,0.));
#35 = DIRECTION('',(-0.,-0.,-1.));
#36 = DIRECTION('',(1.,0.,0.));
#37 = DEFINITIONAL_REPRESENTATION('',(#38),#41);
#38 = B_SPLINE_CURVE_WITH_KNOTS('',1,(#39,#40),.UNSPECIFIED.,.F.,.F.,(2,
    2),(-6.,-0.),.PIECEWISE_BEZIER_KNOTS.);
#39 = CARTESIAN_POINT('',(-5.030421425205,-6.));
#40 = CARTESIAN_POINT('',(-5.030421425205,0.));
#41 = ( GEOMETRIC_REPRESENTATION_CONTEXT(2) 
PARAMETRIC_REPRESENTATION_CONTEXT() REPRESENTATION_CONTEXT('2D SPACE',''
  ) );
#42 = PCURVE('',#43,#48);
#43 = PLANE('',#44);
#44 = AXIS2_PLACEMENT_3D('',#45,#46,#47);
#45 = CARTESIAN_POINT('',(-17.95,-16.1,0.));
#46 = DIRECTION('',(0.,1.,0.));
#47 = DIRECTION('',(0.,0.,1.));
#48 = DEFINITIONAL_REPRESENTATION('',(#49),#52);
#49 = B_SPLINE_CURVE_WITH_KNOTS('',1,(#50,#51),.UNSPECIFIED.,.F.,.F.,(2,
    2),(-6.0000006,6.E-07),.PIECEWISE_BEZIER_KNOTS.);
#50 = CARTESIAN_POINT('',(6.0000006,23.250235843809));
#51 = CARTESIAN_POINT('',(-6.E-07,23.250235843809));
#52 = ( GEOMETRIC_REPRESENTATION_CONTEXT(2) 
PARAMETRIC_REPRESENTATION_CONTEXT() REPRESENTATION_CONTEXT('2D SPACE',''
  ) );
#53 = ORIENTED_EDGE('',*,*,#54,.F.);
#54 = EDGE_CURVE('',#55,#22,#57,.T.);
#55 = VERTEX_POINT('',#56);
#56 = CARTESIAN_POINT('',(5.300235843809,16.1,5.5));
#57 = SURFACE_CURVE('',#58,(#63,#70),.PCURVE_S1.);
#58 = CIRCLE('',#59,16.95);
#59 = AXIS2_PLACEMENT_3D('',#60,#61,#62);
#60 = CARTESIAN_POINT('',(0.,0.,5.5));
#61 = DIRECTION('',(0.,-0.,-1.));
#62 = DIRECTION('',(0.312698279871,0.949852507375,-0.));
#63 = PCURVE('',#32,#64);
#64 = DEFINITIONAL_REPRESENTATION('',(#65),#69);
#65 = LINE('',#66,#67);
#66 = CARTESIAN_POINT('',(-7.535949189155,-5.5));
#67 = VECTOR('',#68,1.);
#68 = DIRECTION('',(1.,-0.));
#69 = ( GEOMETRIC_REPRESENTATION_CONTEXT(2) 
PARAMETRIC_REPRESENTATION_CONTEXT() REPRESENTATION_CONTEXT('2D SPACE',''
  ) );
#70 = PCURVE('',#71,#76);
#71 = CONICAL_SURFACE('',#72,16.95,0.785398163397);
#72 = AXIS2_PLACEMENT_3D('',#73,#74,#75);
#73 = CARTESIAN_POINT('',(0.,0.,5.5));
#74 = DIRECTION('',(-0.,-0.,-1.));
#75 = DIRECTION('',(0.312698279871,0.949852507375,-0.));
#76 = DEFINITIONAL_REPRESENTATION('',(#77),#81);
#77 = LINE('',#78,#79);
#78 = CARTESIAN_POINT('',(0.,-0.));
#79 = VECTOR('',#80,1.);
#80 = DIRECTION('',(1.,-0.));
#81 = ( GEOMETRIC_REPRESENTATION_CONTEXT(2) 
PARAMETRIC_REPRESENTATION_CONTEXT() REPRESENTATION_CONTEXT('2D SPACE',''
  ) );
#82 = ORIENTED_EDGE('',*,*,#83,.T.);
#83 = EDGE_CURVE('',#55,#84,#86,.T.);
#84 = VERTEX_POINT('',#85);
#85 = CARTESIAN_POINT('',(5.300235843809,16.1,0.4));
#86 = SURFACE_CURVE('',#87,(#91,#97),.PCURVE_S1.);
#87 = LINE('',#88,#89);
#88 = CARTESIAN_POINT('',(5.300235843809,16.1,0.));
#89 = VECTOR('',#90,1.);
#90 = DIRECTION('',(-0.,-0.,-1.));
#91 = PCURVE('',#32,#92);
#92 = DEFINITIONAL_REPRESENTATION('',(#93),#96);
#93 = B_SPLINE_CURVE_WITH_KNOTS('',1,(#94,#95),.UNSPECIFIED.,.F.,.F.,(2,
    2),(-6.,0.),.PIECEWISE_BEZIER_KNOTS.);
#94 = CARTESIAN_POINT('',(-7.535949189155,-6.));
#95 = CARTESIAN_POINT('',(-7.535949189155,0.));
#96 = ( GEOMETRIC_REPRESENTATION_CONTEXT(2) 
PARAMETRIC_REPRESENTATION_CONTEXT() REPRESENTATION_CONTEXT('2D SPACE',''
  ) );
#97 = PCURVE('',#98,#103);
#98 = PLANE('',#99);
#99 = AXIS2_PLACEMENT_3D('',#100,#101,#102);
#100 = CARTESIAN_POINT('',(-17.95,16.1,0.));
#101 = DIRECTION('',(0.,1.,0.));
#102 = DIRECTION('',(0.,0.,1.));
#103 = DEFINITIONAL_REPRESENTATION('',(#104),#107);
#104 = B_SPLINE_CURVE_WITH_KNOTS('',1,(#105,#106),.UNSPECIFIED.,.F.,.F.,
  (2,2),(-6.0000006,6.E-07),.PIECEWISE_BEZIER_KNOTS.);
#105 = CARTESIAN_POINT('',(6.0000006,23.250235843809));
#106 = CARTESIAN_POINT('',(-6.E-07,23.250235843809));
#107 = ( GEOMETRIC_REPRESENTATION_CONTEXT(2) 
PARAMETRIC_REPRESENTATION_CONTEXT() REPRESENTATION_CONTEXT('2D SPACE',''
  ) );
#108 = ORIENTED_EDGE('',*,*,#109,.F.);
#109 = EDGE_CURVE('',#24,#84,#110,.T.);
#110 = SURFACE_CURVE('',#111,(#116,#123),.PCURVE_S1.);
#111 = CIRCLE('',#112,16.95);
#112 = AXIS2_PLACEMENT_3D('',#113,#114,#115);
#113 = CARTESIAN_POINT('',(0.,0.,0.4));
#114 = DIRECTION('',(0.,0.,1.));
#115 = DIRECTION('',(0.312698279871,-0.949852507375,0.));
#116 = PCURVE('',#32,#117);
#117 = DEFINITIONAL_REPRESENTATION('',(#118),#122);
#118 = LINE('',#119,#120);
#119 = CARTESIAN_POINT('',(-5.030421425205,-0.4));
#120 = VECTOR('',#121,1.);
#121 = DIRECTION('',(-1.,0.));
#122 = ( GEOMETRIC_REPRESENTATION_CONTEXT(2) 
PARAMETRIC_REPRESENTATION_CONTEXT() REPRESENTATION_CONTEXT('2D SPACE',''
  ) );
#123 = PCURVE('',#124,#129);
#124 = CONICAL_SURFACE('',#125,16.95,0.785398163397);
#125 = AXIS2_PLACEMENT_3D('',#126,#127,#128);
#126 = CARTESIAN_POINT('',(0.,0.,0.4));
#127 = DIRECTION('',(0.,0.,1.));
#128 = DIRECTION('',(0.312698279871,-0.949852507375,0.));
#129 = DEFINITIONAL_REPRESENTATION('',(#130),#134);
#130 = LINE('',#131,#132);
#131 = CARTESIAN_POINT('',(0.,-0.));
#132 = VECTOR('',#133,1.);
#133 = DIRECTION('',(1.,-0.));
#134 = ( GEOMETRIC_REPRESENTATION_CONTEXT(2) 
PARAMETRIC_REPRESENTATION_CONTEXT() REPRESENTATION_CONTEXT('2D SPACE',''
  ) );
#135 = ADVANCED_FACE('',(#136),#43,.F.);
#136 = FACE_BOUND('',#137,.F.);
#137 = EDGE_LOOP('',(#138,#139,#167,#193));
#138 = ORIENTED_EDGE('',*,*,#21,.T.);
#139 = ORIENTED_EDGE('',*,*,#140,.F.);
#140 = EDGE_CURVE('',#141,#24,#143,.T.);
#141 = VERTEX_POINT('',#142);
#142 = CARTESIAN_POINT('',(-5.300235843809,-16.1,0.4));
#143 = SURFACE_CURVE('',#144,(#148,#155),.PCURVE_S1.);
#144 = LINE('',#145,#146);
#145 = CARTESIAN_POINT('',(-5.300235843809,-16.1,0.4));
#146 = VECTOR('',#147,1.);
#147 = DIRECTION('',(1.,0.,0.));
#148 = PCURVE('',#43,#149);
#149 = DEFINITIONAL_REPRESENTATION('',(#150),#154);
#150 = LINE('',#151,#152);
#151 = CARTESIAN_POINT('',(0.4,12.649764156191));
#152 = VECTOR('',#153,1.);
#153 = DIRECTION('',(0.,1.));
#154 = ( GEOMETRIC_REPRESENTATION_CONTEXT(2) 
PARAMETRIC_REPRESENTATION_CONTEXT() REPRESENTATION_CONTEXT('2D SPACE',''
  ) );
#155 = PCURVE('',#156,#161);
#156 = PLANE('',#157);
#157 = AXIS2_PLACEMENT_3D('',#158,#159,#160);
#158 = CARTESIAN_POINT('',(-5.300235843809,-15.9,0.2));
#159 = DIRECTION('',(-3.474993633276E-18,-0.707106781187,-0.707106781187
    ));
#160 = DIRECTION('',(-1.,2.457191562669E-18,2.457191562669E-18));
#161 = DEFINITIONAL_REPRESENTATION('',(#162),#166);
#162 = LINE('',#163,#164);
#163 = CARTESIAN_POINT('',(-0.,-0.282842712475));
#164 = VECTOR('',#165,1.);
#165 = DIRECTION('',(-1.,0.));
#166 = ( GEOMETRIC_REPRESENTATION_CONTEXT(2) 
PARAMETRIC_REPRESENTATION_CONTEXT() REPRESENTATION_CONTEXT('2D SPACE',''
  ) );
#167 = ORIENTED_EDGE('',*,*,#168,.F.);
#168 = EDGE_CURVE('',#169,#141,#171,.T.);
#169 = VERTEX_POINT('',#170);
#170 = CARTESIAN_POINT('',(-5.300235843809,-16.1,5.5));
#171 = SURFACE_CURVE('',#172,(#176,#182),.PCURVE_S1.);
#172 = LINE('',#173,#174);
#173 = CARTESIAN_POINT('',(-5.300235843809,-16.1,0.));
#174 = VECTOR('',#175,1.);
#175 = DIRECTION('',(-0.,-0.,-1.));
#176 = PCURVE('',#43,#177);
#177 = DEFINITIONAL_REPRESENTATION('',(#178),#181);
#178 = B_SPLINE_CURVE_WITH_KNOTS('',1,(#179,#180),.UNSPECIFIED.,.F.,.F.,
  (2,2),(-6.0000006,6.E-07),.PIECEWISE_BEZIER_KNOTS.);
#179 = CARTESIAN_POINT('',(6.0000006,12.649764156191));
#180 = CARTESIAN_POINT('',(-6.E-07,12.649764156191));
#181 = ( GEOMETRIC_REPRESENTATION_CONTEXT(2) 
PARAMETRIC_REPRESENTATION_CONTEXT() REPRESENTATION_CONTEXT('2D SPACE',''
  ) );
#182 = PCURVE('',#183,#188);
#183 = CYLINDRICAL_SURFACE('',#184,16.95);
#184 = AXIS2_PLACEMENT_3D('',#185,#186,#187);
#185 = CARTESIAN_POINT('',(0.,0.,0.));
#186 = DIRECTION('',(-0.,-0.,-1.));
#187 = DIRECTION('',(1.,0.,0.));
#188 = DEFINITIONAL_REPRESENTATION('',(#189),#192);
#189 = B_SPLINE_CURVE_WITH_KNOTS('',1,(#190,#191),.UNSPECIFIED.,.F.,.F.,
  (2,2),(-6.0000006,6.E-07),.PIECEWISE_BEZIER_KNOTS.);
#190 = CARTESIAN_POINT('',(-4.394356535565,-6.0000006));
#191 = CARTESIAN_POINT('',(-4.394356535565,6.E-07));
#192 = ( GEOMETRIC_REPRESENTATION_CONTEXT(2) 
PARAMETRIC_REPRESENTATION_CONTEXT() REPRESENTATION_CONTEXT('2D SPACE',''
  ) );
#193 = ORIENTED_EDGE('',*,*,#194,.T.);
#194 = EDGE_CURVE('',#169,#22,#195,.T.);
#195 = SURFACE_CURVE('',#196,(#200,#207),.PCURVE_S1.);
#196 = LINE('',#197,#198);
#197 = CARTESIAN_POINT('',(-5.300235843809,-16.1,5.5));
#198 = VECTOR('',#199,1.);
#199 = DIRECTION('',(1.,0.,0.));
#200 = PCURVE('',#43,#201);
#201 = DEFINITIONAL_REPRESENTATION('',(#202),#206);
#202 = LINE('',#203,#204);
#203 = CARTESIAN_POINT('',(5.5,12.649764156191));
#204 = VECTOR('',#205,1.);
#205 = DIRECTION('',(0.,1.));
#206 = ( GEOMETRIC_REPRESENTATION_CONTEXT(2) 
PARAMETRIC_REPRESENTATION_CONTEXT() REPRESENTATION_CONTEXT('2D SPACE',''
  ) );
#207 = PCURVE('',#208,#213);
#208 = PLANE('',#209);
#209 = AXIS2_PLACEMENT_3D('',#210,#211,#212);
#210 = CARTESIAN_POINT('',(-5.300235843809,-15.85,5.75));
#211 = DIRECTION('',(0.,0.707106781187,-0.707106781187));
#212 = DIRECTION('',(1.,0.,0.));
#213 = DEFINITIONAL_REPRESENTATION('',(#214),#218);
#214 = LINE('',#215,#216);
#215 = CARTESIAN_POINT('',(0.,0.353553390593));
#216 = VECTOR('',#217,1.);
#217 = DIRECTION('',(1.,0.));
#218 = ( GEOMETRIC_REPRESENTATION_CONTEXT(2) 
PARAMETRIC_REPRESENTATION_CONTEXT() REPRESENTATION_CONTEXT('2D SPACE',''
  ) );
#219 = ADVANCED_FACE('',(#220),#124,.T.);
#220 = FACE_BOUND('',#221,.F.);
#221 = EDGE_LOOP('',(#222,#249,#250,#282));
#222 = ORIENTED_EDGE('',*,*,#223,.F.);
#223 = EDGE_CURVE('',#24,#224,#226,.T.);
#224 = VERTEX_POINT('',#225);
#225 = CARTESIAN_POINT('',(5.2356947963,-15.7,0.));
#226 = SURFACE_CURVE('',#227,(#232,#242),.PCURVE_S1.);
#227 = PARABOLA('',#228,0.300520382004);
#228 = AXIS2_PLACEMENT_3D('',#229,#230,#231);
#229 = CARTESIAN_POINT('',(2.088612828269E-18,0.425,-16.125));
#230 = DIRECTION('',(-3.474993633276E-18,-0.707106781187,-0.707106781187
    ));
#231 = DIRECTION('',(-3.474993633276E-18,-0.707106781187,0.707106781187)
  );
#232 = PCURVE('',#124,#233);
#233 = DEFINITIONAL_REPRESENTATION('',(#234),#241);
#234 = B_SPLINE_CURVE_WITH_KNOTS('',5,(#235,#236,#237,#238,#239,#240),
  .UNSPECIFIED.,.F.,.F.,(6,6),(-5.300235843809,-5.2356947963),
  .PIECEWISE_BEZIER_KNOTS.);
#235 = CARTESIAN_POINT('',(-8.881784197001E-15,-1.961208973E-13));
#236 = CARTESIAN_POINT('',(7.615462832886E-04,-8.049006433121E-02));
#237 = CARTESIAN_POINT('',(1.527612987609E-03,-0.160735096497));
#238 = CARTESIAN_POINT('',(2.298253318067E-03,-0.240735096497));
#239 = CARTESIAN_POINT('',(3.073521720599E-03,-0.320490064331));
#240 = CARTESIAN_POINT('',(3.853473956363E-03,-0.4));
#241 = ( GEOMETRIC_REPRESENTATION_CONTEXT(2) 
PARAMETRIC_REPRESENTATION_CONTEXT() REPRESENTATION_CONTEXT('2D SPACE',''
  ) );
#242 = PCURVE('',#156,#243);
#243 = DEFINITIONAL_REPRESENTATION('',(#244),#248);
#244 = B_SPLINE_CURVE_WITH_KNOTS('',2,(#245,#246,#247),.UNSPECIFIED.,.F.
  ,.F.,(3,3),(-5.300235843809,-5.2356947963),.PIECEWISE_BEZIER_KNOTS.);
#245 = CARTESIAN_POINT('',(-10.60047168761,-0.282842712474));
#246 = CARTESIAN_POINT('',(-10.56820116386,1.732639058694E-03));
#247 = CARTESIAN_POINT('',(-10.5359306401,0.282842712475));
#248 = ( GEOMETRIC_REPRESENTATION_CONTEXT(2) 
PARAMETRIC_REPRESENTATION_CONTEXT() REPRESENTATION_CONTEXT('2D SPACE',''
  ) );
#249 = ORIENTED_EDGE('',*,*,#109,.T.);
#250 = ORIENTED_EDGE('',*,*,#251,.T.);
#251 = EDGE_CURVE('',#84,#252,#254,.T.);
#252 = VERTEX_POINT('',#253);
#253 = CARTESIAN_POINT('',(5.2356947963,15.7,0.));
#254 = SURFACE_CURVE('',#255,(#260,#270),.PCURVE_S1.);
#255 = PARABOLA('',#256,0.300520382004);
#256 = AXIS2_PLACEMENT_3D('',#257,#258,#259);
#257 = CARTESIAN_POINT('',(2.088612828269E-18,-0.425,-16.125));
#258 = DIRECTION('',(3.474993633276E-18,-0.707106781187,0.707106781187)
  );
#259 = DIRECTION('',(-3.474993633276E-18,0.707106781187,0.707106781187)
  );
#260 = PCURVE('',#124,#261);
#261 = DEFINITIONAL_REPRESENTATION('',(#262),#269);
#262 = B_SPLINE_CURVE_WITH_KNOTS('',5,(#263,#264,#265,#266,#267,#268),
  .UNSPECIFIED.,.F.,.F.,(6,6),(-5.300235843809,-5.2356947963),
  .PIECEWISE_BEZIER_KNOTS.);
#263 = CARTESIAN_POINT('',(2.50552776395,-1.375011215998E-13));
#264 = CARTESIAN_POINT('',(2.504766217667,-8.049006433116E-02));
#265 = CARTESIAN_POINT('',(2.504000150962,-0.160735096497));
#266 = CARTESIAN_POINT('',(2.503229510632,-0.240735096497));
#267 = CARTESIAN_POINT('',(2.502454242229,-0.320490064331));
#268 = CARTESIAN_POINT('',(2.501674289994,-0.4));
#269 = ( GEOMETRIC_REPRESENTATION_CONTEXT(2) 
PARAMETRIC_REPRESENTATION_CONTEXT() REPRESENTATION_CONTEXT('2D SPACE',''
  ) );
#270 = PCURVE('',#271,#276);
#271 = PLANE('',#272);
#272 = AXIS2_PLACEMENT_3D('',#273,#274,#275);
#273 = CARTESIAN_POINT('',(-5.300235843809,15.9,0.2));
#274 = DIRECTION('',(3.474993633276E-18,-0.707106781187,0.707106781187)
  );
#275 = DIRECTION('',(1.,2.457191562669E-18,-2.457191562669E-18));
#276 = DEFINITIONAL_REPRESENTATION('',(#277),#281);
#277 = B_SPLINE_CURVE_WITH_KNOTS('',2,(#278,#279,#280),.UNSPECIFIED.,.F.
  ,.F.,(3,3),(-5.300235843809,-5.2356947963),.PIECEWISE_BEZIER_KNOTS.);
#278 = CARTESIAN_POINT('',(10.600471687618,0.282842712474));
#279 = CARTESIAN_POINT('',(10.568201163863,-1.732639058606E-03));
#280 = CARTESIAN_POINT('',(10.535930640108,-0.282842712475));
#281 = ( GEOMETRIC_REPRESENTATION_CONTEXT(2) 
PARAMETRIC_REPRESENTATION_CONTEXT() REPRESENTATION_CONTEXT('2D SPACE',''
  ) );
#282 = ORIENTED_EDGE('',*,*,#283,.F.);
#283 = EDGE_CURVE('',#224,#252,#284,.T.);
#284 = SURFACE_CURVE('',#285,(#290,#297),.PCURVE_S1.);
#285 = CIRCLE('',#286,16.55);
#286 = AXIS2_PLACEMENT_3D('',#287,#288,#289);
#287 = CARTESIAN_POINT('',(0.,0.,0.));
#288 = DIRECTION('',(0.,0.,1.));
#289 = DIRECTION('',(0.312698279871,-0.949852507375,0.));
#290 = PCURVE('',#124,#291);
#291 = DEFINITIONAL_REPRESENTATION('',(#292),#296);
#292 = LINE('',#293,#294);
#293 = CARTESIAN_POINT('',(0.,-0.4));
#294 = VECTOR('',#295,1.);
#295 = DIRECTION('',(1.,-0.));
#296 = ( GEOMETRIC_REPRESENTATION_CONTEXT(2) 
PARAMETRIC_REPRESENTATION_CONTEXT() REPRESENTATION_CONTEXT('2D SPACE',''
  ) );
#297 = PCURVE('',#298,#303);
#298 = PLANE('',#299);
#299 = AXIS2_PLACEMENT_3D('',#300,#301,#302);
#300 = CARTESIAN_POINT('',(-1.29079894517E-15,1.244272976237E-15,0.));
#301 = DIRECTION('',(0.,0.,1.));
#302 = DIRECTION('',(1.,0.,-0.));
#303 = DEFINITIONAL_REPRESENTATION('',(#304),#308);
#304 = CIRCLE('',#305,16.55);
#305 = AXIS2_PLACEMENT_2D('',#306,#307);
#306 = CARTESIAN_POINT('',(1.29079894517E-15,-1.244272976237E-15));
#307 = DIRECTION('',(0.312698279871,-0.949852507375));
#308 = ( GEOMETRIC_REPRESENTATION_CONTEXT(2) 
PARAMETRIC_REPRESENTATION_CONTEXT() REPRESENTATION_CONTEXT('2D SPACE',''
  ) );
#309 = ADVANCED_FACE('',(#310),#71,.T.);
#310 = FACE_BOUND('',#311,.F.);
#311 = EDGE_LOOP('',(#312,#344,#345,#372));
#312 = ORIENTED_EDGE('',*,*,#313,.F.);
#313 = EDGE_CURVE('',#55,#314,#316,.T.);
#314 = VERTEX_POINT('',#315);
#315 = CARTESIAN_POINT('',(5.219434835305,15.6,6.));
#316 = SURFACE_CURVE('',#317,(#322,#332),.PCURVE_S1.);
#317 = PARABOLA('',#318,0.300520382004);
#318 = AXIS2_PLACEMENT_3D('',#319,#320,#321);
#319 = CARTESIAN_POINT('',(0.,-0.425,22.025));
#320 = DIRECTION('',(0.,0.707106781187,0.707106781187));
#321 = DIRECTION('',(0.,0.707106781187,-0.707106781187));
#322 = PCURVE('',#71,#323);
#323 = DEFINITIONAL_REPRESENTATION('',(#324),#331);
#324 = B_SPLINE_CURVE_WITH_KNOTS('',5,(#325,#326,#327,#328,#329,#330),
  .UNSPECIFIED.,.F.,.F.,(6,6),(-5.300235843809,-5.219434835305),
  .PIECEWISE_BEZIER_KNOTS.);
#325 = CARTESIAN_POINT('',(-1.33226762955E-14,3.19744231092E-14));
#326 = CARTESIAN_POINT('',(9.534042301196E-04,-0.100768094468));
#327 = CARTESIAN_POINT('',(1.913893469599E-03,-0.201152141701));
#328 = CARTESIAN_POINT('',(2.881572117452E-03,-0.301152141702));
#329 = CARTESIAN_POINT('',(3.856547620198E-03,-0.400768094468));
#330 = CARTESIAN_POINT('',(4.838930702311E-03,-0.5));
#331 = ( GEOMETRIC_REPRESENTATION_CONTEXT(2) 
PARAMETRIC_REPRESENTATION_CONTEXT() REPRESENTATION_CONTEXT('2D SPACE',''
  ) );
#332 = PCURVE('',#333,#338);
#333 = PLANE('',#334);
#334 = AXIS2_PLACEMENT_3D('',#335,#336,#337);
#335 = CARTESIAN_POINT('',(-5.300235843809,15.85,5.75));
#336 = DIRECTION('',(0.,0.707106781187,0.707106781187));
#337 = DIRECTION('',(-1.,-0.,0.));
#338 = DEFINITIONAL_REPRESENTATION('',(#339),#343);
#339 = B_SPLINE_CURVE_WITH_KNOTS('',2,(#340,#341,#342),.UNSPECIFIED.,.F.
  ,.F.,(3,3),(-5.300235843809,-5.219434835305),
  .PIECEWISE_BEZIER_KNOTS.);
#340 = CARTESIAN_POINT('',(-10.60047168761,-0.353553390593));
#341 = CARTESIAN_POINT('',(-10.56007118336,2.715624033399E-03));
#342 = CARTESIAN_POINT('',(-10.51967067911,0.353553390593));
#343 = ( GEOMETRIC_REPRESENTATION_CONTEXT(2) 
PARAMETRIC_REPRESENTATION_CONTEXT() REPRESENTATION_CONTEXT('2D SPACE',''
  ) );
#344 = ORIENTED_EDGE('',*,*,#54,.T.);
#345 = ORIENTED_EDGE('',*,*,#346,.F.);
#346 = EDGE_CURVE('',#347,#22,#349,.T.);
#347 = VERTEX_POINT('',#348);
#348 = CARTESIAN_POINT('',(5.219434835305,-15.6,6.));
#349 = SURFACE_CURVE('',#350,(#355,#365),.PCURVE_S1.);
#350 = PARABOLA('',#351,0.300520382004);
#351 = AXIS2_PLACEMENT_3D('',#352,#353,#354);
#352 = CARTESIAN_POINT('',(0.,0.425,22.025));
#353 = DIRECTION('',(0.,-0.707106781187,0.707106781187));
#354 = DIRECTION('',(0.,-0.707106781187,-0.707106781187));
#355 = PCURVE('',#71,#356);
#356 = DEFINITIONAL_REPRESENTATION('',(#357),#364);
#357 = B_SPLINE_CURVE_WITH_KNOTS('',5,(#358,#359,#360,#361,#362,#363),
  .UNSPECIFIED.,.F.,.F.,(6,6),(5.219434835305,5.300235843809),
  .PIECEWISE_BEZIER_KNOTS.);
#358 = CARTESIAN_POINT('',(2.500688833248,-0.5));
#359 = CARTESIAN_POINT('',(2.50167121633,-0.400768094468));
#360 = CARTESIAN_POINT('',(2.502646191833,-0.301152141701));
#361 = CARTESIAN_POINT('',(2.50361387048,-0.201152141701));
#362 = CARTESIAN_POINT('',(2.50457435972,-0.100768094468));
#363 = CARTESIAN_POINT('',(2.50552776395,3.19744231092E-14));
#364 = ( GEOMETRIC_REPRESENTATION_CONTEXT(2) 
PARAMETRIC_REPRESENTATION_CONTEXT() REPRESENTATION_CONTEXT('2D SPACE',''
  ) );
#365 = PCURVE('',#208,#366);
#366 = DEFINITIONAL_REPRESENTATION('',(#367),#371);
#367 = B_SPLINE_CURVE_WITH_KNOTS('',2,(#368,#369,#370),.UNSPECIFIED.,.F.
  ,.F.,(3,3),(5.219434835305,5.300235843809),.PIECEWISE_BEZIER_KNOTS.);
#368 = CARTESIAN_POINT('',(10.519670679114,-0.353553390593));
#369 = CARTESIAN_POINT('',(10.560071183366,-2.715624033392E-03));
#370 = CARTESIAN_POINT('',(10.600471687618,0.353553390593));
#371 = ( GEOMETRIC_REPRESENTATION_CONTEXT(2) 
PARAMETRIC_REPRESENTATION_CONTEXT() REPRESENTATION_CONTEXT('2D SPACE',''
  ) );
#372 = ORIENTED_EDGE('',*,*,#373,.F.);
#373 = EDGE_CURVE('',#314,#347,#374,.T.);
#374 = SURFACE_CURVE('',#375,(#380,#387),.PCURVE_S1.);
#375 = CIRCLE('',#376,16.45);
#376 = AXIS2_PLACEMENT_3D('',#377,#378,#379);
#377 = CARTESIAN_POINT('',(0.,0.,6.));
#378 = DIRECTION('',(0.,-0.,-1.));
#379 = DIRECTION('',(0.312698279871,0.949852507375,-0.));
#380 = PCURVE('',#71,#381);
#381 = DEFINITIONAL_REPRESENTATION('',(#382),#386);
#382 = LINE('',#383,#384);
#383 = CARTESIAN_POINT('',(0.,-0.5));
#384 = VECTOR('',#385,1.);
#385 = DIRECTION('',(1.,-0.));
#386 = ( GEOMETRIC_REPRESENTATION_CONTEXT(2) 
PARAMETRIC_REPRESENTATION_CONTEXT() REPRESENTATION_CONTEXT('2D SPACE',''
  ) );
#387 = PCURVE('',#388,#393);
#388 = PLANE('',#389);
#389 = AXIS2_PLACEMENT_3D('',#390,#391,#392);
#390 = CARTESIAN_POINT('',(-1.29079894517E-15,1.244272976237E-15,6.));
#391 = DIRECTION('',(0.,0.,1.));
#392 = DIRECTION('',(1.,0.,-0.));
#393 = DEFINITIONAL_REPRESENTATION('',(#394),#402);
#394 = ( BOUNDED_CURVE() B_SPLINE_CURVE(2,(#395,#396,#397,#398,#399,#400
,#401),.UNSPECIFIED.,.T.,.F.) B_SPLINE_CURVE_WITH_KNOTS((1,2,2,2,2,1),(
    -2.094395102393,0.,2.094395102393,4.188790204786,6.28318530718,
8.377580409573),.UNSPECIFIED.) CURVE() GEOMETRIC_REPRESENTATION_ITEM() 
RATIONAL_B_SPLINE_CURVE((1.,0.5,1.,0.5,1.,0.5,1.)) REPRESENTATION_ITEM(
  '') );
#395 = CARTESIAN_POINT('',(5.143886703874,15.625073746313));
#396 = CARTESIAN_POINT('',(32.207308304498,6.715600626825));
#397 = CARTESIAN_POINT('',(10.959767448375,-12.2672734329));
#398 = CARTESIAN_POINT('',(-10.28777340774,-31.25014749262));
#399 = CARTESIAN_POINT('',(-16.10365415224,-3.357800313412));
#400 = CARTESIAN_POINT('',(-21.91953489675,24.5345468658));
#401 = CARTESIAN_POINT('',(5.143886703874,15.625073746313));
#402 = ( GEOMETRIC_REPRESENTATION_CONTEXT(2) 
PARAMETRIC_REPRESENTATION_CONTEXT() REPRESENTATION_CONTEXT('2D SPACE',''
  ) );
#403 = ADVANCED_FACE('',(#404),#98,.T.);
#404 = FACE_BOUND('',#405,.T.);
#405 = EDGE_LOOP('',(#406,#407,#430,#456));
#406 = ORIENTED_EDGE('',*,*,#83,.T.);
#407 = ORIENTED_EDGE('',*,*,#408,.F.);
#408 = EDGE_CURVE('',#409,#84,#411,.T.);
#409 = VERTEX_POINT('',#410);
#410 = CARTESIAN_POINT('',(1.5,16.1,0.4));
#411 = SURFACE_CURVE('',#412,(#416,#423),.PCURVE_S1.);
#412 = LINE('',#413,#414);
#413 = CARTESIAN_POINT('',(-5.300235843809,16.1,0.4));
#414 = VECTOR('',#415,1.);
#415 = DIRECTION('',(1.,0.,0.));
#416 = PCURVE('',#98,#417);
#417 = DEFINITIONAL_REPRESENTATION('',(#418),#422);
#418 = LINE('',#419,#420);
#419 = CARTESIAN_POINT('',(0.4,12.649764156191));
#420 = VECTOR('',#421,1.);
#421 = DIRECTION('',(0.,1.));
#422 = ( GEOMETRIC_REPRESENTATION_CONTEXT(2) 
PARAMETRIC_REPRESENTATION_CONTEXT() REPRESENTATION_CONTEXT('2D SPACE',''
  ) );
#423 = PCURVE('',#271,#424);
#424 = DEFINITIONAL_REPRESENTATION('',(#425),#429);
#425 = LINE('',#426,#427);
#426 = CARTESIAN_POINT('',(0.,0.282842712475));
#427 = VECTOR('',#428,1.);
#428 = DIRECTION('',(1.,0.));
#429 = ( GEOMETRIC_REPRESENTATION_CONTEXT(2) 
PARAMETRIC_REPRESENTATION_CONTEXT() REPRESENTATION_CONTEXT('2D SPACE',''
  ) );
#430 = ORIENTED_EDGE('',*,*,#431,.T.);
#431 = EDGE_CURVE('',#409,#432,#434,.T.);
#432 = VERTEX_POINT('',#433);
#433 = CARTESIAN_POINT('',(1.5,16.1,5.5));
#434 = SURFACE_CURVE('',#435,(#439,#445),.PCURVE_S1.);
#435 = LINE('',#436,#437);
#436 = CARTESIAN_POINT('',(1.5,16.1,-0.5));
#437 = VECTOR('',#438,1.);
#438 = DIRECTION('',(0.,-0.,1.));
#439 = PCURVE('',#98,#440);
#440 = DEFINITIONAL_REPRESENTATION('',(#441),#444);
#441 = B_SPLINE_CURVE_WITH_KNOTS('',1,(#442,#443),.UNSPECIFIED.,.F.,.F.,
  (2,2),(0.9,6.),.PIECEWISE_BEZIER_KNOTS.);
#442 = CARTESIAN_POINT('',(0.4,19.45));
#443 = CARTESIAN_POINT('',(5.5,19.45));
#444 = ( GEOMETRIC_REPRESENTATION_CONTEXT(2) 
PARAMETRIC_REPRESENTATION_CONTEXT() REPRESENTATION_CONTEXT('2D SPACE',''
  ) );
#445 = PCURVE('',#446,#451);
#446 = PLANE('',#447);
#447 = AXIS2_PLACEMENT_3D('',#448,#449,#450);
#448 = CARTESIAN_POINT('',(1.5,14.9,-1.));
#449 = DIRECTION('',(-1.,1.110223024625E-16,0.));
#450 = DIRECTION('',(0.,0.,1.));
#451 = DEFINITIONAL_REPRESENTATION('',(#452),#455);
#452 = B_SPLINE_CURVE_WITH_KNOTS('',1,(#453,#454),.UNSPECIFIED.,.F.,.F.,
  (2,2),(0.9,6.),.PIECEWISE_BEZIER_KNOTS.);
#453 = CARTESIAN_POINT('',(1.4,1.2));
#454 = CARTESIAN_POINT('',(6.5,1.2));
#455 = ( GEOMETRIC_REPRESENTATION_CONTEXT(2) 
PARAMETRIC_REPRESENTATION_CONTEXT() REPRESENTATION_CONTEXT('2D SPACE',''
  ) );
#456 = ORIENTED_EDGE('',*,*,#457,.T.);
#457 = EDGE_CURVE('',#432,#55,#458,.T.);
#458 = SURFACE_CURVE('',#459,(#463,#470),.PCURVE_S1.);
#459 = LINE('',#460,#461);
#460 = CARTESIAN_POINT('',(-5.300235843809,16.1,5.5));
#461 = VECTOR('',#462,1.);
#462 = DIRECTION('',(1.,0.,0.));
#463 = PCURVE('',#98,#464);
#464 = DEFINITIONAL_REPRESENTATION('',(#465),#469);
#465 = LINE('',#466,#467);
#466 = CARTESIAN_POINT('',(5.5,12.649764156191));
#467 = VECTOR('',#468,1.);
#468 = DIRECTION('',(0.,1.));
#469 = ( GEOMETRIC_REPRESENTATION_CONTEXT(2) 
PARAMETRIC_REPRESENTATION_CONTEXT() REPRESENTATION_CONTEXT('2D SPACE',''
  ) );
#470 = PCURVE('',#333,#471);
#471 = DEFINITIONAL_REPRESENTATION('',(#472),#476);
#472 = LINE('',#473,#474);
#473 = CARTESIAN_POINT('',(-0.,-0.353553390593));
#474 = VECTOR('',#475,1.);
#475 = DIRECTION('',(-1.,0.));
#476 = ( GEOMETRIC_REPRESENTATION_CONTEXT(2) 
PARAMETRIC_REPRESENTATION_CONTEXT() REPRESENTATION_CONTEXT('2D SPACE',''
  ) );
#477 = ADVANCED_FACE('',(#478),#156,.T.);
#478 = FACE_BOUND('',#479,.F.);
#479 = EDGE_LOOP('',(#480,#512,#513,#514));
#480 = ORIENTED_EDGE('',*,*,#481,.T.);
#481 = EDGE_CURVE('',#482,#141,#484,.T.);
#482 = VERTEX_POINT('',#483);
#483 = CARTESIAN_POINT('',(-5.2356947963,-15.7,0.));
#484 = SURFACE_CURVE('',#485,(#490,#497),.PCURVE_S1.);
#485 = PARABOLA('',#486,0.300520382004);
#486 = AXIS2_PLACEMENT_3D('',#487,#488,#489);
#487 = CARTESIAN_POINT('',(2.088612828269E-18,0.425,-16.125));
#488 = DIRECTION('',(-3.474993633276E-18,-0.707106781187,-0.707106781187
    ));
#489 = DIRECTION('',(-3.474993633276E-18,-0.707106781187,0.707106781187)
  );
#490 = PCURVE('',#156,#491);
#491 = DEFINITIONAL_REPRESENTATION('',(#492),#496);
#492 = B_SPLINE_CURVE_WITH_KNOTS('',2,(#493,#494,#495),.UNSPECIFIED.,.F.
  ,.F.,(3,3),(5.2356947963,5.300235843809),.PIECEWISE_BEZIER_KNOTS.);
#493 = CARTESIAN_POINT('',(-6.454104750904E-02,0.282842712475));
#494 = CARTESIAN_POINT('',(-3.227052375431E-02,1.732639058638E-03));
#495 = CARTESIAN_POINT('',(4.281019982955E-13,-0.282842712474));
#496 = ( GEOMETRIC_REPRESENTATION_CONTEXT(2) 
PARAMETRIC_REPRESENTATION_CONTEXT() REPRESENTATION_CONTEXT('2D SPACE',''
  ) );
#497 = PCURVE('',#498,#503);
#498 = CONICAL_SURFACE('',#499,16.95,0.785398163397);
#499 = AXIS2_PLACEMENT_3D('',#500,#501,#502);
#500 = CARTESIAN_POINT('',(0.,0.,0.4));
#501 = DIRECTION('',(0.,0.,1.));
#502 = DIRECTION('',(-0.312698279871,0.949852507375,0.));
#503 = DEFINITIONAL_REPRESENTATION('',(#504),#511);
#504 = B_SPLINE_CURVE_WITH_KNOTS('',5,(#505,#506,#507,#508,#509,#510),
  .UNSPECIFIED.,.F.,.F.,(6,6),(5.2356947963,5.300235843809),
  .PIECEWISE_BEZIER_KNOTS.);
#505 = CARTESIAN_POINT('',(2.501674289994,-0.4));
#506 = CARTESIAN_POINT('',(2.50245424223,-0.320490064331));
#507 = CARTESIAN_POINT('',(2.503229510632,-0.240735096497));
#508 = CARTESIAN_POINT('',(2.504000150963,-0.160735096497));
#509 = CARTESIAN_POINT('',(2.504766217667,-8.049006433123E-02));
#510 = CARTESIAN_POINT('',(2.50552776395,-2.529643161608E-13));
#511 = ( GEOMETRIC_REPRESENTATION_CONTEXT(2) 
PARAMETRIC_REPRESENTATION_CONTEXT() REPRESENTATION_CONTEXT('2D SPACE',''
  ) );
#512 = ORIENTED_EDGE('',*,*,#140,.T.);
#513 = ORIENTED_EDGE('',*,*,#223,.T.);
#514 = ORIENTED_EDGE('',*,*,#515,.F.);
#515 = EDGE_CURVE('',#482,#224,#516,.T.);
#516 = SURFACE_CURVE('',#517,(#521,#528),.PCURVE_S1.);
#517 = LINE('',#518,#519);
#518 = CARTESIAN_POINT('',(-5.300235843809,-15.7,0.));
#519 = VECTOR('',#520,1.);
#520 = DIRECTION('',(1.,0.,0.));
#521 = PCURVE('',#156,#522);
#522 = DEFINITIONAL_REPRESENTATION('',(#523),#527);
#523 = LINE('',#524,#525);
#524 = CARTESIAN_POINT('',(-0.,0.282842712475));
#525 = VECTOR('',#526,1.);
#526 = DIRECTION('',(-1.,0.));
#527 = ( GEOMETRIC_REPRESENTATION_CONTEXT(2) 
PARAMETRIC_REPRESENTATION_CONTEXT() REPRESENTATION_CONTEXT('2D SPACE',''
  ) );
#528 = PCURVE('',#298,#529);
#529 = DEFINITIONAL_REPRESENTATION('',(#530),#534);
#530 = LINE('',#531,#532);
#531 = CARTESIAN_POINT('',(-5.300235843809,-15.7));
#532 = VECTOR('',#533,1.);
#533 = DIRECTION('',(1.,0.));
#534 = ( GEOMETRIC_REPRESENTATION_CONTEXT(2) 
PARAMETRIC_REPRESENTATION_CONTEXT() REPRESENTATION_CONTEXT('2D SPACE',''
  ) );
#535 = ADVANCED_FACE('',(#536),#208,.F.);
#536 = FACE_BOUND('',#537,.F.);
#537 = EDGE_LOOP('',(#538,#570,#591,#592));
#538 = ORIENTED_EDGE('',*,*,#539,.F.);
#539 = EDGE_CURVE('',#540,#169,#542,.T.);
#540 = VERTEX_POINT('',#541);
#541 = CARTESIAN_POINT('',(-5.219434835305,-15.6,6.));
#542 = SURFACE_CURVE('',#543,(#548,#555),.PCURVE_S1.);
#543 = PARABOLA('',#544,0.300520382004);
#544 = AXIS2_PLACEMENT_3D('',#545,#546,#547);
#545 = CARTESIAN_POINT('',(0.,0.425,22.025));
#546 = DIRECTION('',(0.,0.707106781187,-0.707106781187));
#547 = DIRECTION('',(0.,-0.707106781187,-0.707106781187));
#548 = PCURVE('',#208,#549);
#549 = DEFINITIONAL_REPRESENTATION('',(#550),#554);
#550 = B_SPLINE_CURVE_WITH_KNOTS('',2,(#551,#552,#553),.UNSPECIFIED.,.F.
  ,.F.,(3,3),(5.219434835305,5.300235843809),.PIECEWISE_BEZIER_KNOTS.);
#551 = CARTESIAN_POINT('',(8.080100850334E-02,-0.353553390593));
#552 = CARTESIAN_POINT('',(4.040050425146E-02,-2.71562403335E-03));
#553 = CARTESIAN_POINT('',(-4.289901767152E-13,0.353553390593));
#554 = ( GEOMETRIC_REPRESENTATION_CONTEXT(2) 
PARAMETRIC_REPRESENTATION_CONTEXT() REPRESENTATION_CONTEXT('2D SPACE',''
  ) );
#555 = PCURVE('',#556,#561);
#556 = CONICAL_SURFACE('',#557,16.95,0.785398163397);
#557 = AXIS2_PLACEMENT_3D('',#558,#559,#560);
#558 = CARTESIAN_POINT('',(0.,0.,5.5));
#559 = DIRECTION('',(-0.,-0.,-1.));
#560 = DIRECTION('',(-0.312698279871,0.949852507375,0.));
#561 = DEFINITIONAL_REPRESENTATION('',(#562),#569);
#562 = B_SPLINE_CURVE_WITH_KNOTS('',5,(#563,#564,#565,#566,#567,#568),
  .UNSPECIFIED.,.F.,.F.,(6,6),(5.219434835305,5.300235843809),
  .PIECEWISE_BEZIER_KNOTS.);
#563 = CARTESIAN_POINT('',(-2.500688833248,-0.5));
#564 = CARTESIAN_POINT('',(-2.50167121633,-0.400768094468));
#565 = CARTESIAN_POINT('',(-2.502646191833,-0.301152141701));
#566 = CARTESIAN_POINT('',(-2.503613870481,-0.201152141701));
#567 = CARTESIAN_POINT('',(-2.50457435972,-0.100768094468));
#568 = CARTESIAN_POINT('',(-2.50552776395,6.039613253961E-14));
#569 = ( GEOMETRIC_REPRESENTATION_CONTEXT(2) 
PARAMETRIC_REPRESENTATION_CONTEXT() REPRESENTATION_CONTEXT('2D SPACE',''
  ) );
#570 = ORIENTED_EDGE('',*,*,#571,.T.);
#571 = EDGE_CURVE('',#540,#347,#572,.T.);
#572 = SURFACE_CURVE('',#573,(#577,#584),.PCURVE_S1.);
#573 = LINE('',#574,#575);
#574 = CARTESIAN_POINT('',(-5.300235843809,-15.6,6.));
#575 = VECTOR('',#576,1.);
#576 = DIRECTION('',(1.,0.,0.));
#577 = PCURVE('',#208,#578);
#578 = DEFINITIONAL_REPRESENTATION('',(#579),#583);
#579 = LINE('',#580,#581);
#580 = CARTESIAN_POINT('',(0.,-0.353553390593));
#581 = VECTOR('',#582,1.);
#582 = DIRECTION('',(1.,0.));
#583 = ( GEOMETRIC_REPRESENTATION_CONTEXT(2) 
PARAMETRIC_REPRESENTATION_CONTEXT() REPRESENTATION_CONTEXT('2D SPACE',''
  ) );
#584 = PCURVE('',#388,#585);
#585 = DEFINITIONAL_REPRESENTATION('',(#586),#590);
#586 = LINE('',#587,#588);
#587 = CARTESIAN_POINT('',(-5.300235843809,-15.6));
#588 = VECTOR('',#589,1.);
#589 = DIRECTION('',(1.,0.));
#590 = ( GEOMETRIC_REPRESENTATION_CONTEXT(2) 
PARAMETRIC_REPRESENTATION_CONTEXT() REPRESENTATION_CONTEXT('2D SPACE',''
  ) );
#591 = ORIENTED_EDGE('',*,*,#346,.T.);
#592 = ORIENTED_EDGE('',*,*,#194,.F.);
#593 = ADVANCED_FACE('',(#594),#183,.T.);
#594 = FACE_BOUND('',#595,.F.);
#595 = EDGE_LOOP('',(#596,#597,#621,#647));
#596 = ORIENTED_EDGE('',*,*,#168,.T.);
#597 = ORIENTED_EDGE('',*,*,#598,.F.);
#598 = EDGE_CURVE('',#599,#141,#601,.T.);
#599 = VERTEX_POINT('',#600);
#600 = CARTESIAN_POINT('',(-5.300235843809,16.1,0.4));
#601 = SURFACE_CURVE('',#602,(#607,#614),.PCURVE_S1.);
#602 = CIRCLE('',#603,16.95);
#603 = AXIS2_PLACEMENT_3D('',#604,#605,#606);
#604 = CARTESIAN_POINT('',(0.,0.,0.4));
#605 = DIRECTION('',(0.,0.,1.));
#606 = DIRECTION('',(-0.312698279871,0.949852507375,0.));
#607 = PCURVE('',#183,#608);
#608 = DEFINITIONAL_REPRESENTATION('',(#609),#613);
#609 = LINE('',#610,#611);
#610 = CARTESIAN_POINT('',(-1.888828771615,-0.4));
#611 = VECTOR('',#612,1.);
#612 = DIRECTION('',(-1.,0.));
#613 = ( GEOMETRIC_REPRESENTATION_CONTEXT(2) 
PARAMETRIC_REPRESENTATION_CONTEXT() REPRESENTATION_CONTEXT('2D SPACE',''
  ) );
#614 = PCURVE('',#498,#615);
#615 = DEFINITIONAL_REPRESENTATION('',(#616),#620);
#616 = LINE('',#617,#618);
#617 = CARTESIAN_POINT('',(0.,0.));
#618 = VECTOR('',#619,1.);
#619 = DIRECTION('',(1.,0.));
#620 = ( GEOMETRIC_REPRESENTATION_CONTEXT(2) 
PARAMETRIC_REPRESENTATION_CONTEXT() REPRESENTATION_CONTEXT('2D SPACE',''
  ) );
#621 = ORIENTED_EDGE('',*,*,#622,.F.);
#622 = EDGE_CURVE('',#623,#599,#625,.T.);
#623 = VERTEX_POINT('',#624);
#624 = CARTESIAN_POINT('',(-5.300235843809,16.1,5.5));
#625 = SURFACE_CURVE('',#626,(#630,#636),.PCURVE_S1.);
#626 = LINE('',#627,#628);
#627 = CARTESIAN_POINT('',(-5.300235843809,16.1,0.));
#628 = VECTOR('',#629,1.);
#629 = DIRECTION('',(-0.,-0.,-1.));
#630 = PCURVE('',#183,#631);
#631 = DEFINITIONAL_REPRESENTATION('',(#632),#635);
#632 = B_SPLINE_CURVE_WITH_KNOTS('',1,(#633,#634),.UNSPECIFIED.,.F.,.F.,
  (2,2),(-6.0000006,6.E-07),.PIECEWISE_BEZIER_KNOTS.);
#633 = CARTESIAN_POINT('',(-1.888828771615,-6.0000006));
#634 = CARTESIAN_POINT('',(-1.888828771615,6.E-07));
#635 = ( GEOMETRIC_REPRESENTATION_CONTEXT(2) 
PARAMETRIC_REPRESENTATION_CONTEXT() REPRESENTATION_CONTEXT('2D SPACE',''
  ) );
#636 = PCURVE('',#637,#642);
#637 = PLANE('',#638);
#638 = AXIS2_PLACEMENT_3D('',#639,#640,#641);
#639 = CARTESIAN_POINT('',(-17.95,16.1,0.));
#640 = DIRECTION('',(0.,1.,0.));
#641 = DIRECTION('',(0.,0.,1.));
#642 = DEFINITIONAL_REPRESENTATION('',(#643),#646);
#643 = B_SPLINE_CURVE_WITH_KNOTS('',1,(#644,#645),.UNSPECIFIED.,.F.,.F.,
  (2,2),(-6.0000006,6.E-07),.PIECEWISE_BEZIER_KNOTS.);
#644 = CARTESIAN_POINT('',(6.0000006,12.649764156191));
#645 = CARTESIAN_POINT('',(-6.E-07,12.649764156191));
#646 = ( GEOMETRIC_REPRESENTATION_CONTEXT(2) 
PARAMETRIC_REPRESENTATION_CONTEXT() REPRESENTATION_CONTEXT('2D SPACE',''
  ) );
#647 = ORIENTED_EDGE('',*,*,#648,.T.);
#648 = EDGE_CURVE('',#623,#169,#649,.T.);
#649 = SURFACE_CURVE('',#650,(#655,#662),.PCURVE_S1.);
#650 = CIRCLE('',#651,16.95);
#651 = AXIS2_PLACEMENT_3D('',#652,#653,#654);
#652 = CARTESIAN_POINT('',(0.,0.,5.5));
#653 = DIRECTION('',(0.,0.,1.));
#654 = DIRECTION('',(-0.312698279871,0.949852507375,0.));
#655 = PCURVE('',#183,#656);
#656 = DEFINITIONAL_REPRESENTATION('',(#657),#661);
#657 = LINE('',#658,#659);
#658 = CARTESIAN_POINT('',(-1.888828771615,-5.5));
#659 = VECTOR('',#660,1.);
#660 = DIRECTION('',(-1.,0.));
#661 = ( GEOMETRIC_REPRESENTATION_CONTEXT(2) 
PARAMETRIC_REPRESENTATION_CONTEXT() REPRESENTATION_CONTEXT('2D SPACE',''
  ) );
#662 = PCURVE('',#556,#663);
#663 = DEFINITIONAL_REPRESENTATION('',(#664),#668);
#664 = LINE('',#665,#666);
#665 = CARTESIAN_POINT('',(-0.,-0.));
#666 = VECTOR('',#667,1.);
#667 = DIRECTION('',(-1.,-0.));
#668 = ( GEOMETRIC_REPRESENTATION_CONTEXT(2) 
PARAMETRIC_REPRESENTATION_CONTEXT() REPRESENTATION_CONTEXT('2D SPACE',''
  ) );
#669 = ADVANCED_FACE('',(#670,#820),#298,.F.);
#670 = FACE_BOUND('',#671,.F.);
#671 = EDGE_LOOP('',(#672,#673,#674,#697,#718,#744,#770,#798));
#672 = ORIENTED_EDGE('',*,*,#515,.T.);
#673 = ORIENTED_EDGE('',*,*,#283,.T.);
#674 = ORIENTED_EDGE('',*,*,#675,.F.);
#675 = EDGE_CURVE('',#676,#252,#678,.T.);
#676 = VERTEX_POINT('',#677);
#677 = CARTESIAN_POINT('',(1.5,15.7,0.));
#678 = SURFACE_CURVE('',#679,(#683,#690),.PCURVE_S1.);
#679 = LINE('',#680,#681);
#680 = CARTESIAN_POINT('',(-5.300235843809,15.7,0.));
#681 = VECTOR('',#682,1.);
#682 = DIRECTION('',(1.,0.,0.));
#683 = PCURVE('',#298,#684);
#684 = DEFINITIONAL_REPRESENTATION('',(#685),#689);
#685 = LINE('',#686,#687);
#686 = CARTESIAN_POINT('',(-5.300235843809,15.7));
#687 = VECTOR('',#688,1.);
#688 = DIRECTION('',(1.,0.));
#689 = ( GEOMETRIC_REPRESENTATION_CONTEXT(2) 
PARAMETRIC_REPRESENTATION_CONTEXT() REPRESENTATION_CONTEXT('2D SPACE',''
  ) );
#690 = PCURVE('',#271,#691);
#691 = DEFINITIONAL_REPRESENTATION('',(#692),#696);
#692 = LINE('',#693,#694);
#693 = CARTESIAN_POINT('',(0.,-0.282842712475));
#694 = VECTOR('',#695,1.);
#695 = DIRECTION('',(1.,0.));
#696 = ( GEOMETRIC_REPRESENTATION_CONTEXT(2) 
PARAMETRIC_REPRESENTATION_CONTEXT() REPRESENTATION_CONTEXT('2D SPACE',''
  ) );
#697 = ORIENTED_EDGE('',*,*,#698,.T.);
#698 = EDGE_CURVE('',#676,#699,#701,.T.);
#699 = VERTEX_POINT('',#700);
#700 = CARTESIAN_POINT('',(1.5,14.9,0.));
#701 = SURFACE_CURVE('',#702,(#706,#712),.PCURVE_S1.);
#702 = LINE('',#703,#704);
#703 = CARTESIAN_POINT('',(1.5,7.45,0.));
#704 = VECTOR('',#705,1.);
#705 = DIRECTION('',(-1.110223024625E-16,-1.,0.));
#706 = PCURVE('',#298,#707);
#707 = DEFINITIONAL_REPRESENTATION('',(#708),#711);
#708 = B_SPLINE_CURVE_WITH_KNOTS('',1,(#709,#710),.UNSPECIFIED.,.F.,.F.,
  (2,2),(-8.25,-7.45),.PIECEWISE_BEZIER_KNOTS.);
#709 = CARTESIAN_POINT('',(1.5,15.7));
#710 = CARTESIAN_POINT('',(1.5,14.9));
#711 = ( GEOMETRIC_REPRESENTATION_CONTEXT(2) 
PARAMETRIC_REPRESENTATION_CONTEXT() REPRESENTATION_CONTEXT('2D SPACE',''
  ) );
#712 = PCURVE('',#446,#713);
#713 = DEFINITIONAL_REPRESENTATION('',(#714),#717);
#714 = B_SPLINE_CURVE_WITH_KNOTS('',1,(#715,#716),.UNSPECIFIED.,.F.,.F.,
  (2,2),(-8.25,-7.45),.PIECEWISE_BEZIER_KNOTS.);
#715 = CARTESIAN_POINT('',(1.,0.8));
#716 = CARTESIAN_POINT('',(1.,0.));
#717 = ( GEOMETRIC_REPRESENTATION_CONTEXT(2) 
PARAMETRIC_REPRESENTATION_CONTEXT() REPRESENTATION_CONTEXT('2D SPACE',''
  ) );
#718 = ORIENTED_EDGE('',*,*,#719,.T.);
#719 = EDGE_CURVE('',#699,#720,#722,.T.);
#720 = VERTEX_POINT('',#721);
#721 = CARTESIAN_POINT('',(-1.5,14.9,0.));
#722 = SURFACE_CURVE('',#723,(#727,#733),.PCURVE_S1.);
#723 = LINE('',#724,#725);
#724 = CARTESIAN_POINT('',(0.75,14.9,0.));
#725 = VECTOR('',#726,1.);
#726 = DIRECTION('',(-1.,1.110223024625E-16,0.));
#727 = PCURVE('',#298,#728);
#728 = DEFINITIONAL_REPRESENTATION('',(#729),#732);
#729 = B_SPLINE_CURVE_WITH_KNOTS('',1,(#730,#731),.UNSPECIFIED.,.F.,.F.,
  (2,2),(-0.75,2.25),.PIECEWISE_BEZIER_KNOTS.);
#730 = CARTESIAN_POINT('',(1.5,14.9));
#731 = CARTESIAN_POINT('',(-1.5,14.9));
#732 = ( GEOMETRIC_REPRESENTATION_CONTEXT(2) 
PARAMETRIC_REPRESENTATION_CONTEXT() REPRESENTATION_CONTEXT('2D SPACE',''
  ) );
#733 = PCURVE('',#734,#739);
#734 = PLANE('',#735);
#735 = AXIS2_PLACEMENT_3D('',#736,#737,#738);
#736 = CARTESIAN_POINT('',(1.5,14.9,-1.));
#737 = DIRECTION('',(1.110223024625E-16,1.,0.));
#738 = DIRECTION('',(0.,0.,1.));
#739 = DEFINITIONAL_REPRESENTATION('',(#740),#743);
#740 = B_SPLINE_CURVE_WITH_KNOTS('',1,(#741,#742),.UNSPECIFIED.,.F.,.F.,
  (2,2),(-0.75,2.25),.PIECEWISE_BEZIER_KNOTS.);
#741 = CARTESIAN_POINT('',(1.,0.));
#742 = CARTESIAN_POINT('',(1.,-3.));
#743 = ( GEOMETRIC_REPRESENTATION_CONTEXT(2) 
PARAMETRIC_REPRESENTATION_CONTEXT() REPRESENTATION_CONTEXT('2D SPACE',''
  ) );
#744 = ORIENTED_EDGE('',*,*,#745,.F.);
#745 = EDGE_CURVE('',#746,#720,#748,.T.);
#746 = VERTEX_POINT('',#747);
#747 = CARTESIAN_POINT('',(-1.5,15.7,0.));
#748 = SURFACE_CURVE('',#749,(#753,#759),.PCURVE_S1.);
#749 = LINE('',#750,#751);
#750 = CARTESIAN_POINT('',(-1.5,7.45,0.));
#751 = VECTOR('',#752,1.);
#752 = DIRECTION('',(-1.110223024625E-16,-1.,0.));
#753 = PCURVE('',#298,#754);
#754 = DEFINITIONAL_REPRESENTATION('',(#755),#758);
#755 = B_SPLINE_CURVE_WITH_KNOTS('',1,(#756,#757),.UNSPECIFIED.,.F.,.F.,
  (2,2),(-8.25,-7.45),.PIECEWISE_BEZIER_KNOTS.);
#756 = CARTESIAN_POINT('',(-1.5,15.7));
#757 = CARTESIAN_POINT('',(-1.5,14.9));
#758 = ( GEOMETRIC_REPRESENTATION_CONTEXT(2) 
PARAMETRIC_REPRESENTATION_CONTEXT() REPRESENTATION_CONTEXT('2D SPACE',''
  ) );
#759 = PCURVE('',#760,#765);
#760 = PLANE('',#761);
#761 = AXIS2_PLACEMENT_3D('',#762,#763,#764);
#762 = CARTESIAN_POINT('',(-1.5,14.9,-1.));
#763 = DIRECTION('',(-1.,1.110223024625E-16,0.));
#764 = DIRECTION('',(0.,0.,1.));
#765 = DEFINITIONAL_REPRESENTATION('',(#766),#769);
#766 = B_SPLINE_CURVE_WITH_KNOTS('',1,(#767,#768),.UNSPECIFIED.,.F.,.F.,
  (2,2),(-8.25,-7.45),.PIECEWISE_BEZIER_KNOTS.);
#767 = CARTESIAN_POINT('',(1.,0.8));
#768 = CARTESIAN_POINT('',(1.,0.));
#769 = ( GEOMETRIC_REPRESENTATION_CONTEXT(2) 
PARAMETRIC_REPRESENTATION_CONTEXT() REPRESENTATION_CONTEXT('2D SPACE',''
  ) );
#770 = ORIENTED_EDGE('',*,*,#771,.F.);
#771 = EDGE_CURVE('',#772,#746,#774,.T.);
#772 = VERTEX_POINT('',#773);
#773 = CARTESIAN_POINT('',(-5.2356947963,15.7,-7.771561172376E-16));
#774 = SURFACE_CURVE('',#775,(#779,#786),.PCURVE_S1.);
#775 = LINE('',#776,#777);
#776 = CARTESIAN_POINT('',(-5.300235843809,15.7,0.));
#777 = VECTOR('',#778,1.);
#778 = DIRECTION('',(1.,0.,0.));
#779 = PCURVE('',#298,#780);
#780 = DEFINITIONAL_REPRESENTATION('',(#781),#785);
#781 = LINE('',#782,#783);
#782 = CARTESIAN_POINT('',(-5.300235843809,15.7));
#783 = VECTOR('',#784,1.);
#784 = DIRECTION('',(1.,0.));
#785 = ( GEOMETRIC_REPRESENTATION_CONTEXT(2) 
PARAMETRIC_REPRESENTATION_CONTEXT() REPRESENTATION_CONTEXT('2D SPACE',''
  ) );
#786 = PCURVE('',#787,#792);
#787 = PLANE('',#788);
#788 = AXIS2_PLACEMENT_3D('',#789,#790,#791);
#789 = CARTESIAN_POINT('',(-5.300235843809,15.9,0.2));
#790 = DIRECTION('',(3.474993633276E-18,-0.707106781187,0.707106781187)
  );
#791 = DIRECTION('',(1.,2.457191562669E-18,-2.457191562669E-18));
#792 = DEFINITIONAL_REPRESENTATION('',(#793),#797);
#793 = LINE('',#794,#795);
#794 = CARTESIAN_POINT('',(0.,-0.282842712475));
#795 = VECTOR('',#796,1.);
#796 = DIRECTION('',(1.,0.));
#797 = ( GEOMETRIC_REPRESENTATION_CONTEXT(2) 
PARAMETRIC_REPRESENTATION_CONTEXT() REPRESENTATION_CONTEXT('2D SPACE',''
  ) );
#798 = ORIENTED_EDGE('',*,*,#799,.T.);
#799 = EDGE_CURVE('',#772,#482,#800,.T.);
#800 = SURFACE_CURVE('',#801,(#806,#813),.PCURVE_S1.);
#801 = CIRCLE('',#802,16.55);
#802 = AXIS2_PLACEMENT_3D('',#803,#804,#805);
#803 = CARTESIAN_POINT('',(0.,0.,0.));
#804 = DIRECTION('',(0.,0.,1.));
#805 = DIRECTION('',(-0.312698279871,0.949852507375,0.));
#806 = PCURVE('',#298,#807);
#807 = DEFINITIONAL_REPRESENTATION('',(#808),#812);
#808 = CIRCLE('',#809,16.55);
#809 = AXIS2_PLACEMENT_2D('',#810,#811);
#810 = CARTESIAN_POINT('',(1.29079894517E-15,-1.244272976237E-15));
#811 = DIRECTION('',(-0.312698279871,0.949852507375));
#812 = ( GEOMETRIC_REPRESENTATION_CONTEXT(2) 
PARAMETRIC_REPRESENTATION_CONTEXT() REPRESENTATION_CONTEXT('2D SPACE',''
  ) );
#813 = PCURVE('',#498,#814);
#814 = DEFINITIONAL_REPRESENTATION('',(#815),#819);
#815 = LINE('',#816,#817);
#816 = CARTESIAN_POINT('',(0.,-0.4));
#817 = VECTOR('',#818,1.);
#818 = DIRECTION('',(1.,0.));
#819 = ( GEOMETRIC_REPRESENTATION_CONTEXT(2) 
PARAMETRIC_REPRESENTATION_CONTEXT() REPRESENTATION_CONTEXT('2D SPACE',''
  ) );
#820 = FACE_BOUND('',#821,.F.);
#821 = EDGE_LOOP('',(#822));
#822 = ORIENTED_EDGE('',*,*,#823,.F.);
#823 = EDGE_CURVE('',#824,#824,#826,.T.);
#824 = VERTEX_POINT('',#825);
#825 = CARTESIAN_POINT('',(1.7,-4.163799117101E-16,0.));
#826 = SURFACE_CURVE('',#827,(#832,#839),.PCURVE_S1.);
#827 = CIRCLE('',#828,1.7);
#828 = AXIS2_PLACEMENT_3D('',#829,#830,#831);
#829 = CARTESIAN_POINT('',(0.,0.,0.));
#830 = DIRECTION('',(0.,0.,1.));
#831 = DIRECTION('',(1.,0.,-0.));
#832 = PCURVE('',#298,#833);
#833 = DEFINITIONAL_REPRESENTATION('',(#834),#838);
#834 = CIRCLE('',#835,1.7);
#835 = AXIS2_PLACEMENT_2D('',#836,#837);
#836 = CARTESIAN_POINT('',(1.29079894517E-15,-1.244272976237E-15));
#837 = DIRECTION('',(1.,0.));
#838 = ( GEOMETRIC_REPRESENTATION_CONTEXT(2) 
PARAMETRIC_REPRESENTATION_CONTEXT() REPRESENTATION_CONTEXT('2D SPACE',''
  ) );
#839 = PCURVE('',#840,#845);
#840 = CYLINDRICAL_SURFACE('',#841,1.7);
#841 = AXIS2_PLACEMENT_3D('',#842,#843,#844);
#842 = CARTESIAN_POINT('',(0.,0.,-1.));
#843 = DIRECTION('',(0.,0.,1.));
#844 = DIRECTION('',(1.,0.,-0.));
#845 = DEFINITIONAL_REPRESENTATION('',(#846),#850);
#846 = LINE('',#847,#848);
#847 = CARTESIAN_POINT('',(0.,1.));
#848 = VECTOR('',#849,1.);
#849 = DIRECTION('',(1.,0.));
#850 = ( GEOMETRIC_REPRESENTATION_CONTEXT(2) 
PARAMETRIC_REPRESENTATION_CONTEXT() REPRESENTATION_CONTEXT('2D SPACE',''
  ) );
#851 = ADVANCED_FACE('',(#852),#271,.F.);
#852 = FACE_BOUND('',#853,.F.);
#853 = EDGE_LOOP('',(#854,#873,#874,#875));
#854 = ORIENTED_EDGE('',*,*,#855,.T.);
#855 = EDGE_CURVE('',#409,#676,#856,.T.);
#856 = SURFACE_CURVE('',#857,(#861,#867),.PCURVE_S1.);
#857 = LINE('',#858,#859);
#858 = CARTESIAN_POINT('',(1.5,15.35,-0.35));
#859 = VECTOR('',#860,1.);
#860 = DIRECTION('',(-7.850462293419E-17,-0.707106781187,-0.707106781187
    ));
#861 = PCURVE('',#271,#862);
#862 = DEFINITIONAL_REPRESENTATION('',(#863),#866);
#863 = B_SPLINE_CURVE_WITH_KNOTS('',1,(#864,#865),.UNSPECIFIED.,.F.,.F.,
  (2,2),(-1.06066017178,-0.49497474683),.PIECEWISE_BEZIER_KNOTS.);
#864 = CARTESIAN_POINT('',(6.800235843809,0.282842712475));
#865 = CARTESIAN_POINT('',(6.800235843809,-0.282842712475));
#866 = ( GEOMETRIC_REPRESENTATION_CONTEXT(2) 
PARAMETRIC_REPRESENTATION_CONTEXT() REPRESENTATION_CONTEXT('2D SPACE',''
  ) );
#867 = PCURVE('',#446,#868);
#868 = DEFINITIONAL_REPRESENTATION('',(#869),#872);
#869 = B_SPLINE_CURVE_WITH_KNOTS('',1,(#870,#871),.UNSPECIFIED.,.F.,.F.,
  (2,2),(-1.06066017178,-0.49497474683),.PIECEWISE_BEZIER_KNOTS.);
#870 = CARTESIAN_POINT('',(1.4,1.2));
#871 = CARTESIAN_POINT('',(1.,0.8));
#872 = ( GEOMETRIC_REPRESENTATION_CONTEXT(2) 
PARAMETRIC_REPRESENTATION_CONTEXT() REPRESENTATION_CONTEXT('2D SPACE',''
  ) );
#873 = ORIENTED_EDGE('',*,*,#675,.T.);
#874 = ORIENTED_EDGE('',*,*,#251,.F.);
#875 = ORIENTED_EDGE('',*,*,#408,.F.);
#876 = ADVANCED_FACE('',(#877),#333,.T.);
#877 = FACE_BOUND('',#878,.F.);
#878 = EDGE_LOOP('',(#879,#900,#901,#902));
#879 = ORIENTED_EDGE('',*,*,#880,.T.);
#880 = EDGE_CURVE('',#881,#432,#883,.T.);
#881 = VERTEX_POINT('',#882);
#882 = CARTESIAN_POINT('',(1.5,15.6,6.));
#883 = SURFACE_CURVE('',#884,(#888,#894),.PCURVE_S1.);
#884 = LINE('',#885,#886);
#885 = CARTESIAN_POINT('',(1.5,17.3,4.3));
#886 = VECTOR('',#887,1.);
#887 = DIRECTION('',(7.850462293419E-17,0.707106781187,-0.707106781187)
  );
#888 = PCURVE('',#333,#889);
#889 = DEFINITIONAL_REPRESENTATION('',(#890),#893);
#890 = B_SPLINE_CURVE_WITH_KNOTS('',1,(#891,#892),.UNSPECIFIED.,.F.,.F.,
  (2,2),(-2.404163056034,-1.697056274848),.PIECEWISE_BEZIER_KNOTS.);
#891 = CARTESIAN_POINT('',(-6.800235843809,0.353553390593));
#892 = CARTESIAN_POINT('',(-6.800235843809,-0.353553390593));
#893 = ( GEOMETRIC_REPRESENTATION_CONTEXT(2) 
PARAMETRIC_REPRESENTATION_CONTEXT() REPRESENTATION_CONTEXT('2D SPACE',''
  ) );
#894 = PCURVE('',#446,#895);
#895 = DEFINITIONAL_REPRESENTATION('',(#896),#899);
#896 = B_SPLINE_CURVE_WITH_KNOTS('',1,(#897,#898),.UNSPECIFIED.,.F.,.F.,
  (2,2),(-2.404163056034,-1.697056274848),.PIECEWISE_BEZIER_KNOTS.);
#897 = CARTESIAN_POINT('',(7.,0.7));
#898 = CARTESIAN_POINT('',(6.5,1.2));
#899 = ( GEOMETRIC_REPRESENTATION_CONTEXT(2) 
PARAMETRIC_REPRESENTATION_CONTEXT() REPRESENTATION_CONTEXT('2D SPACE',''
  ) );
#900 = ORIENTED_EDGE('',*,*,#457,.T.);
#901 = ORIENTED_EDGE('',*,*,#313,.T.);
#902 = ORIENTED_EDGE('',*,*,#903,.F.);
#903 = EDGE_CURVE('',#881,#314,#904,.T.);
#904 = SURFACE_CURVE('',#905,(#909,#916),.PCURVE_S1.);
#905 = LINE('',#906,#907);
#906 = CARTESIAN_POINT('',(-5.300235843809,15.6,6.));
#907 = VECTOR('',#908,1.);
#908 = DIRECTION('',(1.,0.,0.));
#909 = PCURVE('',#333,#910);
#910 = DEFINITIONAL_REPRESENTATION('',(#911),#915);
#911 = LINE('',#912,#913);
#912 = CARTESIAN_POINT('',(-0.,0.353553390593));
#913 = VECTOR('',#914,1.);
#914 = DIRECTION('',(-1.,0.));
#915 = ( GEOMETRIC_REPRESENTATION_CONTEXT(2) 
PARAMETRIC_REPRESENTATION_CONTEXT() REPRESENTATION_CONTEXT('2D SPACE',''
  ) );
#916 = PCURVE('',#388,#917);
#917 = DEFINITIONAL_REPRESENTATION('',(#918),#922);
#918 = LINE('',#919,#920);
#919 = CARTESIAN_POINT('',(-5.300235843809,15.6));
#920 = VECTOR('',#921,1.);
#921 = DIRECTION('',(1.,0.));
#922 = ( GEOMETRIC_REPRESENTATION_CONTEXT(2) 
PARAMETRIC_REPRESENTATION_CONTEXT() REPRESENTATION_CONTEXT('2D SPACE',''
  ) );
#923 = ADVANCED_FACE('',(#924,#1042,#1122),#388,.T.);
#924 = FACE_BOUND('',#925,.T.);
#925 = EDGE_LOOP('',(#926,#950,#951,#952,#953,#974,#995,#1016));
#926 = ORIENTED_EDGE('',*,*,#927,.T.);
#927 = EDGE_CURVE('',#928,#540,#930,.T.);
#928 = VERTEX_POINT('',#929);
#929 = CARTESIAN_POINT('',(-5.219434835305,15.6,6.));
#930 = SURFACE_CURVE('',#931,(#936,#943),.PCURVE_S1.);
#931 = CIRCLE('',#932,16.45);
#932 = AXIS2_PLACEMENT_3D('',#933,#934,#935);
#933 = CARTESIAN_POINT('',(0.,0.,6.));
#934 = DIRECTION('',(0.,0.,1.));
#935 = DIRECTION('',(-0.312698279871,0.949852507375,0.));
#936 = PCURVE('',#388,#937);
#937 = DEFINITIONAL_REPRESENTATION('',(#938),#942);
#938 = CIRCLE('',#939,16.45);
#939 = AXIS2_PLACEMENT_2D('',#940,#941);
#940 = CARTESIAN_POINT('',(1.29079894517E-15,-1.244272976237E-15));
#941 = DIRECTION('',(-0.312698279871,0.949852507375));
#942 = ( GEOMETRIC_REPRESENTATION_CONTEXT(2) 
PARAMETRIC_REPRESENTATION_CONTEXT() REPRESENTATION_CONTEXT('2D SPACE',''
  ) );
#943 = PCURVE('',#556,#944);
#944 = DEFINITIONAL_REPRESENTATION('',(#945),#949);
#945 = LINE('',#946,#947);
#946 = CARTESIAN_POINT('',(-0.,-0.5));
#947 = VECTOR('',#948,1.);
#948 = DIRECTION('',(-1.,-0.));
#949 = ( GEOMETRIC_REPRESENTATION_CONTEXT(2) 
PARAMETRIC_REPRESENTATION_CONTEXT() REPRESENTATION_CONTEXT('2D SPACE',''
  ) );
#950 = ORIENTED_EDGE('',*,*,#571,.T.);
#951 = ORIENTED_EDGE('',*,*,#373,.F.);
#952 = ORIENTED_EDGE('',*,*,#903,.F.);
#953 = ORIENTED_EDGE('',*,*,#954,.T.);
#954 = EDGE_CURVE('',#881,#955,#957,.T.);
#955 = VERTEX_POINT('',#956);
#956 = CARTESIAN_POINT('',(1.5,14.9,6.));
#957 = SURFACE_CURVE('',#958,(#962,#968),.PCURVE_S1.);
#958 = LINE('',#959,#960);
#959 = CARTESIAN_POINT('',(1.5,7.45,6.));
#960 = VECTOR('',#961,1.);
#961 = DIRECTION('',(-1.110223024625E-16,-1.,0.));
#962 = PCURVE('',#388,#963);
#963 = DEFINITIONAL_REPRESENTATION('',(#964),#967);
#964 = B_SPLINE_CURVE_WITH_KNOTS('',1,(#965,#966),.UNSPECIFIED.,.F.,.F.,
  (2,2),(-8.15,-7.45),.PIECEWISE_BEZIER_KNOTS.);
#965 = CARTESIAN_POINT('',(1.5,15.6));
#966 = CARTESIAN_POINT('',(1.5,14.9));
#967 = ( GEOMETRIC_REPRESENTATION_CONTEXT(2) 
PARAMETRIC_REPRESENTATION_CONTEXT() REPRESENTATION_CONTEXT('2D SPACE',''
  ) );
#968 = PCURVE('',#446,#969);
#969 = DEFINITIONAL_REPRESENTATION('',(#970),#973);
#970 = B_SPLINE_CURVE_WITH_KNOTS('',1,(#971,#972),.UNSPECIFIED.,.F.,.F.,
  (2,2),(-8.15,-7.45),.PIECEWISE_BEZIER_KNOTS.);
#971 = CARTESIAN_POINT('',(7.,0.7));
#972 = CARTESIAN_POINT('',(7.,0.));
#973 = ( GEOMETRIC_REPRESENTATION_CONTEXT(2) 
PARAMETRIC_REPRESENTATION_CONTEXT() REPRESENTATION_CONTEXT('2D SPACE',''
  ) );
#974 = ORIENTED_EDGE('',*,*,#975,.T.);
#975 = EDGE_CURVE('',#955,#976,#978,.T.);
#976 = VERTEX_POINT('',#977);
#977 = CARTESIAN_POINT('',(-1.5,14.9,6.));
#978 = SURFACE_CURVE('',#979,(#983,#989),.PCURVE_S1.);
#979 = LINE('',#980,#981);
#980 = CARTESIAN_POINT('',(0.75,14.9,6.));
#981 = VECTOR('',#982,1.);
#982 = DIRECTION('',(-1.,1.110223024625E-16,0.));
#983 = PCURVE('',#388,#984);
#984 = DEFINITIONAL_REPRESENTATION('',(#985),#988);
#985 = B_SPLINE_CURVE_WITH_KNOTS('',1,(#986,#987),.UNSPECIFIED.,.F.,.F.,
  (2,2),(-0.75,2.25),.PIECEWISE_BEZIER_KNOTS.);
#986 = CARTESIAN_POINT('',(1.5,14.9));
#987 = CARTESIAN_POINT('',(-1.5,14.9));
#988 = ( GEOMETRIC_REPRESENTATION_CONTEXT(2) 
PARAMETRIC_REPRESENTATION_CONTEXT() REPRESENTATION_CONTEXT('2D SPACE',''
  ) );
#989 = PCURVE('',#734,#990);
#990 = DEFINITIONAL_REPRESENTATION('',(#991),#994);
#991 = B_SPLINE_CURVE_WITH_KNOTS('',1,(#992,#993),.UNSPECIFIED.,.F.,.F.,
  (2,2),(-0.75,2.25),.PIECEWISE_BEZIER_KNOTS.);
#992 = CARTESIAN_POINT('',(7.,0.));
#993 = CARTESIAN_POINT('',(7.,-3.));
#994 = ( GEOMETRIC_REPRESENTATION_CONTEXT(2) 
PARAMETRIC_REPRESENTATION_CONTEXT() REPRESENTATION_CONTEXT('2D SPACE',''
  ) );
#995 = ORIENTED_EDGE('',*,*,#996,.F.);
#996 = EDGE_CURVE('',#997,#976,#999,.T.);
#997 = VERTEX_POINT('',#998);
#998 = CARTESIAN_POINT('',(-1.5,15.6,6.));
#999 = SURFACE_CURVE('',#1000,(#1004,#1010),.PCURVE_S1.);
#1000 = LINE('',#1001,#1002);
#1001 = CARTESIAN_POINT('',(-1.5,7.45,6.));
#1002 = VECTOR('',#1003,1.);
#1003 = DIRECTION('',(-1.110223024625E-16,-1.,0.));
#1004 = PCURVE('',#388,#1005);
#1005 = DEFINITIONAL_REPRESENTATION('',(#1006),#1009);
#1006 = B_SPLINE_CURVE_WITH_KNOTS('',1,(#1007,#1008),.UNSPECIFIED.,.F.,
  .F.,(2,2),(-8.15,-7.45),.PIECEWISE_BEZIER_KNOTS.);
#1007 = CARTESIAN_POINT('',(-1.5,15.6));
#1008 = CARTESIAN_POINT('',(-1.5,14.9));
#1009 = ( GEOMETRIC_REPRESENTATION_CONTEXT(2) 
PARAMETRIC_REPRESENTATION_CONTEXT() REPRESENTATION_CONTEXT('2D SPACE',''
  ) );
#1010 = PCURVE('',#760,#1011);
#1011 = DEFINITIONAL_REPRESENTATION('',(#1012),#1015);
#1012 = B_SPLINE_CURVE_WITH_KNOTS('',1,(#1013,#1014),.UNSPECIFIED.,.F.,
  .F.,(2,2),(-8.15,-7.45),.PIECEWISE_BEZIER_KNOTS.);
#1013 = CARTESIAN_POINT('',(7.,0.7));
#1014 = CARTESIAN_POINT('',(7.,0.));
#1015 = ( GEOMETRIC_REPRESENTATION_CONTEXT(2) 
PARAMETRIC_REPRESENTATION_CONTEXT() REPRESENTATION_CONTEXT('2D SPACE',''
  ) );
#1016 = ORIENTED_EDGE('',*,*,#1017,.F.);
#1017 = EDGE_CURVE('',#928,#997,#1018,.T.);
#1018 = SURFACE_CURVE('',#1019,(#1023,#1030),.PCURVE_S1.);
#1019 = LINE('',#1020,#1021);
#1020 = CARTESIAN_POINT('',(-5.300235843809,15.6,6.));
#1021 = VECTOR('',#1022,1.);
#1022 = DIRECTION('',(1.,0.,0.));
#1023 = PCURVE('',#388,#1024);
#1024 = DEFINITIONAL_REPRESENTATION('',(#1025),#1029);
#1025 = LINE('',#1026,#1027);
#1026 = CARTESIAN_POINT('',(-5.300235843809,15.6));
#1027 = VECTOR('',#1028,1.);
#1028 = DIRECTION('',(1.,0.));
#1029 = ( GEOMETRIC_REPRESENTATION_CONTEXT(2) 
PARAMETRIC_REPRESENTATION_CONTEXT() REPRESENTATION_CONTEXT('2D SPACE',''
  ) );
#1030 = PCURVE('',#1031,#1036);
#1031 = PLANE('',#1032);
#1032 = AXIS2_PLACEMENT_3D('',#1033,#1034,#1035);
#1033 = CARTESIAN_POINT('',(-5.300235843809,15.85,5.75));
#1034 = DIRECTION('',(0.,0.707106781187,0.707106781187));
#1035 = DIRECTION('',(-1.,-0.,0.));
#1036 = DEFINITIONAL_REPRESENTATION('',(#1037),#1041);
#1037 = LINE('',#1038,#1039);
#1038 = CARTESIAN_POINT('',(-0.,0.353553390593));
#1039 = VECTOR('',#1040,1.);
#1040 = DIRECTION('',(-1.,0.));
#1041 = ( GEOMETRIC_REPRESENTATION_CONTEXT(2) 
PARAMETRIC_REPRESENTATION_CONTEXT() REPRESENTATION_CONTEXT('2D SPACE',''
  ) );
#1042 = FACE_BOUND('',#1043,.T.);
#1043 = EDGE_LOOP('',(#1044,#1072,#1098));
#1044 = ORIENTED_EDGE('',*,*,#1045,.T.);
#1045 = EDGE_CURVE('',#1046,#1048,#1050,.T.);
#1046 = VERTEX_POINT('',#1047);
#1047 = CARTESIAN_POINT('',(-1.873709602695E-15,-15.3,6.));
#1048 = VERTEX_POINT('',#1049);
#1049 = CARTESIAN_POINT('',(-1.,-14.3,6.));
#1050 = SURFACE_CURVE('',#1051,(#1055,#1061),.PCURVE_S1.);
#1051 = LINE('',#1052,#1053);
#1052 = CARTESIAN_POINT('',(-4.325,-10.975,6.));
#1053 = VECTOR('',#1054,1.);
#1054 = DIRECTION('',(-0.707106781187,0.707106781187,0.));
#1055 = PCURVE('',#388,#1056);
#1056 = DEFINITIONAL_REPRESENTATION('',(#1057),#1060);
#1057 = B_SPLINE_CURVE_WITH_KNOTS('',1,(#1058,#1059),.UNSPECIFIED.,.F.,
  .F.,(2,2),(-6.116473657264,-4.702260094891),.PIECEWISE_BEZIER_KNOTS.);
#1058 = CARTESIAN_POINT('',(-1.7763568394E-15,-15.3));
#1059 = CARTESIAN_POINT('',(-1.,-14.3));
#1060 = ( GEOMETRIC_REPRESENTATION_CONTEXT(2) 
PARAMETRIC_REPRESENTATION_CONTEXT() REPRESENTATION_CONTEXT('2D SPACE',''
  ) );
#1061 = PCURVE('',#1062,#1067);
#1062 = PLANE('',#1063);
#1063 = AXIS2_PLACEMENT_3D('',#1064,#1065,#1066);
#1064 = CARTESIAN_POINT('',(-1.,-14.3,5.6));
#1065 = DIRECTION('',(0.707106781187,0.707106781187,0.));
#1066 = DIRECTION('',(0.707106781187,-0.707106781187,0.));
#1067 = DEFINITIONAL_REPRESENTATION('',(#1068),#1071);
#1068 = B_SPLINE_CURVE_WITH_KNOTS('',1,(#1069,#1070),.UNSPECIFIED.,.F.,
  .F.,(2,2),(-6.116473657264,-4.702260094891),.PIECEWISE_BEZIER_KNOTS.);
#1069 = CARTESIAN_POINT('',(1.414213562373,-0.4));
#1070 = CARTESIAN_POINT('',(0.,-0.4));
#1071 = ( GEOMETRIC_REPRESENTATION_CONTEXT(2) 
PARAMETRIC_REPRESENTATION_CONTEXT() REPRESENTATION_CONTEXT('2D SPACE',''
  ) );
#1072 = ORIENTED_EDGE('',*,*,#1073,.T.);
#1073 = EDGE_CURVE('',#1048,#1074,#1076,.T.);
#1074 = VERTEX_POINT('',#1075);
#1075 = CARTESIAN_POINT('',(1.,-14.3,6.));
#1076 = SURFACE_CURVE('',#1077,(#1081,#1087),.PCURVE_S1.);
#1077 = LINE('',#1078,#1079);
#1078 = CARTESIAN_POINT('',(0.5,-14.3,6.));
#1079 = VECTOR('',#1080,1.);
#1080 = DIRECTION('',(1.,-1.224646799147E-16,0.));
#1081 = PCURVE('',#388,#1082);
#1082 = DEFINITIONAL_REPRESENTATION('',(#1083),#1086);
#1083 = B_SPLINE_CURVE_WITH_KNOTS('',1,(#1084,#1085),.UNSPECIFIED.,.F.,
  .F.,(2,2),(-1.5,0.5),.PIECEWISE_BEZIER_KNOTS.);
#1084 = CARTESIAN_POINT('',(-1.,-14.3));
#1085 = CARTESIAN_POINT('',(1.,-14.3));
#1086 = ( GEOMETRIC_REPRESENTATION_CONTEXT(2) 
PARAMETRIC_REPRESENTATION_CONTEXT() REPRESENTATION_CONTEXT('2D SPACE',''
  ) );
#1087 = PCURVE('',#1088,#1093);
#1088 = PLANE('',#1089);
#1089 = AXIS2_PLACEMENT_3D('',#1090,#1091,#1092);
#1090 = CARTESIAN_POINT('',(1.,-14.3,5.6));
#1091 = DIRECTION('',(-1.224646799147E-16,-1.,0.));
#1092 = DIRECTION('',(-1.,1.224646799147E-16,0.));
#1093 = DEFINITIONAL_REPRESENTATION('',(#1094),#1097);
#1094 = B_SPLINE_CURVE_WITH_KNOTS('',1,(#1095,#1096),.UNSPECIFIED.,.F.,
  .F.,(2,2),(-1.5,0.5),.PIECEWISE_BEZIER_KNOTS.);
#1095 = CARTESIAN_POINT('',(2.,-0.4));
#1096 = CARTESIAN_POINT('',(0.,-0.4));
#1097 = ( GEOMETRIC_REPRESENTATION_CONTEXT(2) 
PARAMETRIC_REPRESENTATION_CONTEXT() REPRESENTATION_CONTEXT('2D SPACE',''
  ) );
#1098 = ORIENTED_EDGE('',*,*,#1099,.T.);
#1099 = EDGE_CURVE('',#1074,#1046,#1100,.T.);
#1100 = SURFACE_CURVE('',#1101,(#1105,#1111),.PCURVE_S1.);
#1101 = LINE('',#1102,#1103);
#1102 = CARTESIAN_POINT('',(3.825,-11.475,6.));
#1103 = VECTOR('',#1104,1.);
#1104 = DIRECTION('',(-0.707106781187,-0.707106781187,0.));
#1105 = PCURVE('',#388,#1106);
#1106 = DEFINITIONAL_REPRESENTATION('',(#1107),#1110);
#1107 = B_SPLINE_CURVE_WITH_KNOTS('',1,(#1108,#1109),.UNSPECIFIED.,.F.,
  .F.,(2,2),(3.995153313704,5.409366876077),.PIECEWISE_BEZIER_KNOTS.);
#1108 = CARTESIAN_POINT('',(1.,-14.3));
#1109 = CARTESIAN_POINT('',(-4.440892098501E-16,-15.3));
#1110 = ( GEOMETRIC_REPRESENTATION_CONTEXT(2) 
PARAMETRIC_REPRESENTATION_CONTEXT() REPRESENTATION_CONTEXT('2D SPACE',''
  ) );
#1111 = PCURVE('',#1112,#1117);
#1112 = PLANE('',#1113);
#1113 = AXIS2_PLACEMENT_3D('',#1114,#1115,#1116);
#1114 = CARTESIAN_POINT('',(-1.873709602695E-15,-15.3,5.6));
#1115 = DIRECTION('',(-0.707106781187,0.707106781187,0.));
#1116 = DIRECTION('',(0.707106781187,0.707106781187,0.));
#1117 = DEFINITIONAL_REPRESENTATION('',(#1118),#1121);
#1118 = B_SPLINE_CURVE_WITH_KNOTS('',1,(#1119,#1120),.UNSPECIFIED.,.F.,
  .F.,(2,2),(3.995153313704,5.409366876077),.PIECEWISE_BEZIER_KNOTS.);
#1119 = CARTESIAN_POINT('',(1.414213562373,-0.4));
#1120 = CARTESIAN_POINT('',(0.,-0.4));
#1121 = ( GEOMETRIC_REPRESENTATION_CONTEXT(2) 
PARAMETRIC_REPRESENTATION_CONTEXT() REPRESENTATION_CONTEXT('2D SPACE',''
  ) );
#1122 = FACE_BOUND('',#1123,.T.);
#1123 = EDGE_LOOP('',(#1124,#1152,#1185,#1212,#1244,#1270,#1299,#1326));
#1124 = ORIENTED_EDGE('',*,*,#1125,.T.);
#1125 = EDGE_CURVE('',#1126,#1128,#1130,.T.);
#1126 = VERTEX_POINT('',#1127);
#1127 = CARTESIAN_POINT('',(5.5,12.656618821786,6.));
#1128 = VERTEX_POINT('',#1129);
#1129 = CARTESIAN_POINT('',(5.5,10.88990358084,6.));
#1130 = SURFACE_CURVE('',#1131,(#1135,#1141),.PCURVE_S1.);
#1131 = LINE('',#1132,#1133);
#1132 = CARTESIAN_POINT('',(5.5,-7.4,6.));
#1133 = VECTOR('',#1134,1.);
#1134 = DIRECTION('',(0.,-1.,0.));
#1135 = PCURVE('',#388,#1136);
#1136 = DEFINITIONAL_REPRESENTATION('',(#1137),#1140);
#1137 = B_SPLINE_CURVE_WITH_KNOTS('',1,(#1138,#1139),.UNSPECIFIED.,.F.,
  .F.,(2,2),(-20.05661882178,5.256618821787),.PIECEWISE_BEZIER_KNOTS.);
#1138 = CARTESIAN_POINT('',(5.5,12.656618821787));
#1139 = CARTESIAN_POINT('',(5.5,-12.65661882178));
#1140 = ( GEOMETRIC_REPRESENTATION_CONTEXT(2) 
PARAMETRIC_REPRESENTATION_CONTEXT() REPRESENTATION_CONTEXT('2D SPACE',''
  ) );
#1141 = PCURVE('',#1142,#1147);
#1142 = PLANE('',#1143);
#1143 = AXIS2_PLACEMENT_3D('',#1144,#1145,#1146);
#1144 = CARTESIAN_POINT('',(5.5,-14.8,2.4));
#1145 = DIRECTION('',(-1.,0.,0.));
#1146 = DIRECTION('',(0.,1.,0.));
#1147 = DEFINITIONAL_REPRESENTATION('',(#1148),#1151);
#1148 = B_SPLINE_CURVE_WITH_KNOTS('',1,(#1149,#1150),.UNSPECIFIED.,.F.,
  .F.,(2,2),(-20.05661882178,5.256618821787),.PIECEWISE_BEZIER_KNOTS.);
#1149 = CARTESIAN_POINT('',(27.456618821787,-3.6));
#1150 = CARTESIAN_POINT('',(2.143381178213,-3.6));
#1151 = ( GEOMETRIC_REPRESENTATION_CONTEXT(2) 
PARAMETRIC_REPRESENTATION_CONTEXT() REPRESENTATION_CONTEXT('2D SPACE',''
  ) );
#1152 = ORIENTED_EDGE('',*,*,#1153,.T.);
#1153 = EDGE_CURVE('',#1128,#1154,#1156,.T.);
#1154 = VERTEX_POINT('',#1155);
#1155 = CARTESIAN_POINT('',(5.5,-10.88990358084,6.));
#1156 = SURFACE_CURVE('',#1157,(#1162,#1173),.PCURVE_S1.);
#1157 = CIRCLE('',#1158,12.2);
#1158 = AXIS2_PLACEMENT_3D('',#1159,#1160,#1161);
#1159 = CARTESIAN_POINT('',(0.,0.,6.));
#1160 = DIRECTION('',(0.,0.,-1.));
#1161 = DIRECTION('',(0.450819672131,0.89261504761,0.));
#1162 = PCURVE('',#388,#1163);
#1163 = DEFINITIONAL_REPRESENTATION('',(#1164),#1172);
#1164 = ( BOUNDED_CURVE() B_SPLINE_CURVE(2,(#1165,#1166,#1167,#1168,
#1169,#1170,#1171),.UNSPECIFIED.,.T.,.F.) B_SPLINE_CURVE_WITH_KNOTS((1,2
    ,2,2,2,1),(-2.094395102393,0.,2.094395102393,4.188790204786,
6.28318530718,8.377580409573),.UNSPECIFIED.) CURVE() 
GEOMETRIC_REPRESENTATION_ITEM() RATIONAL_B_SPLINE_CURVE((1.,0.5,1.,0.5,
1.,0.5,1.)) REPRESENTATION_ITEM('') );
#1165 = CARTESIAN_POINT('',(5.5,10.88990358084));
#1166 = CARTESIAN_POINT('',(24.361866291542,1.363624139212));
#1167 = CARTESIAN_POINT('',(6.680933145771,-10.20809151123));
#1168 = CARTESIAN_POINT('',(-11.,-21.77980716168));
#1169 = CARTESIAN_POINT('',(-12.18093314577,-0.681812069606));
#1170 = CARTESIAN_POINT('',(-13.36186629154,20.416183022469));
#1171 = CARTESIAN_POINT('',(5.5,10.88990358084));
#1172 = ( GEOMETRIC_REPRESENTATION_CONTEXT(2) 
PARAMETRIC_REPRESENTATION_CONTEXT() REPRESENTATION_CONTEXT('2D SPACE',''
  ) );
#1173 = PCURVE('',#1174,#1179);
#1174 = CONICAL_SURFACE('',#1175,11.7,0.785398163397);
#1175 = AXIS2_PLACEMENT_3D('',#1176,#1177,#1178);
#1176 = CARTESIAN_POINT('',(0.,0.,5.5));
#1177 = DIRECTION('',(0.,0.,1.));
#1178 = DIRECTION('',(1.,0.,-0.));
#1179 = DEFINITIONAL_REPRESENTATION('',(#1180),#1184);
#1180 = LINE('',#1181,#1182);
#1181 = CARTESIAN_POINT('',(7.386298225865,0.5));
#1182 = VECTOR('',#1183,1.);
#1183 = DIRECTION('',(-1.,-0.));
#1184 = ( GEOMETRIC_REPRESENTATION_CONTEXT(2) 
PARAMETRIC_REPRESENTATION_CONTEXT() REPRESENTATION_CONTEXT('2D SPACE',''
  ) );
#1185 = ORIENTED_EDGE('',*,*,#1186,.T.);
#1186 = EDGE_CURVE('',#1154,#1187,#1189,.T.);
#1187 = VERTEX_POINT('',#1188);
#1188 = CARTESIAN_POINT('',(5.5,-12.65661882178,6.));
#1189 = SURFACE_CURVE('',#1190,(#1194,#1200),.PCURVE_S1.);
#1190 = LINE('',#1191,#1192);
#1191 = CARTESIAN_POINT('',(5.5,-7.4,6.));
#1192 = VECTOR('',#1193,1.);
#1193 = DIRECTION('',(0.,-1.,0.));
#1194 = PCURVE('',#388,#1195);
#1195 = DEFINITIONAL_REPRESENTATION('',(#1196),#1199);
#1196 = B_SPLINE_CURVE_WITH_KNOTS('',1,(#1197,#1198),.UNSPECIFIED.,.F.,
  .F.,(2,2),(-20.05661882178,5.256618821787),.PIECEWISE_BEZIER_KNOTS.);
#1197 = CARTESIAN_POINT('',(5.5,12.656618821787));
#1198 = CARTESIAN_POINT('',(5.5,-12.65661882178));
#1199 = ( GEOMETRIC_REPRESENTATION_CONTEXT(2) 
PARAMETRIC_REPRESENTATION_CONTEXT() REPRESENTATION_CONTEXT('2D SPACE',''
  ) );
#1200 = PCURVE('',#1201,#1206);
#1201 = PLANE('',#1202);
#1202 = AXIS2_PLACEMENT_3D('',#1203,#1204,#1205);
#1203 = CARTESIAN_POINT('',(5.5,-14.8,2.4));
#1204 = DIRECTION('',(-1.,0.,0.));
#1205 = DIRECTION('',(0.,1.,0.));
#1206 = DEFINITIONAL_REPRESENTATION('',(#1207),#1211);
#1207 = LINE('',#1208,#1209);
#1208 = CARTESIAN_POINT('',(7.4,-3.6));
#1209 = VECTOR('',#1210,1.);
#1210 = DIRECTION('',(-1.,0.));
#1211 = ( GEOMETRIC_REPRESENTATION_CONTEXT(2) 
PARAMETRIC_REPRESENTATION_CONTEXT() REPRESENTATION_CONTEXT('2D SPACE',''
  ) );
#1212 = ORIENTED_EDGE('',*,*,#1213,.T.);
#1213 = EDGE_CURVE('',#1187,#1214,#1216,.T.);
#1214 = VERTEX_POINT('',#1215);
#1215 = CARTESIAN_POINT('',(-5.5,-12.65661882178,6.));
#1216 = SURFACE_CURVE('',#1217,(#1222,#1233),.PCURVE_S1.);
#1217 = CIRCLE('',#1218,13.8);
#1218 = AXIS2_PLACEMENT_3D('',#1219,#1220,#1221);
#1219 = CARTESIAN_POINT('',(0.,0.,6.));
#1220 = DIRECTION('',(0.,0.,-1.));
#1221 = DIRECTION('',(1.,0.,0.));
#1222 = PCURVE('',#388,#1223);
#1223 = DEFINITIONAL_REPRESENTATION('',(#1224),#1232);
#1224 = ( BOUNDED_CURVE() B_SPLINE_CURVE(2,(#1225,#1226,#1227,#1228,
#1229,#1230,#1231),.UNSPECIFIED.,.T.,.F.) B_SPLINE_CURVE_WITH_KNOTS((1,2
    ,2,2,2,1),(-2.094395102393,0.,2.094395102393,4.188790204786,
6.28318530718,8.377580409573),.UNSPECIFIED.) CURVE() 
GEOMETRIC_REPRESENTATION_ITEM() RATIONAL_B_SPLINE_CURVE((1.,0.5,1.,0.5,
1.,0.5,1.)) REPRESENTATION_ITEM('') );
#1225 = CARTESIAN_POINT('',(13.8,-1.244272976237E-15));
#1226 = CARTESIAN_POINT('',(13.8,-23.90230114445));
#1227 = CARTESIAN_POINT('',(-6.9,-11.95115057222));
#1228 = CARTESIAN_POINT('',(-27.6,-4.624298141883E-15));
#1229 = CARTESIAN_POINT('',(-6.9,11.951150572225));
#1230 = CARTESIAN_POINT('',(13.8,23.902301144451));
#1231 = CARTESIAN_POINT('',(13.8,-1.244272976237E-15));
#1232 = ( GEOMETRIC_REPRESENTATION_CONTEXT(2) 
PARAMETRIC_REPRESENTATION_CONTEXT() REPRESENTATION_CONTEXT('2D SPACE',''
  ) );
#1233 = PCURVE('',#1234,#1239);
#1234 = CYLINDRICAL_SURFACE('',#1235,13.8);
#1235 = AXIS2_PLACEMENT_3D('',#1236,#1237,#1238);
#1236 = CARTESIAN_POINT('',(0.,0.,2.4));
#1237 = DIRECTION('',(-0.,-0.,-1.));
#1238 = DIRECTION('',(1.,0.,0.));
#1239 = DEFINITIONAL_REPRESENTATION('',(#1240),#1243);
#1240 = B_SPLINE_CURVE_WITH_KNOTS('',1,(#1241,#1242),.UNSPECIFIED.,.F.,
  .F.,(2,2),(1.160860225173,1.980732428417),.PIECEWISE_BEZIER_KNOTS.);
#1241 = CARTESIAN_POINT('',(-11.40551038918,-3.6));
#1242 = CARTESIAN_POINT('',(-10.58563818594,-3.6));
#1243 = ( GEOMETRIC_REPRESENTATION_CONTEXT(2) 
PARAMETRIC_REPRESENTATION_CONTEXT() REPRESENTATION_CONTEXT('2D SPACE',''
  ) );
#1244 = ORIENTED_EDGE('',*,*,#1245,.T.);
#1245 = EDGE_CURVE('',#1214,#1246,#1248,.T.);
#1246 = VERTEX_POINT('',#1247);
#1247 = CARTESIAN_POINT('',(-5.5,-10.88990358084,6.));
#1248 = SURFACE_CURVE('',#1249,(#1253,#1259),.PCURVE_S1.);
#1249 = LINE('',#1250,#1251);
#1250 = CARTESIAN_POINT('',(-5.5,7.4,6.));
#1251 = VECTOR('',#1252,1.);
#1252 = DIRECTION('',(-0.,1.,0.));
#1253 = PCURVE('',#388,#1254);
#1254 = DEFINITIONAL_REPRESENTATION('',(#1255),#1258);
#1255 = B_SPLINE_CURVE_WITH_KNOTS('',1,(#1256,#1257),.UNSPECIFIED.,.F.,
  .F.,(2,2),(-20.05661882178,5.256618821787),.PIECEWISE_BEZIER_KNOTS.);
#1256 = CARTESIAN_POINT('',(-5.5,-12.65661882178));
#1257 = CARTESIAN_POINT('',(-5.5,12.656618821787));
#1258 = ( GEOMETRIC_REPRESENTATION_CONTEXT(2) 
PARAMETRIC_REPRESENTATION_CONTEXT() REPRESENTATION_CONTEXT('2D SPACE',''
  ) );
#1259 = PCURVE('',#1260,#1265);
#1260 = PLANE('',#1261);
#1261 = AXIS2_PLACEMENT_3D('',#1262,#1263,#1264);
#1262 = CARTESIAN_POINT('',(-5.5,14.8,2.4));
#1263 = DIRECTION('',(1.,0.,-0.));
#1264 = DIRECTION('',(0.,-1.,0.));
#1265 = DEFINITIONAL_REPRESENTATION('',(#1266),#1269);
#1266 = B_SPLINE_CURVE_WITH_KNOTS('',1,(#1267,#1268),.UNSPECIFIED.,.F.,
  .F.,(2,2),(-20.05661882178,5.256618821787),.PIECEWISE_BEZIER_KNOTS.);
#1267 = CARTESIAN_POINT('',(27.456618821787,-3.6));
#1268 = CARTESIAN_POINT('',(2.143381178213,-3.6));
#1269 = ( GEOMETRIC_REPRESENTATION_CONTEXT(2) 
PARAMETRIC_REPRESENTATION_CONTEXT() REPRESENTATION_CONTEXT('2D SPACE',''
  ) );
#1270 = ORIENTED_EDGE('',*,*,#1271,.F.);
#1271 = EDGE_CURVE('',#1272,#1246,#1274,.T.);
#1272 = VERTEX_POINT('',#1273);
#1273 = CARTESIAN_POINT('',(-5.5,10.88990358084,6.));
#1274 = SURFACE_CURVE('',#1275,(#1280,#1287),.PCURVE_S1.);
#1275 = CIRCLE('',#1276,12.2);
#1276 = AXIS2_PLACEMENT_3D('',#1277,#1278,#1279);
#1277 = CARTESIAN_POINT('',(0.,0.,6.));
#1278 = DIRECTION('',(0.,0.,1.));
#1279 = DIRECTION('',(1.,0.,-0.));
#1280 = PCURVE('',#388,#1281);
#1281 = DEFINITIONAL_REPRESENTATION('',(#1282),#1286);
#1282 = CIRCLE('',#1283,12.2);
#1283 = AXIS2_PLACEMENT_2D('',#1284,#1285);
#1284 = CARTESIAN_POINT('',(1.29079894517E-15,-1.244272976237E-15));
#1285 = DIRECTION('',(1.,0.));
#1286 = ( GEOMETRIC_REPRESENTATION_CONTEXT(2) 
PARAMETRIC_REPRESENTATION_CONTEXT() REPRESENTATION_CONTEXT('2D SPACE',''
  ) );
#1287 = PCURVE('',#1288,#1293);
#1288 = CONICAL_SURFACE('',#1289,11.7,0.785398163397);
#1289 = AXIS2_PLACEMENT_3D('',#1290,#1291,#1292);
#1290 = CARTESIAN_POINT('',(0.,0.,5.5));
#1291 = DIRECTION('',(0.,0.,1.));
#1292 = DIRECTION('',(1.,0.,-0.));
#1293 = DEFINITIONAL_REPRESENTATION('',(#1294),#1298);
#1294 = LINE('',#1295,#1296);
#1295 = CARTESIAN_POINT('',(0.,0.5));
#1296 = VECTOR('',#1297,1.);
#1297 = DIRECTION('',(1.,0.));
#1298 = ( GEOMETRIC_REPRESENTATION_CONTEXT(2) 
PARAMETRIC_REPRESENTATION_CONTEXT() REPRESENTATION_CONTEXT('2D SPACE',''
  ) );
#1299 = ORIENTED_EDGE('',*,*,#1300,.T.);
#1300 = EDGE_CURVE('',#1272,#1301,#1303,.T.);
#1301 = VERTEX_POINT('',#1302);
#1302 = CARTESIAN_POINT('',(-5.5,12.656618821786,6.));
#1303 = SURFACE_CURVE('',#1304,(#1308,#1314),.PCURVE_S1.);
#1304 = LINE('',#1305,#1306);
#1305 = CARTESIAN_POINT('',(-5.5,7.4,6.));
#1306 = VECTOR('',#1307,1.);
#1307 = DIRECTION('',(-0.,1.,0.));
#1308 = PCURVE('',#388,#1309);
#1309 = DEFINITIONAL_REPRESENTATION('',(#1310),#1313);
#1310 = B_SPLINE_CURVE_WITH_KNOTS('',1,(#1311,#1312),.UNSPECIFIED.,.F.,
  .F.,(2,2),(-20.05661882178,5.256618821787),.PIECEWISE_BEZIER_KNOTS.);
#1311 = CARTESIAN_POINT('',(-5.5,-12.65661882178));
#1312 = CARTESIAN_POINT('',(-5.5,12.656618821787));
#1313 = ( GEOMETRIC_REPRESENTATION_CONTEXT(2) 
PARAMETRIC_REPRESENTATION_CONTEXT() REPRESENTATION_CONTEXT('2D SPACE',''
  ) );
#1314 = PCURVE('',#1315,#1320);
#1315 = PLANE('',#1316);
#1316 = AXIS2_PLACEMENT_3D('',#1317,#1318,#1319);
#1317 = CARTESIAN_POINT('',(-5.5,14.8,2.4));
#1318 = DIRECTION('',(1.,0.,-0.));
#1319 = DIRECTION('',(0.,-1.,0.));
#1320 = DEFINITIONAL_REPRESENTATION('',(#1321),#1325);
#1321 = LINE('',#1322,#1323);
#1322 = CARTESIAN_POINT('',(7.4,-3.6));
#1323 = VECTOR('',#1324,1.);
#1324 = DIRECTION('',(-1.,-0.));
#1325 = ( GEOMETRIC_REPRESENTATION_CONTEXT(2) 
PARAMETRIC_REPRESENTATION_CONTEXT() REPRESENTATION_CONTEXT('2D SPACE',''
  ) );
#1326 = ORIENTED_EDGE('',*,*,#1327,.T.);
#1327 = EDGE_CURVE('',#1301,#1126,#1328,.T.);
#1328 = SURFACE_CURVE('',#1329,(#1334,#1345),.PCURVE_S1.);
#1329 = CIRCLE('',#1330,13.8);
#1330 = AXIS2_PLACEMENT_3D('',#1331,#1332,#1333);
#1331 = CARTESIAN_POINT('',(0.,0.,6.));
#1332 = DIRECTION('',(0.,0.,-1.));
#1333 = DIRECTION('',(1.,0.,0.));
#1334 = PCURVE('',#388,#1335);
#1335 = DEFINITIONAL_REPRESENTATION('',(#1336),#1344);
#1336 = ( BOUNDED_CURVE() B_SPLINE_CURVE(2,(#1337,#1338,#1339,#1340,
#1341,#1342,#1343),.UNSPECIFIED.,.T.,.F.) B_SPLINE_CURVE_WITH_KNOTS((1,2
    ,2,2,2,1),(-2.094395102393,0.,2.094395102393,4.188790204786,
6.28318530718,8.377580409573),.UNSPECIFIED.) CURVE() 
GEOMETRIC_REPRESENTATION_ITEM() RATIONAL_B_SPLINE_CURVE((1.,0.5,1.,0.5,
1.,0.5,1.)) REPRESENTATION_ITEM('') );
#1337 = CARTESIAN_POINT('',(13.8,-1.244272976237E-15));
#1338 = CARTESIAN_POINT('',(13.8,-23.90230114445));
#1339 = CARTESIAN_POINT('',(-6.9,-11.95115057222));
#1340 = CARTESIAN_POINT('',(-27.6,-4.624298141883E-15));
#1341 = CARTESIAN_POINT('',(-6.9,11.951150572225));
#1342 = CARTESIAN_POINT('',(13.8,23.902301144451));
#1343 = CARTESIAN_POINT('',(13.8,-1.244272976237E-15));
#1344 = ( GEOMETRIC_REPRESENTATION_CONTEXT(2) 
PARAMETRIC_REPRESENTATION_CONTEXT() REPRESENTATION_CONTEXT('2D SPACE',''
  ) );
#1345 = PCURVE('',#1346,#1351);
#1346 = CYLINDRICAL_SURFACE('',#1347,13.8);
#1347 = AXIS2_PLACEMENT_3D('',#1348,#1349,#1350);
#1348 = CARTESIAN_POINT('',(0.,0.,2.4));
#1349 = DIRECTION('',(-0.,-0.,-1.));
#1350 = DIRECTION('',(1.,0.,0.));
#1351 = DEFINITIONAL_REPRESENTATION('',(#1352),#1355);
#1352 = B_SPLINE_CURVE_WITH_KNOTS('',1,(#1353,#1354),.UNSPECIFIED.,.F.,
  .F.,(2,2),(4.302452878763,5.122325082007),.PIECEWISE_BEZIER_KNOTS.);
#1353 = CARTESIAN_POINT('',(-8.263917735596,-3.6));
#1354 = CARTESIAN_POINT('',(-7.444045532352,-3.6));
#1355 = ( GEOMETRIC_REPRESENTATION_CONTEXT(2) 
PARAMETRIC_REPRESENTATION_CONTEXT() REPRESENTATION_CONTEXT('2D SPACE',''
  ) );
#1356 = ADVANCED_FACE('',(#1357),#446,.T.);
#1357 = FACE_BOUND('',#1358,.T.);
#1358 = EDGE_LOOP('',(#1359,#1360,#1381,#1382,#1383,#1384));
#1359 = ORIENTED_EDGE('',*,*,#698,.T.);
#1360 = ORIENTED_EDGE('',*,*,#1361,.T.);
#1361 = EDGE_CURVE('',#699,#955,#1362,.T.);
#1362 = SURFACE_CURVE('',#1363,(#1367,#1374),.PCURVE_S1.);
#1363 = LINE('',#1364,#1365);
#1364 = CARTESIAN_POINT('',(1.5,14.9,-1.));
#1365 = VECTOR('',#1366,1.);
#1366 = DIRECTION('',(0.,0.,1.));
#1367 = PCURVE('',#446,#1368);
#1368 = DEFINITIONAL_REPRESENTATION('',(#1369),#1373);
#1369 = LINE('',#1370,#1371);
#1370 = CARTESIAN_POINT('',(0.,0.));
#1371 = VECTOR('',#1372,1.);
#1372 = DIRECTION('',(1.,0.));
#1373 = ( GEOMETRIC_REPRESENTATION_CONTEXT(2) 
PARAMETRIC_REPRESENTATION_CONTEXT() REPRESENTATION_CONTEXT('2D SPACE',''
  ) );
#1374 = PCURVE('',#734,#1375);
#1375 = DEFINITIONAL_REPRESENTATION('',(#1376),#1380);
#1376 = LINE('',#1377,#1378);
#1377 = CARTESIAN_POINT('',(0.,0.));
#1378 = VECTOR('',#1379,1.);
#1379 = DIRECTION('',(1.,0.));
#1380 = ( GEOMETRIC_REPRESENTATION_CONTEXT(2) 
PARAMETRIC_REPRESENTATION_CONTEXT() REPRESENTATION_CONTEXT('2D SPACE',''
  ) );
#1381 = ORIENTED_EDGE('',*,*,#954,.F.);
#1382 = ORIENTED_EDGE('',*,*,#880,.T.);
#1383 = ORIENTED_EDGE('',*,*,#431,.F.);
#1384 = ORIENTED_EDGE('',*,*,#855,.T.);
#1385 = ADVANCED_FACE('',(#1386),#498,.T.);
#1386 = FACE_BOUND('',#1387,.T.);
#1387 = EDGE_LOOP('',(#1388,#1413,#1414,#1415));
#1388 = ORIENTED_EDGE('',*,*,#1389,.F.);
#1389 = EDGE_CURVE('',#772,#599,#1390,.T.);
#1390 = SURFACE_CURVE('',#1391,(#1396,#1406),.PCURVE_S1.);
#1391 = PARABOLA('',#1392,0.300520382004);
#1392 = AXIS2_PLACEMENT_3D('',#1393,#1394,#1395);
#1393 = CARTESIAN_POINT('',(2.088612828269E-18,-0.425,-16.125));
#1394 = DIRECTION('',(3.474993633276E-18,-0.707106781187,0.707106781187)
  );
#1395 = DIRECTION('',(-3.474993633276E-18,0.707106781187,0.707106781187)
  );
#1396 = PCURVE('',#498,#1397);
#1397 = DEFINITIONAL_REPRESENTATION('',(#1398),#1405);
#1398 = B_SPLINE_CURVE_WITH_KNOTS('',5,(#1399,#1400,#1401,#1402,#1403,
    #1404),.UNSPECIFIED.,.F.,.F.,(6,6),(5.2356947963,5.300235843809),
  .PIECEWISE_BEZIER_KNOTS.);
#1399 = CARTESIAN_POINT('',(3.853473956404E-03,-0.4));
#1400 = CARTESIAN_POINT('',(3.07352172064E-03,-0.320490064331));
#1401 = CARTESIAN_POINT('',(2.298253318096E-03,-0.240735096497));
#1402 = CARTESIAN_POINT('',(1.527612987651E-03,-0.160735096497));
#1403 = CARTESIAN_POINT('',(7.615462833291E-04,-8.049006433126E-02));
#1404 = CARTESIAN_POINT('',(3.123034443311E-14,-2.40529818285E-13));
#1405 = ( GEOMETRIC_REPRESENTATION_CONTEXT(2) 
PARAMETRIC_REPRESENTATION_CONTEXT() REPRESENTATION_CONTEXT('2D SPACE',''
  ) );
#1406 = PCURVE('',#787,#1407);
#1407 = DEFINITIONAL_REPRESENTATION('',(#1408),#1412);
#1408 = B_SPLINE_CURVE_WITH_KNOTS('',2,(#1409,#1410,#1411),
  .UNSPECIFIED.,.F.,.F.,(3,3),(5.2356947963,5.300235843809),
  .PIECEWISE_BEZIER_KNOTS.);
#1409 = CARTESIAN_POINT('',(6.454104750904E-02,-0.282842712475));
#1410 = CARTESIAN_POINT('',(3.22705237543E-02,-1.732639058744E-03));
#1411 = CARTESIAN_POINT('',(-4.511946372077E-13,0.282842712474));
#1412 = ( GEOMETRIC_REPRESENTATION_CONTEXT(2) 
PARAMETRIC_REPRESENTATION_CONTEXT() REPRESENTATION_CONTEXT('2D SPACE',''
  ) );
#1413 = ORIENTED_EDGE('',*,*,#799,.T.);
#1414 = ORIENTED_EDGE('',*,*,#481,.T.);
#1415 = ORIENTED_EDGE('',*,*,#598,.F.);
#1416 = ADVANCED_FACE('',(#1417),#556,.T.);
#1417 = FACE_BOUND('',#1418,.T.);
#1418 = EDGE_LOOP('',(#1419,#1444,#1445,#1446));
#1419 = ORIENTED_EDGE('',*,*,#1420,.F.);
#1420 = EDGE_CURVE('',#623,#928,#1421,.T.);
#1421 = SURFACE_CURVE('',#1422,(#1427,#1437),.PCURVE_S1.);
#1422 = PARABOLA('',#1423,0.300520382004);
#1423 = AXIS2_PLACEMENT_3D('',#1424,#1425,#1426);
#1424 = CARTESIAN_POINT('',(0.,-0.425,22.025));
#1425 = DIRECTION('',(0.,-0.707106781187,-0.707106781187));
#1426 = DIRECTION('',(0.,0.707106781187,-0.707106781187));
#1427 = PCURVE('',#556,#1428);
#1428 = DEFINITIONAL_REPRESENTATION('',(#1429),#1436);
#1429 = B_SPLINE_CURVE_WITH_KNOTS('',5,(#1430,#1431,#1432,#1433,#1434,
    #1435),.UNSPECIFIED.,.F.,.F.,(6,6),(-5.300235843809,-5.219434835305)
  ,.PIECEWISE_BEZIER_KNOTS.);
#1430 = CARTESIAN_POINT('',(-2.551875459551E-14,5.861977570021E-14));
#1431 = CARTESIAN_POINT('',(-9.534042301585E-04,-0.100768094468));
#1432 = CARTESIAN_POINT('',(-1.913893469624E-03,-0.201152141701));
#1433 = CARTESIAN_POINT('',(-2.881572117474E-03,-0.301152141701));
#1434 = CARTESIAN_POINT('',(-3.856547620237E-03,-0.400768094468));
#1435 = CARTESIAN_POINT('',(-4.83893070235E-03,-0.5));
#1436 = ( GEOMETRIC_REPRESENTATION_CONTEXT(2) 
PARAMETRIC_REPRESENTATION_CONTEXT() REPRESENTATION_CONTEXT('2D SPACE',''
  ) );
#1437 = PCURVE('',#1031,#1438);
#1438 = DEFINITIONAL_REPRESENTATION('',(#1439),#1443);
#1439 = B_SPLINE_CURVE_WITH_KNOTS('',2,(#1440,#1441,#1442),
  .UNSPECIFIED.,.F.,.F.,(3,3),(-5.300235843809,-5.219434835305),
  .PIECEWISE_BEZIER_KNOTS.);
#1440 = CARTESIAN_POINT('',(4.50306458788E-13,-0.353553390593));
#1441 = CARTESIAN_POINT('',(-4.040050425144E-02,2.71562403335E-03));
#1442 = CARTESIAN_POINT('',(-8.080100850332E-02,0.353553390593));
#1443 = ( GEOMETRIC_REPRESENTATION_CONTEXT(2) 
PARAMETRIC_REPRESENTATION_CONTEXT() REPRESENTATION_CONTEXT('2D SPACE',''
  ) );
#1444 = ORIENTED_EDGE('',*,*,#648,.T.);
#1445 = ORIENTED_EDGE('',*,*,#539,.F.);
#1446 = ORIENTED_EDGE('',*,*,#927,.F.);
#1447 = ADVANCED_FACE('',(#1448),#637,.T.);
#1448 = FACE_BOUND('',#1449,.T.);
#1449 = EDGE_LOOP('',(#1450,#1473,#1494,#1495));
#1450 = ORIENTED_EDGE('',*,*,#1451,.F.);
#1451 = EDGE_CURVE('',#1452,#1454,#1456,.T.);
#1452 = VERTEX_POINT('',#1453);
#1453 = CARTESIAN_POINT('',(-1.5,16.1,0.4));
#1454 = VERTEX_POINT('',#1455);
#1455 = CARTESIAN_POINT('',(-1.5,16.1,5.5));
#1456 = SURFACE_CURVE('',#1457,(#1461,#1467),.PCURVE_S1.);
#1457 = LINE('',#1458,#1459);
#1458 = CARTESIAN_POINT('',(-1.5,16.1,-0.5));
#1459 = VECTOR('',#1460,1.);
#1460 = DIRECTION('',(0.,-0.,1.));
#1461 = PCURVE('',#637,#1462);
#1462 = DEFINITIONAL_REPRESENTATION('',(#1463),#1466);
#1463 = B_SPLINE_CURVE_WITH_KNOTS('',1,(#1464,#1465),.UNSPECIFIED.,.F.,
  .F.,(2,2),(0.9,6.),.PIECEWISE_BEZIER_KNOTS.);
#1464 = CARTESIAN_POINT('',(0.4,16.45));
#1465 = CARTESIAN_POINT('',(5.5,16.45));
#1466 = ( GEOMETRIC_REPRESENTATION_CONTEXT(2) 
PARAMETRIC_REPRESENTATION_CONTEXT() REPRESENTATION_CONTEXT('2D SPACE',''
  ) );
#1467 = PCURVE('',#760,#1468);
#1468 = DEFINITIONAL_REPRESENTATION('',(#1469),#1472);
#1469 = B_SPLINE_CURVE_WITH_KNOTS('',1,(#1470,#1471),.UNSPECIFIED.,.F.,
  .F.,(2,2),(0.9,6.),.PIECEWISE_BEZIER_KNOTS.);
#1470 = CARTESIAN_POINT('',(1.4,1.2));
#1471 = CARTESIAN_POINT('',(6.5,1.2));
#1472 = ( GEOMETRIC_REPRESENTATION_CONTEXT(2) 
PARAMETRIC_REPRESENTATION_CONTEXT() REPRESENTATION_CONTEXT('2D SPACE',''
  ) );
#1473 = ORIENTED_EDGE('',*,*,#1474,.F.);
#1474 = EDGE_CURVE('',#599,#1452,#1475,.T.);
#1475 = SURFACE_CURVE('',#1476,(#1480,#1487),.PCURVE_S1.);
#1476 = LINE('',#1477,#1478);
#1477 = CARTESIAN_POINT('',(-5.300235843809,16.1,0.4));
#1478 = VECTOR('',#1479,1.);
#1479 = DIRECTION('',(1.,0.,0.));
#1480 = PCURVE('',#637,#1481);
#1481 = DEFINITIONAL_REPRESENTATION('',(#1482),#1486);
#1482 = LINE('',#1483,#1484);
#1483 = CARTESIAN_POINT('',(0.4,12.649764156191));
#1484 = VECTOR('',#1485,1.);
#1485 = DIRECTION('',(0.,1.));
#1486 = ( GEOMETRIC_REPRESENTATION_CONTEXT(2) 
PARAMETRIC_REPRESENTATION_CONTEXT() REPRESENTATION_CONTEXT('2D SPACE',''
  ) );
#1487 = PCURVE('',#787,#1488);
#1488 = DEFINITIONAL_REPRESENTATION('',(#1489),#1493);
#1489 = LINE('',#1490,#1491);
#1490 = CARTESIAN_POINT('',(0.,0.282842712475));
#1491 = VECTOR('',#1492,1.);
#1492 = DIRECTION('',(1.,0.));
#1493 = ( GEOMETRIC_REPRESENTATION_CONTEXT(2) 
PARAMETRIC_REPRESENTATION_CONTEXT() REPRESENTATION_CONTEXT('2D SPACE',''
  ) );
#1494 = ORIENTED_EDGE('',*,*,#622,.F.);
#1495 = ORIENTED_EDGE('',*,*,#1496,.T.);
#1496 = EDGE_CURVE('',#623,#1454,#1497,.T.);
#1497 = SURFACE_CURVE('',#1498,(#1502,#1509),.PCURVE_S1.);
#1498 = LINE('',#1499,#1500);
#1499 = CARTESIAN_POINT('',(-5.300235843809,16.1,5.5));
#1500 = VECTOR('',#1501,1.);
#1501 = DIRECTION('',(1.,0.,0.));
#1502 = PCURVE('',#637,#1503);
#1503 = DEFINITIONAL_REPRESENTATION('',(#1504),#1508);
#1504 = LINE('',#1505,#1506);
#1505 = CARTESIAN_POINT('',(5.5,12.649764156191));
#1506 = VECTOR('',#1507,1.);
#1507 = DIRECTION('',(0.,1.));
#1508 = ( GEOMETRIC_REPRESENTATION_CONTEXT(2) 
PARAMETRIC_REPRESENTATION_CONTEXT() REPRESENTATION_CONTEXT('2D SPACE',''
  ) );
#1509 = PCURVE('',#1031,#1510);
#1510 = DEFINITIONAL_REPRESENTATION('',(#1511),#1515);
#1511 = LINE('',#1512,#1513);
#1512 = CARTESIAN_POINT('',(-0.,-0.353553390593));
#1513 = VECTOR('',#1514,1.);
#1514 = DIRECTION('',(-1.,0.));
#1515 = ( GEOMETRIC_REPRESENTATION_CONTEXT(2) 
PARAMETRIC_REPRESENTATION_CONTEXT() REPRESENTATION_CONTEXT('2D SPACE',''
  ) );
#1516 = ADVANCED_FACE('',(#1517),#787,.F.);
#1517 = FACE_BOUND('',#1518,.F.);
#1518 = EDGE_LOOP('',(#1519,#1520,#1521,#1540));
#1519 = ORIENTED_EDGE('',*,*,#1389,.F.);
#1520 = ORIENTED_EDGE('',*,*,#771,.T.);
#1521 = ORIENTED_EDGE('',*,*,#1522,.F.);
#1522 = EDGE_CURVE('',#1452,#746,#1523,.T.);
#1523 = SURFACE_CURVE('',#1524,(#1528,#1534),.PCURVE_S1.);
#1524 = LINE('',#1525,#1526);
#1525 = CARTESIAN_POINT('',(-1.5,15.35,-0.35));
#1526 = VECTOR('',#1527,1.);
#1527 = DIRECTION('',(-7.850462293419E-17,-0.707106781187,
    -0.707106781187));
#1528 = PCURVE('',#787,#1529);
#1529 = DEFINITIONAL_REPRESENTATION('',(#1530),#1533);
#1530 = B_SPLINE_CURVE_WITH_KNOTS('',1,(#1531,#1532),.UNSPECIFIED.,.F.,
  .F.,(2,2),(-1.06066017178,-0.49497474683),.PIECEWISE_BEZIER_KNOTS.);
#1531 = CARTESIAN_POINT('',(3.800235843809,0.282842712475));
#1532 = CARTESIAN_POINT('',(3.800235843809,-0.282842712475));
#1533 = ( GEOMETRIC_REPRESENTATION_CONTEXT(2) 
PARAMETRIC_REPRESENTATION_CONTEXT() REPRESENTATION_CONTEXT('2D SPACE',''
  ) );
#1534 = PCURVE('',#760,#1535);
#1535 = DEFINITIONAL_REPRESENTATION('',(#1536),#1539);
#1536 = B_SPLINE_CURVE_WITH_KNOTS('',1,(#1537,#1538),.UNSPECIFIED.,.F.,
  .F.,(2,2),(-1.06066017178,-0.49497474683),.PIECEWISE_BEZIER_KNOTS.);
#1537 = CARTESIAN_POINT('',(1.4,1.2));
#1538 = CARTESIAN_POINT('',(1.,0.8));
#1539 = ( GEOMETRIC_REPRESENTATION_CONTEXT(2) 
PARAMETRIC_REPRESENTATION_CONTEXT() REPRESENTATION_CONTEXT('2D SPACE',''
  ) );
#1540 = ORIENTED_EDGE('',*,*,#1474,.F.);
#1541 = ADVANCED_FACE('',(#1542),#760,.F.);
#1542 = FACE_BOUND('',#1543,.F.);
#1543 = EDGE_LOOP('',(#1544,#1545,#1566,#1567,#1586,#1587));
#1544 = ORIENTED_EDGE('',*,*,#745,.T.);
#1545 = ORIENTED_EDGE('',*,*,#1546,.T.);
#1546 = EDGE_CURVE('',#720,#976,#1547,.T.);
#1547 = SURFACE_CURVE('',#1548,(#1552,#1559),.PCURVE_S1.);
#1548 = LINE('',#1549,#1550);
#1549 = CARTESIAN_POINT('',(-1.5,14.9,-1.));
#1550 = VECTOR('',#1551,1.);
#1551 = DIRECTION('',(0.,0.,1.));
#1552 = PCURVE('',#760,#1553);
#1553 = DEFINITIONAL_REPRESENTATION('',(#1554),#1558);
#1554 = LINE('',#1555,#1556);
#1555 = CARTESIAN_POINT('',(0.,0.));
#1556 = VECTOR('',#1557,1.);
#1557 = DIRECTION('',(1.,0.));
#1558 = ( GEOMETRIC_REPRESENTATION_CONTEXT(2) 
PARAMETRIC_REPRESENTATION_CONTEXT() REPRESENTATION_CONTEXT('2D SPACE',''
  ) );
#1559 = PCURVE('',#734,#1560);
#1560 = DEFINITIONAL_REPRESENTATION('',(#1561),#1565);
#1561 = LINE('',#1562,#1563);
#1562 = CARTESIAN_POINT('',(0.,-3.));
#1563 = VECTOR('',#1564,1.);
#1564 = DIRECTION('',(1.,0.));
#1565 = ( GEOMETRIC_REPRESENTATION_CONTEXT(2) 
PARAMETRIC_REPRESENTATION_CONTEXT() REPRESENTATION_CONTEXT('2D SPACE',''
  ) );
#1566 = ORIENTED_EDGE('',*,*,#996,.F.);
#1567 = ORIENTED_EDGE('',*,*,#1568,.T.);
#1568 = EDGE_CURVE('',#997,#1454,#1569,.T.);
#1569 = SURFACE_CURVE('',#1570,(#1574,#1580),.PCURVE_S1.);
#1570 = LINE('',#1571,#1572);
#1571 = CARTESIAN_POINT('',(-1.5,17.3,4.3));
#1572 = VECTOR('',#1573,1.);
#1573 = DIRECTION('',(7.850462293419E-17,0.707106781187,-0.707106781187)
  );
#1574 = PCURVE('',#760,#1575);
#1575 = DEFINITIONAL_REPRESENTATION('',(#1576),#1579);
#1576 = B_SPLINE_CURVE_WITH_KNOTS('',1,(#1577,#1578),.UNSPECIFIED.,.F.,
  .F.,(2,2),(-2.404163056034,-1.697056274848),.PIECEWISE_BEZIER_KNOTS.);
#1577 = CARTESIAN_POINT('',(7.,0.7));
#1578 = CARTESIAN_POINT('',(6.5,1.2));
#1579 = ( GEOMETRIC_REPRESENTATION_CONTEXT(2) 
PARAMETRIC_REPRESENTATION_CONTEXT() REPRESENTATION_CONTEXT('2D SPACE',''
  ) );
#1580 = PCURVE('',#1031,#1581);
#1581 = DEFINITIONAL_REPRESENTATION('',(#1582),#1585);
#1582 = B_SPLINE_CURVE_WITH_KNOTS('',1,(#1583,#1584),.UNSPECIFIED.,.F.,
  .F.,(2,2),(-2.404163056034,-1.697056274848),.PIECEWISE_BEZIER_KNOTS.);
#1583 = CARTESIAN_POINT('',(-3.800235843809,0.353553390593));
#1584 = CARTESIAN_POINT('',(-3.800235843809,-0.353553390593));
#1585 = ( GEOMETRIC_REPRESENTATION_CONTEXT(2) 
PARAMETRIC_REPRESENTATION_CONTEXT() REPRESENTATION_CONTEXT('2D SPACE',''
  ) );
#1586 = ORIENTED_EDGE('',*,*,#1451,.F.);
#1587 = ORIENTED_EDGE('',*,*,#1522,.T.);
#1588 = ADVANCED_FACE('',(#1589),#734,.T.);
#1589 = FACE_BOUND('',#1590,.T.);
#1590 = EDGE_LOOP('',(#1591,#1592,#1593,#1594));
#1591 = ORIENTED_EDGE('',*,*,#1361,.F.);
#1592 = ORIENTED_EDGE('',*,*,#719,.T.);
#1593 = ORIENTED_EDGE('',*,*,#1546,.T.);
#1594 = ORIENTED_EDGE('',*,*,#975,.F.);
#1595 = ADVANCED_FACE('',(#1596),#840,.F.);
#1596 = FACE_BOUND('',#1597,.F.);
#1597 = EDGE_LOOP('',(#1598,#1621,#1648,#1649));
#1598 = ORIENTED_EDGE('',*,*,#1599,.T.);
#1599 = EDGE_CURVE('',#824,#1600,#1602,.T.);
#1600 = VERTEX_POINT('',#1601);
#1601 = CARTESIAN_POINT('',(1.7,-4.163799117101E-16,0.7));
#1602 = SEAM_CURVE('',#1603,(#1607,#1614),.PCURVE_S1.);
#1603 = LINE('',#1604,#1605);
#1604 = CARTESIAN_POINT('',(1.7,-4.163799117101E-16,-1.));
#1605 = VECTOR('',#1606,1.);
#1606 = DIRECTION('',(0.,0.,1.));
#1607 = PCURVE('',#840,#1608);
#1608 = DEFINITIONAL_REPRESENTATION('',(#1609),#1613);
#1609 = LINE('',#1610,#1611);
#1610 = CARTESIAN_POINT('',(6.28318530718,-0.));
#1611 = VECTOR('',#1612,1.);
#1612 = DIRECTION('',(0.,1.));
#1613 = ( GEOMETRIC_REPRESENTATION_CONTEXT(2) 
PARAMETRIC_REPRESENTATION_CONTEXT() REPRESENTATION_CONTEXT('2D SPACE',''
  ) );
#1614 = PCURVE('',#840,#1615);
#1615 = DEFINITIONAL_REPRESENTATION('',(#1616),#1620);
#1616 = LINE('',#1617,#1618);
#1617 = CARTESIAN_POINT('',(0.,-0.));
#1618 = VECTOR('',#1619,1.);
#1619 = DIRECTION('',(0.,1.));
#1620 = ( GEOMETRIC_REPRESENTATION_CONTEXT(2) 
PARAMETRIC_REPRESENTATION_CONTEXT() REPRESENTATION_CONTEXT('2D SPACE',''
  ) );
#1621 = ORIENTED_EDGE('',*,*,#1622,.F.);
#1622 = EDGE_CURVE('',#1600,#1600,#1623,.T.);
#1623 = SURFACE_CURVE('',#1624,(#1629,#1636),.PCURVE_S1.);
#1624 = CIRCLE('',#1625,1.7);
#1625 = AXIS2_PLACEMENT_3D('',#1626,#1627,#1628);
#1626 = CARTESIAN_POINT('',(0.,0.,0.7));
#1627 = DIRECTION('',(0.,0.,1.));
#1628 = DIRECTION('',(1.,0.,-0.));
#1629 = PCURVE('',#840,#1630);
#1630 = DEFINITIONAL_REPRESENTATION('',(#1631),#1635);
#1631 = LINE('',#1632,#1633);
#1632 = CARTESIAN_POINT('',(0.,1.7));
#1633 = VECTOR('',#1634,1.);
#1634 = DIRECTION('',(1.,0.));
#1635 = ( GEOMETRIC_REPRESENTATION_CONTEXT(2) 
PARAMETRIC_REPRESENTATION_CONTEXT() REPRESENTATION_CONTEXT('2D SPACE',''
  ) );
#1636 = PCURVE('',#1637,#1642);
#1637 = CONICAL_SURFACE('',#1638,1.7,0.785398163397);
#1638 = AXIS2_PLACEMENT_3D('',#1639,#1640,#1641);
#1639 = CARTESIAN_POINT('',(0.,0.,0.7));
#1640 = DIRECTION('',(0.,0.,1.));
#1641 = DIRECTION('',(1.,0.,-0.));
#1642 = DEFINITIONAL_REPRESENTATION('',(#1643),#1647);
#1643 = LINE('',#1644,#1645);
#1644 = CARTESIAN_POINT('',(0.,0.));
#1645 = VECTOR('',#1646,1.);
#1646 = DIRECTION('',(1.,0.));
#1647 = ( GEOMETRIC_REPRESENTATION_CONTEXT(2) 
PARAMETRIC_REPRESENTATION_CONTEXT() REPRESENTATION_CONTEXT('2D SPACE',''
  ) );
#1648 = ORIENTED_EDGE('',*,*,#1599,.F.);
#1649 = ORIENTED_EDGE('',*,*,#823,.T.);
#1650 = ADVANCED_FACE('',(#1651),#1031,.T.);
#1651 = FACE_BOUND('',#1652,.F.);
#1652 = EDGE_LOOP('',(#1653,#1654,#1655,#1656));
#1653 = ORIENTED_EDGE('',*,*,#1420,.F.);
#1654 = ORIENTED_EDGE('',*,*,#1496,.T.);
#1655 = ORIENTED_EDGE('',*,*,#1568,.F.);
#1656 = ORIENTED_EDGE('',*,*,#1017,.F.);
#1657 = ADVANCED_FACE('',(#1658),#1062,.T.);
#1658 = FACE_BOUND('',#1659,.T.);
#1659 = EDGE_LOOP('',(#1660,#1690,#1711,#1712));
#1660 = ORIENTED_EDGE('',*,*,#1661,.F.);
#1661 = EDGE_CURVE('',#1662,#1664,#1666,.T.);
#1662 = VERTEX_POINT('',#1663);
#1663 = CARTESIAN_POINT('',(-1.,-14.3,5.6));
#1664 = VERTEX_POINT('',#1665);
#1665 = CARTESIAN_POINT('',(-1.873709602695E-15,-15.3,5.6));
#1666 = SURFACE_CURVE('',#1667,(#1671,#1678),.PCURVE_S1.);
#1667 = LINE('',#1668,#1669);
#1668 = CARTESIAN_POINT('',(-1.,-14.3,5.6));
#1669 = VECTOR('',#1670,1.);
#1670 = DIRECTION('',(0.707106781187,-0.707106781187,0.));
#1671 = PCURVE('',#1062,#1672);
#1672 = DEFINITIONAL_REPRESENTATION('',(#1673),#1677);
#1673 = LINE('',#1674,#1675);
#1674 = CARTESIAN_POINT('',(0.,0.));
#1675 = VECTOR('',#1676,1.);
#1676 = DIRECTION('',(1.,0.));
#1677 = ( GEOMETRIC_REPRESENTATION_CONTEXT(2) 
PARAMETRIC_REPRESENTATION_CONTEXT() REPRESENTATION_CONTEXT('2D SPACE',''
  ) );
#1678 = PCURVE('',#1679,#1684);
#1679 = PLANE('',#1680);
#1680 = AXIS2_PLACEMENT_3D('',#1681,#1682,#1683);
#1681 = CARTESIAN_POINT('',(-1.787113997072E-15,-14.59289321881,5.6));
#1682 = DIRECTION('',(0.,0.,1.));
#1683 = DIRECTION('',(-1.,1.224646799147E-16,0.));
#1684 = DEFINITIONAL_REPRESENTATION('',(#1685),#1689);
#1685 = LINE('',#1686,#1687);
#1686 = CARTESIAN_POINT('',(1.,-0.292893218813));
#1687 = VECTOR('',#1688,1.);
#1688 = DIRECTION('',(-0.707106781187,0.707106781187));
#1689 = ( GEOMETRIC_REPRESENTATION_CONTEXT(2) 
PARAMETRIC_REPRESENTATION_CONTEXT() REPRESENTATION_CONTEXT('2D SPACE',''
  ) );
#1690 = ORIENTED_EDGE('',*,*,#1691,.T.);
#1691 = EDGE_CURVE('',#1662,#1048,#1692,.T.);
#1692 = SURFACE_CURVE('',#1693,(#1697,#1704),.PCURVE_S1.);
#1693 = LINE('',#1694,#1695);
#1694 = CARTESIAN_POINT('',(-1.,-14.3,5.6));
#1695 = VECTOR('',#1696,1.);
#1696 = DIRECTION('',(0.,0.,1.));
#1697 = PCURVE('',#1062,#1698);
#1698 = DEFINITIONAL_REPRESENTATION('',(#1699),#1703);
#1699 = LINE('',#1700,#1701);
#1700 = CARTESIAN_POINT('',(0.,0.));
#1701 = VECTOR('',#1702,1.);
#1702 = DIRECTION('',(0.,-1.));
#1703 = ( GEOMETRIC_REPRESENTATION_CONTEXT(2) 
PARAMETRIC_REPRESENTATION_CONTEXT() REPRESENTATION_CONTEXT('2D SPACE',''
  ) );
#1704 = PCURVE('',#1088,#1705);
#1705 = DEFINITIONAL_REPRESENTATION('',(#1706),#1710);
#1706 = LINE('',#1707,#1708);
#1707 = CARTESIAN_POINT('',(2.,0.));
#1708 = VECTOR('',#1709,1.);
#1709 = DIRECTION('',(0.,-1.));
#1710 = ( GEOMETRIC_REPRESENTATION_CONTEXT(2) 
PARAMETRIC_REPRESENTATION_CONTEXT() REPRESENTATION_CONTEXT('2D SPACE',''
  ) );
#1711 = ORIENTED_EDGE('',*,*,#1045,.F.);
#1712 = ORIENTED_EDGE('',*,*,#1713,.F.);
#1713 = EDGE_CURVE('',#1664,#1046,#1714,.T.);
#1714 = SURFACE_CURVE('',#1715,(#1719,#1726),.PCURVE_S1.);
#1715 = LINE('',#1716,#1717);
#1716 = CARTESIAN_POINT('',(-1.873709602695E-15,-15.3,5.6));
#1717 = VECTOR('',#1718,1.);
#1718 = DIRECTION('',(0.,0.,1.));
#1719 = PCURVE('',#1062,#1720);
#1720 = DEFINITIONAL_REPRESENTATION('',(#1721),#1725);
#1721 = LINE('',#1722,#1723);
#1722 = CARTESIAN_POINT('',(1.414213562373,0.));
#1723 = VECTOR('',#1724,1.);
#1724 = DIRECTION('',(0.,-1.));
#1725 = ( GEOMETRIC_REPRESENTATION_CONTEXT(2) 
PARAMETRIC_REPRESENTATION_CONTEXT() REPRESENTATION_CONTEXT('2D SPACE',''
  ) );
#1726 = PCURVE('',#1112,#1727);
#1727 = DEFINITIONAL_REPRESENTATION('',(#1728),#1732);
#1728 = LINE('',#1729,#1730);
#1729 = CARTESIAN_POINT('',(0.,0.));
#1730 = VECTOR('',#1731,1.);
#1731 = DIRECTION('',(0.,-1.));
#1732 = ( GEOMETRIC_REPRESENTATION_CONTEXT(2) 
PARAMETRIC_REPRESENTATION_CONTEXT() REPRESENTATION_CONTEXT('2D SPACE',''
  ) );
#1733 = ADVANCED_FACE('',(#1734),#1112,.T.);
#1734 = FACE_BOUND('',#1735,.T.);
#1735 = EDGE_LOOP('',(#1736,#1759,#1760,#1761));
#1736 = ORIENTED_EDGE('',*,*,#1737,.F.);
#1737 = EDGE_CURVE('',#1664,#1738,#1740,.T.);
#1738 = VERTEX_POINT('',#1739);
#1739 = CARTESIAN_POINT('',(1.,-14.3,5.6));
#1740 = SURFACE_CURVE('',#1741,(#1745,#1752),.PCURVE_S1.);
#1741 = LINE('',#1742,#1743);
#1742 = CARTESIAN_POINT('',(-1.873709602695E-15,-15.3,5.6));
#1743 = VECTOR('',#1744,1.);
#1744 = DIRECTION('',(0.707106781187,0.707106781187,0.));
#1745 = PCURVE('',#1112,#1746);
#1746 = DEFINITIONAL_REPRESENTATION('',(#1747),#1751);
#1747 = LINE('',#1748,#1749);
#1748 = CARTESIAN_POINT('',(0.,0.));
#1749 = VECTOR('',#1750,1.);
#1750 = DIRECTION('',(1.,0.));
#1751 = ( GEOMETRIC_REPRESENTATION_CONTEXT(2) 
PARAMETRIC_REPRESENTATION_CONTEXT() REPRESENTATION_CONTEXT('2D SPACE',''
  ) );
#1752 = PCURVE('',#1679,#1753);
#1753 = DEFINITIONAL_REPRESENTATION('',(#1754),#1758);
#1754 = LINE('',#1755,#1756);
#1755 = CARTESIAN_POINT('',(7.395570986447E-32,0.707106781187));
#1756 = VECTOR('',#1757,1.);
#1757 = DIRECTION('',(-0.707106781187,-0.707106781187));
#1758 = ( GEOMETRIC_REPRESENTATION_CONTEXT(2) 
PARAMETRIC_REPRESENTATION_CONTEXT() REPRESENTATION_CONTEXT('2D SPACE',''
  ) );
#1759 = ORIENTED_EDGE('',*,*,#1713,.T.);
#1760 = ORIENTED_EDGE('',*,*,#1099,.F.);
#1761 = ORIENTED_EDGE('',*,*,#1762,.F.);
#1762 = EDGE_CURVE('',#1738,#1074,#1763,.T.);
#1763 = SURFACE_CURVE('',#1764,(#1768,#1775),.PCURVE_S1.);
#1764 = LINE('',#1765,#1766);
#1765 = CARTESIAN_POINT('',(1.,-14.3,5.6));
#1766 = VECTOR('',#1767,1.);
#1767 = DIRECTION('',(0.,0.,1.));
#1768 = PCURVE('',#1112,#1769);
#1769 = DEFINITIONAL_REPRESENTATION('',(#1770),#1774);
#1770 = LINE('',#1771,#1772);
#1771 = CARTESIAN_POINT('',(1.414213562373,0.));
#1772 = VECTOR('',#1773,1.);
#1773 = DIRECTION('',(0.,-1.));
#1774 = ( GEOMETRIC_REPRESENTATION_CONTEXT(2) 
PARAMETRIC_REPRESENTATION_CONTEXT() REPRESENTATION_CONTEXT('2D SPACE',''
  ) );
#1775 = PCURVE('',#1088,#1776);
#1776 = DEFINITIONAL_REPRESENTATION('',(#1777),#1781);
#1777 = LINE('',#1778,#1779);
#1778 = CARTESIAN_POINT('',(0.,0.));
#1779 = VECTOR('',#1780,1.);
#1780 = DIRECTION('',(0.,-1.));
#1781 = ( GEOMETRIC_REPRESENTATION_CONTEXT(2) 
PARAMETRIC_REPRESENTATION_CONTEXT() REPRESENTATION_CONTEXT('2D SPACE',''
  ) );
#1782 = ADVANCED_FACE('',(#1783),#1088,.T.);
#1783 = FACE_BOUND('',#1784,.T.);
#1784 = EDGE_LOOP('',(#1785,#1806,#1807,#1808));
#1785 = ORIENTED_EDGE('',*,*,#1786,.F.);
#1786 = EDGE_CURVE('',#1738,#1662,#1787,.T.);
#1787 = SURFACE_CURVE('',#1788,(#1792,#1799),.PCURVE_S1.);
#1788 = LINE('',#1789,#1790);
#1789 = CARTESIAN_POINT('',(1.,-14.3,5.6));
#1790 = VECTOR('',#1791,1.);
#1791 = DIRECTION('',(-1.,1.224646799147E-16,0.));
#1792 = PCURVE('',#1088,#1793);
#1793 = DEFINITIONAL_REPRESENTATION('',(#1794),#1798);
#1794 = LINE('',#1795,#1796);
#1795 = CARTESIAN_POINT('',(0.,0.));
#1796 = VECTOR('',#1797,1.);
#1797 = DIRECTION('',(1.,0.));
#1798 = ( GEOMETRIC_REPRESENTATION_CONTEXT(2) 
PARAMETRIC_REPRESENTATION_CONTEXT() REPRESENTATION_CONTEXT('2D SPACE',''
  ) );
#1799 = PCURVE('',#1679,#1800);
#1800 = DEFINITIONAL_REPRESENTATION('',(#1801),#1805);
#1801 = LINE('',#1802,#1803);
#1802 = CARTESIAN_POINT('',(-1.,-0.292893218813));
#1803 = VECTOR('',#1804,1.);
#1804 = DIRECTION('',(1.,0.));
#1805 = ( GEOMETRIC_REPRESENTATION_CONTEXT(2) 
PARAMETRIC_REPRESENTATION_CONTEXT() REPRESENTATION_CONTEXT('2D SPACE',''
  ) );
#1806 = ORIENTED_EDGE('',*,*,#1762,.T.);
#1807 = ORIENTED_EDGE('',*,*,#1073,.F.);
#1808 = ORIENTED_EDGE('',*,*,#1691,.F.);
#1809 = ADVANCED_FACE('',(#1810),#1142,.T.);
#1810 = FACE_BOUND('',#1811,.T.);
#1811 = EDGE_LOOP('',(#1812,#1813,#1834,#1860,#1886));
#1812 = ORIENTED_EDGE('',*,*,#1125,.F.);
#1813 = ORIENTED_EDGE('',*,*,#1814,.T.);
#1814 = EDGE_CURVE('',#1126,#1815,#1817,.T.);
#1815 = VERTEX_POINT('',#1816);
#1816 = CARTESIAN_POINT('',(5.5,12.656618821787,4.2));
#1817 = SURFACE_CURVE('',#1818,(#1822,#1828),.PCURVE_S1.);
#1818 = LINE('',#1819,#1820);
#1819 = CARTESIAN_POINT('',(5.5,12.656618821786,2.4));
#1820 = VECTOR('',#1821,1.);
#1821 = DIRECTION('',(-0.,-0.,-1.));
#1822 = PCURVE('',#1142,#1823);
#1823 = DEFINITIONAL_REPRESENTATION('',(#1824),#1827);
#1824 = B_SPLINE_CURVE_WITH_KNOTS('',1,(#1825,#1826),.UNSPECIFIED.,.F.,
  .F.,(2,2),(-4.6000006,5.999999999062E-07),.PIECEWISE_BEZIER_KNOTS.);
#1825 = CARTESIAN_POINT('',(27.456618821786,-4.6000006));
#1826 = CARTESIAN_POINT('',(27.456618821786,5.999999999062E-07));
#1827 = ( GEOMETRIC_REPRESENTATION_CONTEXT(2) 
PARAMETRIC_REPRESENTATION_CONTEXT() REPRESENTATION_CONTEXT('2D SPACE',''
  ) );
#1828 = PCURVE('',#1346,#1829);
#1829 = DEFINITIONAL_REPRESENTATION('',(#1830),#1833);
#1830 = B_SPLINE_CURVE_WITH_KNOTS('',1,(#1831,#1832),.UNSPECIFIED.,.F.,
  .F.,(2,2),(-3.6,-1.8),.PIECEWISE_BEZIER_KNOTS.);
#1831 = CARTESIAN_POINT('',(-7.444045532352,-3.6));
#1832 = CARTESIAN_POINT('',(-7.444045532352,-1.8));
#1833 = ( GEOMETRIC_REPRESENTATION_CONTEXT(2) 
PARAMETRIC_REPRESENTATION_CONTEXT() REPRESENTATION_CONTEXT('2D SPACE',''
  ) );
#1834 = ORIENTED_EDGE('',*,*,#1835,.T.);
#1835 = EDGE_CURVE('',#1815,#1836,#1838,.T.);
#1836 = VERTEX_POINT('',#1837);
#1837 = CARTESIAN_POINT('',(5.5,10.32666451474,4.2));
#1838 = SURFACE_CURVE('',#1839,(#1843,#1849),.PCURVE_S1.);
#1839 = LINE('',#1840,#1841);
#1840 = CARTESIAN_POINT('',(5.5,-7.4,4.2));
#1841 = VECTOR('',#1842,1.);
#1842 = DIRECTION('',(0.,-1.,0.));
#1843 = PCURVE('',#1142,#1844);
#1844 = DEFINITIONAL_REPRESENTATION('',(#1845),#1848);
#1845 = B_SPLINE_CURVE_WITH_KNOTS('',1,(#1846,#1847),.UNSPECIFIED.,.F.,
  .F.,(2,2),(-20.05661882178,5.256618821787),.PIECEWISE_BEZIER_KNOTS.);
#1846 = CARTESIAN_POINT('',(27.456618821787,-1.8));
#1847 = CARTESIAN_POINT('',(2.143381178213,-1.8));
#1848 = ( GEOMETRIC_REPRESENTATION_CONTEXT(2) 
PARAMETRIC_REPRESENTATION_CONTEXT() REPRESENTATION_CONTEXT('2D SPACE',''
  ) );
#1849 = PCURVE('',#1850,#1855);
#1850 = PLANE('',#1851);
#1851 = AXIS2_PLACEMENT_3D('',#1852,#1853,#1854);
#1852 = CARTESIAN_POINT('',(-3.963594587071E-16,2.293813898064E-16,4.2)
  );
#1853 = DIRECTION('',(0.,0.,1.));
#1854 = DIRECTION('',(1.,0.,-0.));
#1855 = DEFINITIONAL_REPRESENTATION('',(#1856),#1859);
#1856 = B_SPLINE_CURVE_WITH_KNOTS('',1,(#1857,#1858),.UNSPECIFIED.,.F.,
  .F.,(2,2),(-20.05661882178,5.256618821787),.PIECEWISE_BEZIER_KNOTS.);
#1857 = CARTESIAN_POINT('',(5.5,12.656618821787));
#1858 = CARTESIAN_POINT('',(5.5,-12.65661882178));
#1859 = ( GEOMETRIC_REPRESENTATION_CONTEXT(2) 
PARAMETRIC_REPRESENTATION_CONTEXT() REPRESENTATION_CONTEXT('2D SPACE',''
  ) );
#1860 = ORIENTED_EDGE('',*,*,#1861,.F.);
#1861 = EDGE_CURVE('',#1862,#1836,#1864,.T.);
#1862 = VERTEX_POINT('',#1863);
#1863 = CARTESIAN_POINT('',(5.5,10.32666451474,5.5));
#1864 = SURFACE_CURVE('',#1865,(#1869,#1875),.PCURVE_S1.);
#1865 = LINE('',#1866,#1867);
#1866 = CARTESIAN_POINT('',(5.5,10.32666451474,2.4));
#1867 = VECTOR('',#1868,1.);
#1868 = DIRECTION('',(-0.,-0.,-1.));
#1869 = PCURVE('',#1142,#1870);
#1870 = DEFINITIONAL_REPRESENTATION('',(#1871),#1874);
#1871 = B_SPLINE_CURVE_WITH_KNOTS('',1,(#1872,#1873),.UNSPECIFIED.,.F.,
  .F.,(2,2),(-3.6000006,-1.7999994),.PIECEWISE_BEZIER_KNOTS.);
#1872 = CARTESIAN_POINT('',(25.12666451474,-3.6000006));
#1873 = CARTESIAN_POINT('',(25.12666451474,-1.7999994));
#1874 = ( GEOMETRIC_REPRESENTATION_CONTEXT(2) 
PARAMETRIC_REPRESENTATION_CONTEXT() REPRESENTATION_CONTEXT('2D SPACE',''
  ) );
#1875 = PCURVE('',#1876,#1881);
#1876 = CYLINDRICAL_SURFACE('',#1877,11.7);
#1877 = AXIS2_PLACEMENT_3D('',#1878,#1879,#1880);
#1878 = CARTESIAN_POINT('',(0.,0.,2.4));
#1879 = DIRECTION('',(-0.,-0.,-1.));
#1880 = DIRECTION('',(1.,0.,0.));
#1881 = DEFINITIONAL_REPRESENTATION('',(#1882),#1885);
#1882 = B_SPLINE_CURVE_WITH_KNOTS('',1,(#1883,#1884),.UNSPECIFIED.,.F.,
  .F.,(2,2),(-3.6,-1.8),.PIECEWISE_BEZIER_KNOTS.);
#1883 = CARTESIAN_POINT('',(-7.364594021768,-3.6));
#1884 = CARTESIAN_POINT('',(-7.364594021768,-1.8));
#1885 = ( GEOMETRIC_REPRESENTATION_CONTEXT(2) 
PARAMETRIC_REPRESENTATION_CONTEXT() REPRESENTATION_CONTEXT('2D SPACE',''
  ) );
#1886 = ORIENTED_EDGE('',*,*,#1887,.T.);
#1887 = EDGE_CURVE('',#1862,#1128,#1888,.T.);
#1888 = SURFACE_CURVE('',#1889,(#1894,#1901),.PCURVE_S1.);
#1889 = HYPERBOLA('',#1890,5.5,5.5);
#1890 = AXIS2_PLACEMENT_3D('',#1891,#1892,#1893);
#1891 = CARTESIAN_POINT('',(5.5,0.,-6.2));
#1892 = DIRECTION('',(-1.,0.,0.));
#1893 = DIRECTION('',(0.,0.,1.));
#1894 = PCURVE('',#1142,#1895);
#1895 = DEFINITIONAL_REPRESENTATION('',(#1896),#1900);
#1896 = ( BOUNDED_CURVE() B_SPLINE_CURVE(2,(#1897,#1898,#1899),
.UNSPECIFIED.,.F.,.F.) B_SPLINE_CURVE_WITH_KNOTS((3,3),(1.38750565061,
1.451025435716),.PIECEWISE_BEZIER_KNOTS.) CURVE() 
GEOMETRIC_REPRESENTATION_ITEM() RATIONAL_B_SPLINE_CURVE((1.,
1.000504387783,1.)) REPRESENTATION_ITEM('') );
#1897 = CARTESIAN_POINT('',(25.12666451474,-3.1));
#1898 = CARTESIAN_POINT('',(25.498130367948,-3.427863525193));
#1899 = CARTESIAN_POINT('',(25.891185689546,-3.78));
#1900 = ( GEOMETRIC_REPRESENTATION_CONTEXT(2) 
PARAMETRIC_REPRESENTATION_CONTEXT() REPRESENTATION_CONTEXT('2D SPACE',''
  ) );
#1901 = PCURVE('',#1174,#1902);
#1902 = DEFINITIONAL_REPRESENTATION('',(#1903),#1910);
#1903 = B_SPLINE_CURVE_WITH_KNOTS('',5,(#1904,#1905,#1906,#1907,#1908,
    #1909),.UNSPECIFIED.,.F.,.F.,(6,6),(1.38750565061,1.434647355322),
  .PIECEWISE_BEZIER_KNOTS.);
#1904 = CARTESIAN_POINT('',(7.364594021768,0.));
#1905 = CARTESIAN_POINT('',(7.369026147852,9.736331384314E-02));
#1906 = CARTESIAN_POINT('',(7.373412170677,0.196026696762));
#1907 = CARTESIAN_POINT('',(7.377752548299,0.296008180023));
#1908 = CARTESIAN_POINT('',(7.382047744293,0.397326276211));
#1909 = CARTESIAN_POINT('',(7.386298225865,0.499999999999));
#1910 = ( GEOMETRIC_REPRESENTATION_CONTEXT(2) 
PARAMETRIC_REPRESENTATION_CONTEXT() REPRESENTATION_CONTEXT('2D SPACE',''
  ) );
#1911 = ADVANCED_FACE('',(#1912),#1346,.F.);
#1912 = FACE_BOUND('',#1913,.T.);
#1913 = EDGE_LOOP('',(#1914,#1915,#1938,#1971,#2032,#2060,#2086,#2108));
#1914 = ORIENTED_EDGE('',*,*,#1327,.F.);
#1915 = ORIENTED_EDGE('',*,*,#1916,.F.);
#1916 = EDGE_CURVE('',#1917,#1301,#1919,.T.);
#1917 = VERTEX_POINT('',#1918);
#1918 = CARTESIAN_POINT('',(-5.5,12.656618821787,2.4));
#1919 = SURFACE_CURVE('',#1920,(#1924,#1931),.PCURVE_S1.);
#1920 = LINE('',#1921,#1922);
#1921 = CARTESIAN_POINT('',(-5.5,12.656618821787,2.4));
#1922 = VECTOR('',#1923,1.);
#1923 = DIRECTION('',(-8.881784197001E-14,-7.845576040684E-14,1.));
#1924 = PCURVE('',#1346,#1925);
#1925 = DEFINITIONAL_REPRESENTATION('',(#1926),#1930);
#1926 = LINE('',#1927,#1928);
#1927 = CARTESIAN_POINT('',(-8.263917735596,0.));
#1928 = VECTOR('',#1929,1.);
#1929 = DIRECTION('',(-0.,-1.));
#1930 = ( GEOMETRIC_REPRESENTATION_CONTEXT(2) 
PARAMETRIC_REPRESENTATION_CONTEXT() REPRESENTATION_CONTEXT('2D SPACE',''
  ) );
#1931 = PCURVE('',#1315,#1932);
#1932 = DEFINITIONAL_REPRESENTATION('',(#1933),#1937);
#1933 = LINE('',#1934,#1935);
#1934 = CARTESIAN_POINT('',(2.143381178213,0.));
#1935 = VECTOR('',#1936,1.);
#1936 = DIRECTION('',(7.845576040684E-14,-1.));
#1937 = ( GEOMETRIC_REPRESENTATION_CONTEXT(2) 
PARAMETRIC_REPRESENTATION_CONTEXT() REPRESENTATION_CONTEXT('2D SPACE',''
  ) );
#1938 = ORIENTED_EDGE('',*,*,#1939,.T.);
#1939 = EDGE_CURVE('',#1917,#1940,#1942,.T.);
#1940 = VERTEX_POINT('',#1941);
#1941 = CARTESIAN_POINT('',(12.549199087328,5.740871211463,2.4));
#1942 = SURFACE_CURVE('',#1943,(#1948,#1955),.PCURVE_S1.);
#1943 = CIRCLE('',#1944,13.8);
#1944 = AXIS2_PLACEMENT_3D('',#1945,#1946,#1947);
#1945 = CARTESIAN_POINT('',(-1.7763568394E-15,1.7763568394E-15,2.4));
#1946 = DIRECTION('',(0.,-0.,-1.));
#1947 = DIRECTION('',(0.398550724638,-0.917146291434,0.));
#1948 = PCURVE('',#1346,#1949);
#1949 = DEFINITIONAL_REPRESENTATION('',(#1950),#1954);
#1950 = LINE('',#1951,#1952);
#1951 = CARTESIAN_POINT('',(-11.40551038918,0.));
#1952 = VECTOR('',#1953,1.);
#1953 = DIRECTION('',(1.,-0.));
#1954 = ( GEOMETRIC_REPRESENTATION_CONTEXT(2) 
PARAMETRIC_REPRESENTATION_CONTEXT() REPRESENTATION_CONTEXT('2D SPACE',''
  ) );
#1955 = PCURVE('',#1956,#1961);
#1956 = PLANE('',#1957);
#1957 = AXIS2_PLACEMENT_3D('',#1958,#1959,#1960);
#1958 = CARTESIAN_POINT('',(0.,0.,2.4));
#1959 = DIRECTION('',(0.,0.,1.));
#1960 = DIRECTION('',(1.,0.,-0.));
#1961 = DEFINITIONAL_REPRESENTATION('',(#1962),#1970);
#1962 = ( BOUNDED_CURVE() B_SPLINE_CURVE(2,(#1963,#1964,#1965,#1966,
#1967,#1968,#1969),.UNSPECIFIED.,.T.,.F.) B_SPLINE_CURVE_WITH_KNOTS((1,2
    ,2,2,2,1),(-2.094395102393,0.,2.094395102393,4.188790204786,
6.28318530718,8.377580409573),.UNSPECIFIED.) CURVE() 
GEOMETRIC_REPRESENTATION_ITEM() RATIONAL_B_SPLINE_CURVE((1.,0.5,1.,0.5,
1.,0.5,1.)) REPRESENTATION_ITEM('') );
#1963 = CARTESIAN_POINT('',(5.5,-12.65661882178));
#1964 = CARTESIAN_POINT('',(-16.42190685136,-22.18289826341));
#1965 = CARTESIAN_POINT('',(-13.71095342568,1.565169690079));
#1966 = CARTESIAN_POINT('',(-11.,25.313237643573));
#1967 = CARTESIAN_POINT('',(8.210953425683,11.091449131708));
#1968 = CARTESIAN_POINT('',(27.421906851367,-3.130339380158));
#1969 = CARTESIAN_POINT('',(5.5,-12.65661882178));
#1970 = ( GEOMETRIC_REPRESENTATION_CONTEXT(2) 
PARAMETRIC_REPRESENTATION_CONTEXT() REPRESENTATION_CONTEXT('2D SPACE',''
  ) );
#1971 = ORIENTED_EDGE('',*,*,#1972,.T.);
#1972 = EDGE_CURVE('',#1940,#1973,#1975,.T.);
#1973 = VERTEX_POINT('',#1974);
#1974 = CARTESIAN_POINT('',(12.992978873222,4.65,2.4));
#1975 = SURFACE_CURVE('',#1976,(#1991,#2009),.PCURVE_S1.);
#1976 = B_SPLINE_CURVE_WITH_KNOTS('',7,(#1977,#1978,#1979,#1980,#1981,
    #1982,#1983,#1984,#1985,#1986,#1987,#1988,#1989,#1990),
  .UNSPECIFIED.,.F.,.F.,(8,6,8),(0.,0.521030329564,1.),.UNSPECIFIED.);
#1977 = CARTESIAN_POINT('',(12.549199087328,5.740871211464,2.4));
#1978 = CARTESIAN_POINT('',(12.567781005026,5.700252257296,
    2.488620095482));
#1979 = CARTESIAN_POINT('',(12.594254582615,5.64197683172,2.571413086831
    ));
#1980 = CARTESIAN_POINT('',(12.627964025027,5.566848765672,
    2.643250233435));
#1981 = CARTESIAN_POINT('',(12.667198614949,5.477611783383,
    2.699702031091));
#1982 = CARTESIAN_POINT('',(12.709720662507,5.378151015134,2.73739056358
    ));
#1983 = CARTESIAN_POINT('',(12.753264133261,5.273245937909,
    2.754179265194));
#1984 = CARTESIAN_POINT('',(12.83480101545,5.07136646696,2.744958914255)
  );
#1985 = CARTESIAN_POINT('',(12.872167116245,4.976395615286,
    2.722384568334));
#1986 = CARTESIAN_POINT('',(12.90630064619,4.887162999572,2.682439625709
    ));
#1987 = CARTESIAN_POINT('',(12.936023056846,4.807373479843,
    2.626982907007));
#1988 = CARTESIAN_POINT('',(12.960593680768,4.740093041321,
    2.558838118792));
#1989 = CARTESIAN_POINT('',(12.979572046792,4.687461207004,
    2.481730704534));
#1990 = CARTESIAN_POINT('',(12.992978873222,4.65,2.4));
#1991 = PCURVE('',#1346,#1992);
#1992 = DEFINITIONAL_REPRESENTATION('',(#1993),#2008);
#1993 = B_SPLINE_CURVE_WITH_KNOTS('',7,(#1994,#1995,#1996,#1997,#1998,
    #1999,#2000,#2001,#2002,#2003,#2004,#2005,#2006,#2007),
  .UNSPECIFIED.,.F.,.F.,(8,6,8),(0.,0.521030329564,1.),.UNSPECIFIED.);
#1994 = CARTESIAN_POINT('',(-6.712233177408,4.163336342344E-15));
#1995 = CARTESIAN_POINT('',(-6.708996400791,-8.862009548156E-02));
#1996 = CARTESIAN_POINT('',(-6.704358244268,-0.171413086831));
#1997 = CARTESIAN_POINT('',(-6.698391360559,-0.243250233435));
#1998 = CARTESIAN_POINT('',(-6.691327954905,-0.299702031091));
#1999 = CARTESIAN_POINT('',(-6.683490319943,-0.33739056358));
#2000 = CARTESIAN_POINT('',(-6.675260037088,-0.354179265194));
#2001 = CARTESIAN_POINT('',(-6.659482961637,-0.344958914255));
#2002 = CARTESIAN_POINT('',(-6.652087804519,-0.322384568334));
#2003 = CARTESIAN_POINT('',(-6.645165235645,-0.282439625709));
#2004 = CARTESIAN_POINT('',(-6.638995536216,-0.226982907007));
#2005 = CARTESIAN_POINT('',(-6.633805260939,-0.158838118792));
#2006 = CARTESIAN_POINT('',(-6.629751000506,-8.173070453429E-02));
#2007 = CARTESIAN_POINT('',(-6.626867812026,1.887379141863E-15));
#2008 = ( GEOMETRIC_REPRESENTATION_CONTEXT(2) 
PARAMETRIC_REPRESENTATION_CONTEXT() REPRESENTATION_CONTEXT('2D SPACE',''
  ) );
#2009 = PCURVE('',#2010,#2015);
#2010 = CYLINDRICAL_SURFACE('',#2011,0.6);
#2011 = AXIS2_PLACEMENT_3D('',#2012,#2013,#2014);
#2012 = CARTESIAN_POINT('',(0.,5.195435605732,2.15));
#2013 = DIRECTION('',(-1.,-0.,-0.));
#2014 = DIRECTION('',(0.,1.,0.));
#2015 = DEFINITIONAL_REPRESENTATION('',(#2016),#2031);
#2016 = B_SPLINE_CURVE_WITH_KNOTS('',7,(#2017,#2018,#2019,#2020,#2021,
    #2022,#2023,#2024,#2025,#2026,#2027,#2028,#2029,#2030),
  .UNSPECIFIED.,.F.,.F.,(8,6,8),(0.,0.521030329564,1.),.UNSPECIFIED.);
#2017 = CARTESIAN_POINT('',(-0.429775431305,-12.54919908732));
#2018 = CARTESIAN_POINT('',(-0.592251247973,-12.56778100502));
#2019 = CARTESIAN_POINT('',(-0.758158292141,-12.59425458261));
#2020 = CARTESIAN_POINT('',(-0.926184970107,-12.62796402502));
#2021 = CARTESIAN_POINT('',(-1.096009477509,-12.66719861494));
#2022 = CARTESIAN_POINT('',(-1.267561579351,-12.7097206625));
#2023 = CARTESIAN_POINT('',(-1.440945533472,-12.75326413326));
#2024 = CARTESIAN_POINT('',(-1.777762066378,-12.83480101545));
#2025 = CARTESIAN_POINT('',(-1.937599033313,-12.87216711624));
#2026 = CARTESIAN_POINT('',(-2.096057879785,-12.90630064619));
#2027 = CARTESIAN_POINT('',(-2.253129897672,-12.93602305684));
#2028 = CARTESIAN_POINT('',(-2.408597877454,-12.96059368076));
#2029 = CARTESIAN_POINT('',(-2.56197239427,-12.97957204679));
#2030 = CARTESIAN_POINT('',(-2.711817222285,-12.99297887322));
#2031 = ( GEOMETRIC_REPRESENTATION_CONTEXT(2) 
PARAMETRIC_REPRESENTATION_CONTEXT() REPRESENTATION_CONTEXT('2D SPACE',''
  ) );
#2032 = ORIENTED_EDGE('',*,*,#2033,.T.);
#2033 = EDGE_CURVE('',#1973,#2034,#2036,.T.);
#2034 = VERTEX_POINT('',#2035);
#2035 = CARTESIAN_POINT('',(12.938315191708,-4.8,2.4));
#2036 = SURFACE_CURVE('',#2037,(#2042,#2049),.PCURVE_S1.);
#2037 = CIRCLE('',#2038,13.8);
#2038 = AXIS2_PLACEMENT_3D('',#2039,#2040,#2041);
#2039 = CARTESIAN_POINT('',(-1.7763568394E-15,1.7763568394E-15,2.4));
#2040 = DIRECTION('',(0.,-0.,-1.));
#2041 = DIRECTION('',(0.398550724638,-0.917146291434,0.));
#2042 = PCURVE('',#1346,#2043);
#2043 = DEFINITIONAL_REPRESENTATION('',(#2044),#2048);
#2044 = LINE('',#2045,#2046);
#2045 = CARTESIAN_POINT('',(-11.40551038918,0.));
#2046 = VECTOR('',#2047,1.);
#2047 = DIRECTION('',(1.,-0.));
#2048 = ( GEOMETRIC_REPRESENTATION_CONTEXT(2) 
PARAMETRIC_REPRESENTATION_CONTEXT() REPRESENTATION_CONTEXT('2D SPACE',''
  ) );
#2049 = PCURVE('',#1956,#2050);
#2050 = DEFINITIONAL_REPRESENTATION('',(#2051),#2059);
#2051 = ( BOUNDED_CURVE() B_SPLINE_CURVE(2,(#2052,#2053,#2054,#2055,
#2056,#2057,#2058),.UNSPECIFIED.,.T.,.F.) B_SPLINE_CURVE_WITH_KNOTS((1,2
    ,2,2,2,1),(-2.094395102393,0.,2.094395102393,4.188790204786,
6.28318530718,8.377580409573),.UNSPECIFIED.) CURVE() 
GEOMETRIC_REPRESENTATION_ITEM() RATIONAL_B_SPLINE_CURVE((1.,0.5,1.,0.5,
1.,0.5,1.)) REPRESENTATION_ITEM('') );
#2052 = CARTESIAN_POINT('',(5.5,-12.65661882178));
#2053 = CARTESIAN_POINT('',(-16.42190685136,-22.18289826341));
#2054 = CARTESIAN_POINT('',(-13.71095342568,1.565169690079));
#2055 = CARTESIAN_POINT('',(-11.,25.313237643573));
#2056 = CARTESIAN_POINT('',(8.210953425683,11.091449131708));
#2057 = CARTESIAN_POINT('',(27.421906851367,-3.130339380158));
#2058 = CARTESIAN_POINT('',(5.5,-12.65661882178));
#2059 = ( GEOMETRIC_REPRESENTATION_CONTEXT(2) 
PARAMETRIC_REPRESENTATION_CONTEXT() REPRESENTATION_CONTEXT('2D SPACE',''
  ) );
#2060 = ORIENTED_EDGE('',*,*,#2061,.F.);
#2061 = EDGE_CURVE('',#2062,#2034,#2064,.T.);
#2062 = VERTEX_POINT('',#2063);
#2063 = CARTESIAN_POINT('',(12.938315191708,-4.8,4.2));
#2064 = SURFACE_CURVE('',#2065,(#2069,#2075),.PCURVE_S1.);
#2065 = LINE('',#2066,#2067);
#2066 = CARTESIAN_POINT('',(12.938315191709,-4.8,2.4));
#2067 = VECTOR('',#2068,1.);
#2068 = DIRECTION('',(-0.,-0.,-1.));
#2069 = PCURVE('',#1346,#2070);
#2070 = DEFINITIONAL_REPRESENTATION('',(#2071),#2074);
#2071 = B_SPLINE_CURVE_WITH_KNOTS('',1,(#2072,#2073),.UNSPECIFIED.,.F.,
  .F.,(2,2),(-1.8,0.),.PIECEWISE_BEZIER_KNOTS.);
#2072 = CARTESIAN_POINT('',(-5.927933898241,-1.8));
#2073 = CARTESIAN_POINT('',(-5.927933898241,0.));
#2074 = ( GEOMETRIC_REPRESENTATION_CONTEXT(2) 
PARAMETRIC_REPRESENTATION_CONTEXT() REPRESENTATION_CONTEXT('2D SPACE',''
  ) );
#2075 = PCURVE('',#2076,#2081);
#2076 = PLANE('',#2077);
#2077 = AXIS2_PLACEMENT_3D('',#2078,#2079,#2080);
#2078 = CARTESIAN_POINT('',(5.5,-4.8,2.4));
#2079 = DIRECTION('',(0.,1.,0.));
#2080 = DIRECTION('',(0.,0.,1.));
#2081 = DEFINITIONAL_REPRESENTATION('',(#2082),#2085);
#2082 = B_SPLINE_CURVE_WITH_KNOTS('',1,(#2083,#2084),.UNSPECIFIED.,.F.,
  .F.,(2,2),(-1.98,5.999999999062E-07),.PIECEWISE_BEZIER_KNOTS.);
#2083 = CARTESIAN_POINT('',(1.98,7.438315191709));
#2084 = CARTESIAN_POINT('',(-5.999999999062E-07,7.438315191709));
#2085 = ( GEOMETRIC_REPRESENTATION_CONTEXT(2) 
PARAMETRIC_REPRESENTATION_CONTEXT() REPRESENTATION_CONTEXT('2D SPACE',''
  ) );
#2086 = ORIENTED_EDGE('',*,*,#2087,.T.);
#2087 = EDGE_CURVE('',#2062,#1815,#2088,.T.);
#2088 = SURFACE_CURVE('',#2089,(#2094,#2101),.PCURVE_S1.);
#2089 = CIRCLE('',#2090,13.8);
#2090 = AXIS2_PLACEMENT_3D('',#2091,#2092,#2093);
#2091 = CARTESIAN_POINT('',(0.,0.,4.2));
#2092 = DIRECTION('',(0.,0.,1.));
#2093 = DIRECTION('',(0.937559071863,-0.347826086957,0.));
#2094 = PCURVE('',#1346,#2095);
#2095 = DEFINITIONAL_REPRESENTATION('',(#2096),#2100);
#2096 = LINE('',#2097,#2098);
#2097 = CARTESIAN_POINT('',(-5.927933898241,-1.8));
#2098 = VECTOR('',#2099,1.);
#2099 = DIRECTION('',(-1.,0.));
#2100 = ( GEOMETRIC_REPRESENTATION_CONTEXT(2) 
PARAMETRIC_REPRESENTATION_CONTEXT() REPRESENTATION_CONTEXT('2D SPACE',''
  ) );
#2101 = PCURVE('',#1850,#2102);
#2102 = DEFINITIONAL_REPRESENTATION('',(#2103),#2107);
#2103 = CIRCLE('',#2104,13.8);
#2104 = AXIS2_PLACEMENT_2D('',#2105,#2106);
#2105 = CARTESIAN_POINT('',(3.963594587071E-16,-2.293813898064E-16));
#2106 = DIRECTION('',(0.937559071863,-0.347826086957));
#2107 = ( GEOMETRIC_REPRESENTATION_CONTEXT(2) 
PARAMETRIC_REPRESENTATION_CONTEXT() REPRESENTATION_CONTEXT('2D SPACE',''
  ) );
#2108 = ORIENTED_EDGE('',*,*,#1814,.F.);
#2109 = ADVANCED_FACE('',(#2110),#1174,.F.);
#2110 = FACE_BOUND('',#2111,.F.);
#2111 = EDGE_LOOP('',(#2112,#2136,#2137,#2138));
#2112 = ORIENTED_EDGE('',*,*,#2113,.F.);
#2113 = EDGE_CURVE('',#1862,#2114,#2116,.T.);
#2114 = VERTEX_POINT('',#2115);
#2115 = CARTESIAN_POINT('',(5.5,-10.32666451474,5.5));
#2116 = SURFACE_CURVE('',#2117,(#2122,#2129),.PCURVE_S1.);
#2117 = CIRCLE('',#2118,11.7);
#2118 = AXIS2_PLACEMENT_3D('',#2119,#2120,#2121);
#2119 = CARTESIAN_POINT('',(0.,0.,5.5));
#2120 = DIRECTION('',(0.,0.,-1.));
#2121 = DIRECTION('',(0.470085470085,0.882620898696,0.));
#2122 = PCURVE('',#1174,#2123);
#2123 = DEFINITIONAL_REPRESENTATION('',(#2124),#2128);
#2124 = LINE('',#2125,#2126);
#2125 = CARTESIAN_POINT('',(7.364594021768,0.));
#2126 = VECTOR('',#2127,1.);
#2127 = DIRECTION('',(-1.,-0.));
#2128 = ( GEOMETRIC_REPRESENTATION_CONTEXT(2) 
PARAMETRIC_REPRESENTATION_CONTEXT() REPRESENTATION_CONTEXT('2D SPACE',''
  ) );
#2129 = PCURVE('',#1876,#2130);
#2130 = DEFINITIONAL_REPRESENTATION('',(#2131),#2135);
#2131 = LINE('',#2132,#2133);
#2132 = CARTESIAN_POINT('',(-7.364594021768,-3.1));
#2133 = VECTOR('',#2134,1.);
#2134 = DIRECTION('',(1.,-0.));
#2135 = ( GEOMETRIC_REPRESENTATION_CONTEXT(2) 
PARAMETRIC_REPRESENTATION_CONTEXT() REPRESENTATION_CONTEXT('2D SPACE',''
  ) );
#2136 = ORIENTED_EDGE('',*,*,#1887,.T.);
#2137 = ORIENTED_EDGE('',*,*,#1153,.T.);
#2138 = ORIENTED_EDGE('',*,*,#2139,.T.);
#2139 = EDGE_CURVE('',#1154,#2114,#2140,.T.);
#2140 = SURFACE_CURVE('',#2141,(#2146,#2156),.PCURVE_S1.);
#2141 = HYPERBOLA('',#2142,5.5,5.5);
#2142 = AXIS2_PLACEMENT_3D('',#2143,#2144,#2145);
#2143 = CARTESIAN_POINT('',(5.5,0.,-6.2));
#2144 = DIRECTION('',(-1.,0.,0.));
#2145 = DIRECTION('',(0.,0.,1.));
#2146 = PCURVE('',#1174,#2147);
#2147 = DEFINITIONAL_REPRESENTATION('',(#2148),#2155);
#2148 = B_SPLINE_CURVE_WITH_KNOTS('',5,(#2149,#2150,#2151,#2152,#2153,
    #2154),.UNSPECIFIED.,.F.,.F.,(6,6),(-1.434647355322,-1.38750565061),
  .PIECEWISE_BEZIER_KNOTS.);
#2149 = CARTESIAN_POINT('',(5.180072388494,0.499999999999));
#2150 = CARTESIAN_POINT('',(5.184322870066,0.397326276211));
#2151 = CARTESIAN_POINT('',(5.188618066061,0.296008180023));
#2152 = CARTESIAN_POINT('',(5.192958443682,0.196026696762));
#2153 = CARTESIAN_POINT('',(5.197344466507,9.736331384314E-02));
#2154 = CARTESIAN_POINT('',(5.201776592591,4.440892098501E-15));
#2155 = ( GEOMETRIC_REPRESENTATION_CONTEXT(2) 
PARAMETRIC_REPRESENTATION_CONTEXT() REPRESENTATION_CONTEXT('2D SPACE',''
  ) );
#2156 = PCURVE('',#1201,#2157);
#2157 = DEFINITIONAL_REPRESENTATION('',(#2158),#2162);
#2158 = HYPERBOLA('',#2159,5.5,5.5);
#2159 = AXIS2_PLACEMENT_2D('',#2160,#2161);
#2160 = CARTESIAN_POINT('',(14.8,8.6));
#2161 = DIRECTION('',(0.,-1.));
#2162 = ( GEOMETRIC_REPRESENTATION_CONTEXT(2) 
PARAMETRIC_REPRESENTATION_CONTEXT() REPRESENTATION_CONTEXT('2D SPACE',''
  ) );
#2163 = ADVANCED_FACE('',(#2164),#1315,.T.);
#2164 = FACE_BOUND('',#2165,.T.);
#2165 = EDGE_LOOP('',(#2166,#2196,#2217,#2218,#2219));
#2166 = ORIENTED_EDGE('',*,*,#2167,.T.);
#2167 = EDGE_CURVE('',#2168,#2170,#2172,.T.);
#2168 = VERTEX_POINT('',#2169);
#2169 = CARTESIAN_POINT('',(-5.5,10.32666451474,5.5));
#2170 = VERTEX_POINT('',#2171);
#2171 = CARTESIAN_POINT('',(-5.5,10.32666451474,2.4));
#2172 = SURFACE_CURVE('',#2173,(#2177,#2184),.PCURVE_S1.);
#2173 = LINE('',#2174,#2175);
#2174 = CARTESIAN_POINT('',(-5.5,10.32666451474,5.5));
#2175 = VECTOR('',#2176,1.);
#2176 = DIRECTION('',(-1.976913256752E-14,-3.094299010568E-14,-1.));
#2177 = PCURVE('',#1315,#2178);
#2178 = DEFINITIONAL_REPRESENTATION('',(#2179),#2183);
#2179 = LINE('',#2180,#2181);
#2180 = CARTESIAN_POINT('',(4.47333548526,-3.1));
#2181 = VECTOR('',#2182,1.);
#2182 = DIRECTION('',(3.094299010568E-14,1.));
#2183 = ( GEOMETRIC_REPRESENTATION_CONTEXT(2) 
PARAMETRIC_REPRESENTATION_CONTEXT() REPRESENTATION_CONTEXT('2D SPACE',''
  ) );
#2184 = PCURVE('',#2185,#2190);
#2185 = CYLINDRICAL_SURFACE('',#2186,11.7);
#2186 = AXIS2_PLACEMENT_3D('',#2187,#2188,#2189);
#2187 = CARTESIAN_POINT('',(0.,0.,2.4));
#2188 = DIRECTION('',(-0.,-0.,-1.));
#2189 = DIRECTION('',(1.,0.,0.));
#2190 = DEFINITIONAL_REPRESENTATION('',(#2191),#2195);
#2191 = LINE('',#2192,#2193);
#2192 = CARTESIAN_POINT('',(-2.060183939001,-3.1));
#2193 = VECTOR('',#2194,1.);
#2194 = DIRECTION('',(-0.,1.));
#2195 = ( GEOMETRIC_REPRESENTATION_CONTEXT(2) 
PARAMETRIC_REPRESENTATION_CONTEXT() REPRESENTATION_CONTEXT('2D SPACE',''
  ) );
#2196 = ORIENTED_EDGE('',*,*,#2197,.F.);
#2197 = EDGE_CURVE('',#1917,#2170,#2198,.T.);
#2198 = SURFACE_CURVE('',#2199,(#2203,#2210),.PCURVE_S1.);
#2199 = LINE('',#2200,#2201);
#2200 = CARTESIAN_POINT('',(-5.5,14.8,2.4));
#2201 = VECTOR('',#2202,1.);
#2202 = DIRECTION('',(-1.224646799147E-16,-1.,0.));
#2203 = PCURVE('',#1315,#2204);
#2204 = DEFINITIONAL_REPRESENTATION('',(#2205),#2209);
#2205 = LINE('',#2206,#2207);
#2206 = CARTESIAN_POINT('',(0.,0.));
#2207 = VECTOR('',#2208,1.);
#2208 = DIRECTION('',(1.,0.));
#2209 = ( GEOMETRIC_REPRESENTATION_CONTEXT(2) 
PARAMETRIC_REPRESENTATION_CONTEXT() REPRESENTATION_CONTEXT('2D SPACE',''
  ) );
#2210 = PCURVE('',#1956,#2211);
#2211 = DEFINITIONAL_REPRESENTATION('',(#2212),#2216);
#2212 = LINE('',#2213,#2214);
#2213 = CARTESIAN_POINT('',(-5.5,14.8));
#2214 = VECTOR('',#2215,1.);
#2215 = DIRECTION('',(-1.224646799147E-16,-1.));
#2216 = ( GEOMETRIC_REPRESENTATION_CONTEXT(2) 
PARAMETRIC_REPRESENTATION_CONTEXT() REPRESENTATION_CONTEXT('2D SPACE',''
  ) );
#2217 = ORIENTED_EDGE('',*,*,#1916,.T.);
#2218 = ORIENTED_EDGE('',*,*,#1300,.F.);
#2219 = ORIENTED_EDGE('',*,*,#2220,.T.);
#2220 = EDGE_CURVE('',#1272,#2168,#2221,.T.);
#2221 = SURFACE_CURVE('',#2222,(#2227,#2234),.PCURVE_S1.);
#2222 = HYPERBOLA('',#2223,5.5,5.5);
#2223 = AXIS2_PLACEMENT_3D('',#2224,#2225,#2226);
#2224 = CARTESIAN_POINT('',(-5.5,0.,-6.2));
#2225 = DIRECTION('',(1.,0.,-0.));
#2226 = DIRECTION('',(0.,0.,1.));
#2227 = PCURVE('',#1315,#2228);
#2228 = DEFINITIONAL_REPRESENTATION('',(#2229),#2233);
#2229 = HYPERBOLA('',#2230,5.5,5.5);
#2230 = AXIS2_PLACEMENT_2D('',#2231,#2232);
#2231 = CARTESIAN_POINT('',(14.8,8.6));
#2232 = DIRECTION('',(0.,-1.));
#2233 = ( GEOMETRIC_REPRESENTATION_CONTEXT(2) 
PARAMETRIC_REPRESENTATION_CONTEXT() REPRESENTATION_CONTEXT('2D SPACE',''
  ) );
#2234 = PCURVE('',#1288,#2235);
#2235 = DEFINITIONAL_REPRESENTATION('',(#2236),#2243);
#2236 = B_SPLINE_CURVE_WITH_KNOTS('',5,(#2237,#2238,#2239,#2240,#2241,
    #2242),.UNSPECIFIED.,.F.,.F.,(6,6),(-1.451025435716,-1.38750565061),
  .PIECEWISE_BEZIER_KNOTS.);
#2237 = CARTESIAN_POINT('',(2.031149949219,0.68));
#2238 = CARTESIAN_POINT('',(2.036793871966,0.539098053686));
#2239 = CARTESIAN_POINT('',(2.042518089519,0.400693625707));
#2240 = CARTESIAN_POINT('',(2.048323750415,0.264739340724));
#2241 = CARTESIAN_POINT('',(2.054211993393,0.131189502167));
#2242 = CARTESIAN_POINT('',(2.060183939001,-8.881784197001E-16));
#2243 = ( GEOMETRIC_REPRESENTATION_CONTEXT(2) 
PARAMETRIC_REPRESENTATION_CONTEXT() REPRESENTATION_CONTEXT('2D SPACE',''
  ) );
#2244 = ADVANCED_FACE('',(#2245),#1201,.T.);
#2245 = FACE_BOUND('',#2246,.T.);
#2246 = EDGE_LOOP('',(#2247,#2270,#2293,#2314,#2315));
#2247 = ORIENTED_EDGE('',*,*,#2248,.T.);
#2248 = EDGE_CURVE('',#2114,#2249,#2251,.T.);
#2249 = VERTEX_POINT('',#2250);
#2250 = CARTESIAN_POINT('',(5.5,-10.32666451474,2.4));
#2251 = SURFACE_CURVE('',#2252,(#2256,#2263),.PCURVE_S1.);
#2252 = LINE('',#2253,#2254);
#2253 = CARTESIAN_POINT('',(5.5,-10.32666451474,5.5));
#2254 = VECTOR('',#2255,1.);
#2255 = DIRECTION('',(7.363285608482E-14,5.844787019962E-14,-1.));
#2256 = PCURVE('',#1201,#2257);
#2257 = DEFINITIONAL_REPRESENTATION('',(#2258),#2262);
#2258 = LINE('',#2259,#2260);
#2259 = CARTESIAN_POINT('',(4.47333548526,-3.1));
#2260 = VECTOR('',#2261,1.);
#2261 = DIRECTION('',(5.844787019962E-14,1.));
#2262 = ( GEOMETRIC_REPRESENTATION_CONTEXT(2) 
PARAMETRIC_REPRESENTATION_CONTEXT() REPRESENTATION_CONTEXT('2D SPACE',''
  ) );
#2263 = PCURVE('',#1876,#2264);
#2264 = DEFINITIONAL_REPRESENTATION('',(#2265),#2269);
#2265 = LINE('',#2266,#2267);
#2266 = CARTESIAN_POINT('',(-5.201776592591,-3.1));
#2267 = VECTOR('',#2268,1.);
#2268 = DIRECTION('',(-0.,1.));
#2269 = ( GEOMETRIC_REPRESENTATION_CONTEXT(2) 
PARAMETRIC_REPRESENTATION_CONTEXT() REPRESENTATION_CONTEXT('2D SPACE',''
  ) );
#2270 = ORIENTED_EDGE('',*,*,#2271,.F.);
#2271 = EDGE_CURVE('',#2272,#2249,#2274,.T.);
#2272 = VERTEX_POINT('',#2273);
#2273 = CARTESIAN_POINT('',(5.5,-12.65661882178,2.4));
#2274 = SURFACE_CURVE('',#2275,(#2279,#2286),.PCURVE_S1.);
#2275 = LINE('',#2276,#2277);
#2276 = CARTESIAN_POINT('',(5.5,-14.8,2.4));
#2277 = VECTOR('',#2278,1.);
#2278 = DIRECTION('',(0.,1.,0.));
#2279 = PCURVE('',#1201,#2280);
#2280 = DEFINITIONAL_REPRESENTATION('',(#2281),#2285);
#2281 = LINE('',#2282,#2283);
#2282 = CARTESIAN_POINT('',(0.,0.));
#2283 = VECTOR('',#2284,1.);
#2284 = DIRECTION('',(1.,0.));
#2285 = ( GEOMETRIC_REPRESENTATION_CONTEXT(2) 
PARAMETRIC_REPRESENTATION_CONTEXT() REPRESENTATION_CONTEXT('2D SPACE',''
  ) );
#2286 = PCURVE('',#1956,#2287);
#2287 = DEFINITIONAL_REPRESENTATION('',(#2288),#2292);
#2288 = LINE('',#2289,#2290);
#2289 = CARTESIAN_POINT('',(5.5,-14.8));
#2290 = VECTOR('',#2291,1.);
#2291 = DIRECTION('',(0.,1.));
#2292 = ( GEOMETRIC_REPRESENTATION_CONTEXT(2) 
PARAMETRIC_REPRESENTATION_CONTEXT() REPRESENTATION_CONTEXT('2D SPACE',''
  ) );
#2293 = ORIENTED_EDGE('',*,*,#2294,.T.);
#2294 = EDGE_CURVE('',#2272,#1187,#2295,.T.);
#2295 = SURFACE_CURVE('',#2296,(#2300,#2307),.PCURVE_S1.);
#2296 = LINE('',#2297,#2298);
#2297 = CARTESIAN_POINT('',(5.5,-12.65661882178,2.4));
#2298 = VECTOR('',#2299,1.);
#2299 = DIRECTION('',(4.440892098501E-15,4.440892098501E-15,1.));
#2300 = PCURVE('',#1201,#2301);
#2301 = DEFINITIONAL_REPRESENTATION('',(#2302),#2306);
#2302 = LINE('',#2303,#2304);
#2303 = CARTESIAN_POINT('',(2.143381178213,0.));
#2304 = VECTOR('',#2305,1.);
#2305 = DIRECTION('',(4.440892098501E-15,-1.));
#2306 = ( GEOMETRIC_REPRESENTATION_CONTEXT(2) 
PARAMETRIC_REPRESENTATION_CONTEXT() REPRESENTATION_CONTEXT('2D SPACE',''
  ) );
#2307 = PCURVE('',#1234,#2308);
#2308 = DEFINITIONAL_REPRESENTATION('',(#2309),#2313);
#2309 = LINE('',#2310,#2311);
#2310 = CARTESIAN_POINT('',(-11.40551038918,0.));
#2311 = VECTOR('',#2312,1.);
#2312 = DIRECTION('',(-0.,-1.));
#2313 = ( GEOMETRIC_REPRESENTATION_CONTEXT(2) 
PARAMETRIC_REPRESENTATION_CONTEXT() REPRESENTATION_CONTEXT('2D SPACE',''
  ) );
#2314 = ORIENTED_EDGE('',*,*,#1186,.F.);
#2315 = ORIENTED_EDGE('',*,*,#2139,.T.);
#2316 = ADVANCED_FACE('',(#2317),#1288,.F.);
#2317 = FACE_BOUND('',#2318,.F.);
#2318 = EDGE_LOOP('',(#2319,#2320,#2343,#2368));
#2319 = ORIENTED_EDGE('',*,*,#2220,.T.);
#2320 = ORIENTED_EDGE('',*,*,#2321,.T.);
#2321 = EDGE_CURVE('',#2168,#2322,#2324,.T.);
#2322 = VERTEX_POINT('',#2323);
#2323 = CARTESIAN_POINT('',(-5.5,-10.32666451474,5.5));
#2324 = SURFACE_CURVE('',#2325,(#2330,#2337),.PCURVE_S1.);
#2325 = CIRCLE('',#2326,11.7);
#2326 = AXIS2_PLACEMENT_3D('',#2327,#2328,#2329);
#2327 = CARTESIAN_POINT('',(0.,0.,5.5));
#2328 = DIRECTION('',(0.,0.,1.));
#2329 = DIRECTION('',(1.,0.,-0.));
#2330 = PCURVE('',#1288,#2331);
#2331 = DEFINITIONAL_REPRESENTATION('',(#2332),#2336);
#2332 = LINE('',#2333,#2334);
#2333 = CARTESIAN_POINT('',(0.,0.));
#2334 = VECTOR('',#2335,1.);
#2335 = DIRECTION('',(1.,0.));
#2336 = ( GEOMETRIC_REPRESENTATION_CONTEXT(2) 
PARAMETRIC_REPRESENTATION_CONTEXT() REPRESENTATION_CONTEXT('2D SPACE',''
  ) );
#2337 = PCURVE('',#2185,#2338);
#2338 = DEFINITIONAL_REPRESENTATION('',(#2339),#2342);
#2339 = B_SPLINE_CURVE_WITH_KNOTS('',1,(#2340,#2341),.UNSPECIFIED.,.F.,
  .F.,(2,2),(2.060183939001,4.223001368178),.PIECEWISE_BEZIER_KNOTS.);
#2340 = CARTESIAN_POINT('',(-2.060183939001,-3.1));
#2341 = CARTESIAN_POINT('',(-4.223001368178,-3.1));
#2342 = ( GEOMETRIC_REPRESENTATION_CONTEXT(2) 
PARAMETRIC_REPRESENTATION_CONTEXT() REPRESENTATION_CONTEXT('2D SPACE',''
  ) );
#2343 = ORIENTED_EDGE('',*,*,#2344,.T.);
#2344 = EDGE_CURVE('',#2322,#1246,#2345,.T.);
#2345 = SURFACE_CURVE('',#2346,(#2351,#2361),.PCURVE_S1.);
#2346 = HYPERBOLA('',#2347,5.5,5.5);
#2347 = AXIS2_PLACEMENT_3D('',#2348,#2349,#2350);
#2348 = CARTESIAN_POINT('',(-5.5,0.,-6.2));
#2349 = DIRECTION('',(1.,0.,-0.));
#2350 = DIRECTION('',(0.,0.,1.));
#2351 = PCURVE('',#1288,#2352);
#2352 = DEFINITIONAL_REPRESENTATION('',(#2353),#2360);
#2353 = B_SPLINE_CURVE_WITH_KNOTS('',5,(#2354,#2355,#2356,#2357,#2358,
    #2359),.UNSPECIFIED.,.F.,.F.,(6,6),(1.38750565061,1.451025435716),
  .PIECEWISE_BEZIER_KNOTS.);
#2354 = CARTESIAN_POINT('',(4.223001368178,-2.6645352591E-15));
#2355 = CARTESIAN_POINT('',(4.228973313787,0.131189502167));
#2356 = CARTESIAN_POINT('',(4.234861556765,0.264739340724));
#2357 = CARTESIAN_POINT('',(4.240667217661,0.400693625707));
#2358 = CARTESIAN_POINT('',(4.246391435213,0.539098053686));
#2359 = CARTESIAN_POINT('',(4.252035357961,0.68));
#2360 = ( GEOMETRIC_REPRESENTATION_CONTEXT(2) 
PARAMETRIC_REPRESENTATION_CONTEXT() REPRESENTATION_CONTEXT('2D SPACE',''
  ) );
#2361 = PCURVE('',#1260,#2362);
#2362 = DEFINITIONAL_REPRESENTATION('',(#2363),#2367);
#2363 = ( BOUNDED_CURVE() B_SPLINE_CURVE(2,(#2364,#2365,#2366),
.UNSPECIFIED.,.F.,.F.) B_SPLINE_CURVE_WITH_KNOTS((3,3),(1.38750565061,
1.451025435716),.PIECEWISE_BEZIER_KNOTS.) CURVE() 
GEOMETRIC_REPRESENTATION_ITEM() RATIONAL_B_SPLINE_CURVE((1.,
1.000504387783,1.)) REPRESENTATION_ITEM('') );
#2364 = CARTESIAN_POINT('',(25.12666451474,-3.1));
#2365 = CARTESIAN_POINT('',(25.498130367948,-3.427863525193));
#2366 = CARTESIAN_POINT('',(25.891185689546,-3.78));
#2367 = ( GEOMETRIC_REPRESENTATION_CONTEXT(2) 
PARAMETRIC_REPRESENTATION_CONTEXT() REPRESENTATION_CONTEXT('2D SPACE',''
  ) );
#2368 = ORIENTED_EDGE('',*,*,#1271,.F.);
#2369 = ADVANCED_FACE('',(#2370),#1234,.F.);
#2370 = FACE_BOUND('',#2371,.T.);
#2371 = EDGE_LOOP('',(#2372,#2400,#2428,#2447,#2448,#2449,#2477,#2556));
#2372 = ORIENTED_EDGE('',*,*,#2373,.F.);
#2373 = EDGE_CURVE('',#2374,#2376,#2378,.T.);
#2374 = VERTEX_POINT('',#2375);
#2375 = CARTESIAN_POINT('',(-12.9383151917,4.8,4.2));
#2376 = VERTEX_POINT('',#2377);
#2377 = CARTESIAN_POINT('',(-12.9383151917,4.8,2.4));
#2378 = SURFACE_CURVE('',#2379,(#2383,#2389),.PCURVE_S1.);
#2379 = LINE('',#2380,#2381);
#2380 = CARTESIAN_POINT('',(-12.9383151917,4.8,2.4));
#2381 = VECTOR('',#2382,1.);
#2382 = DIRECTION('',(-0.,-0.,-1.));
#2383 = PCURVE('',#1234,#2384);
#2384 = DEFINITIONAL_REPRESENTATION('',(#2385),#2388);
#2385 = B_SPLINE_CURVE_WITH_KNOTS('',1,(#2386,#2387),.UNSPECIFIED.,.F.,
  .F.,(2,2),(-1.98,5.999999999062E-07),.PIECEWISE_BEZIER_KNOTS.);
#2386 = CARTESIAN_POINT('',(-9.069526551831,-1.98));
#2387 = CARTESIAN_POINT('',(-9.069526551831,5.999999999062E-07));
#2388 = ( GEOMETRIC_REPRESENTATION_CONTEXT(2) 
PARAMETRIC_REPRESENTATION_CONTEXT() REPRESENTATION_CONTEXT('2D SPACE',''
  ) );
#2389 = PCURVE('',#2390,#2395);
#2390 = PLANE('',#2391);
#2391 = AXIS2_PLACEMENT_3D('',#2392,#2393,#2394);
#2392 = CARTESIAN_POINT('',(-5.5,4.8,2.4));
#2393 = DIRECTION('',(-1.224646799147E-16,-1.,0.));
#2394 = DIRECTION('',(0.,0.,1.));
#2395 = DEFINITIONAL_REPRESENTATION('',(#2396),#2399);
#2396 = B_SPLINE_CURVE_WITH_KNOTS('',1,(#2397,#2398),.UNSPECIFIED.,.F.,
  .F.,(2,2),(-1.98,5.999999999062E-07),.PIECEWISE_BEZIER_KNOTS.);
#2397 = CARTESIAN_POINT('',(1.98,7.438315191709));
#2398 = CARTESIAN_POINT('',(-5.999999999062E-07,7.438315191709));
#2399 = ( GEOMETRIC_REPRESENTATION_CONTEXT(2) 
PARAMETRIC_REPRESENTATION_CONTEXT() REPRESENTATION_CONTEXT('2D SPACE',''
  ) );
#2400 = ORIENTED_EDGE('',*,*,#2401,.T.);
#2401 = EDGE_CURVE('',#2374,#2402,#2404,.T.);
#2402 = VERTEX_POINT('',#2403);
#2403 = CARTESIAN_POINT('',(-5.5,-12.65661882178,4.2));
#2404 = SURFACE_CURVE('',#2405,(#2410,#2416),.PCURVE_S1.);
#2405 = CIRCLE('',#2406,13.8);
#2406 = AXIS2_PLACEMENT_3D('',#2407,#2408,#2409);
#2407 = CARTESIAN_POINT('',(0.,0.,4.2));
#2408 = DIRECTION('',(0.,0.,1.));
#2409 = DIRECTION('',(1.,0.,0.));
#2410 = PCURVE('',#1234,#2411);
#2411 = DEFINITIONAL_REPRESENTATION('',(#2412),#2415);
#2412 = B_SPLINE_CURVE_WITH_KNOTS('',1,(#2413,#2414),.UNSPECIFIED.,.F.,
  .F.,(2,2),(1.980732428417,4.302452878763),.PIECEWISE_BEZIER_KNOTS.);
#2413 = CARTESIAN_POINT('',(-8.263917735596,-1.8));
#2414 = CARTESIAN_POINT('',(-10.58563818594,-1.8));
#2415 = ( GEOMETRIC_REPRESENTATION_CONTEXT(2) 
PARAMETRIC_REPRESENTATION_CONTEXT() REPRESENTATION_CONTEXT('2D SPACE',''
  ) );
#2416 = PCURVE('',#2417,#2422);
#2417 = PLANE('',#2418);
#2418 = AXIS2_PLACEMENT_3D('',#2419,#2420,#2421);
#2419 = CARTESIAN_POINT('',(-3.963594587071E-16,2.293813898064E-16,4.2)
  );
#2420 = DIRECTION('',(0.,0.,1.));
#2421 = DIRECTION('',(1.,0.,-0.));
#2422 = DEFINITIONAL_REPRESENTATION('',(#2423),#2427);
#2423 = CIRCLE('',#2424,13.8);
#2424 = AXIS2_PLACEMENT_2D('',#2425,#2426);
#2425 = CARTESIAN_POINT('',(3.963594587071E-16,-2.293813898064E-16));
#2426 = DIRECTION('',(1.,0.));
#2427 = ( GEOMETRIC_REPRESENTATION_CONTEXT(2) 
PARAMETRIC_REPRESENTATION_CONTEXT() REPRESENTATION_CONTEXT('2D SPACE',''
  ) );
#2428 = ORIENTED_EDGE('',*,*,#2429,.F.);
#2429 = EDGE_CURVE('',#1214,#2402,#2430,.T.);
#2430 = SURFACE_CURVE('',#2431,(#2435,#2441),.PCURVE_S1.);
#2431 = LINE('',#2432,#2433);
#2432 = CARTESIAN_POINT('',(-5.5,-12.65661882178,2.4));
#2433 = VECTOR('',#2434,1.);
#2434 = DIRECTION('',(-0.,-0.,-1.));
#2435 = PCURVE('',#1234,#2436);
#2436 = DEFINITIONAL_REPRESENTATION('',(#2437),#2440);
#2437 = B_SPLINE_CURVE_WITH_KNOTS('',1,(#2438,#2439),.UNSPECIFIED.,.F.,
  .F.,(2,2),(-3.6,-1.8),.PIECEWISE_BEZIER_KNOTS.);
#2438 = CARTESIAN_POINT('',(-10.58563818594,-3.6));
#2439 = CARTESIAN_POINT('',(-10.58563818594,-1.8));
#2440 = ( GEOMETRIC_REPRESENTATION_CONTEXT(2) 
PARAMETRIC_REPRESENTATION_CONTEXT() REPRESENTATION_CONTEXT('2D SPACE',''
  ) );
#2441 = PCURVE('',#1260,#2442);
#2442 = DEFINITIONAL_REPRESENTATION('',(#2443),#2446);
#2443 = B_SPLINE_CURVE_WITH_KNOTS('',1,(#2444,#2445),.UNSPECIFIED.,.F.,
  .F.,(2,2),(-4.6000006,5.999999999062E-07),.PIECEWISE_BEZIER_KNOTS.);
#2444 = CARTESIAN_POINT('',(27.456618821786,-4.6000006));
#2445 = CARTESIAN_POINT('',(27.456618821786,5.999999999062E-07));
#2446 = ( GEOMETRIC_REPRESENTATION_CONTEXT(2) 
PARAMETRIC_REPRESENTATION_CONTEXT() REPRESENTATION_CONTEXT('2D SPACE',''
  ) );
#2447 = ORIENTED_EDGE('',*,*,#1213,.F.);
#2448 = ORIENTED_EDGE('',*,*,#2294,.F.);
#2449 = ORIENTED_EDGE('',*,*,#2450,.T.);
#2450 = EDGE_CURVE('',#2272,#2451,#2453,.T.);
#2451 = VERTEX_POINT('',#2452);
#2452 = CARTESIAN_POINT('',(-12.54919908732,-5.740871211463,2.4));
#2453 = SURFACE_CURVE('',#2454,(#2459,#2466),.PCURVE_S1.);
#2454 = CIRCLE('',#2455,13.8);
#2455 = AXIS2_PLACEMENT_3D('',#2456,#2457,#2458);
#2456 = CARTESIAN_POINT('',(-1.7763568394E-15,1.7763568394E-15,2.4));
#2457 = DIRECTION('',(0.,-0.,-1.));
#2458 = DIRECTION('',(0.398550724638,-0.917146291434,0.));
#2459 = PCURVE('',#1234,#2460);
#2460 = DEFINITIONAL_REPRESENTATION('',(#2461),#2465);
#2461 = LINE('',#2462,#2463);
#2462 = CARTESIAN_POINT('',(-11.40551038918,0.));
#2463 = VECTOR('',#2464,1.);
#2464 = DIRECTION('',(1.,-0.));
#2465 = ( GEOMETRIC_REPRESENTATION_CONTEXT(2) 
PARAMETRIC_REPRESENTATION_CONTEXT() REPRESENTATION_CONTEXT('2D SPACE',''
  ) );
#2466 = PCURVE('',#1956,#2467);
#2467 = DEFINITIONAL_REPRESENTATION('',(#2468),#2476);
#2468 = ( BOUNDED_CURVE() B_SPLINE_CURVE(2,(#2469,#2470,#2471,#2472,
#2473,#2474,#2475),.UNSPECIFIED.,.T.,.F.) B_SPLINE_CURVE_WITH_KNOTS((1,2
    ,2,2,2,1),(-2.094395102393,0.,2.094395102393,4.188790204786,
6.28318530718,8.377580409573),.UNSPECIFIED.) CURVE() 
GEOMETRIC_REPRESENTATION_ITEM() RATIONAL_B_SPLINE_CURVE((1.,0.5,1.,0.5,
1.,0.5,1.)) REPRESENTATION_ITEM('') );
#2469 = CARTESIAN_POINT('',(5.5,-12.65661882178));
#2470 = CARTESIAN_POINT('',(-16.42190685136,-22.18289826341));
#2471 = CARTESIAN_POINT('',(-13.71095342568,1.565169690079));
#2472 = CARTESIAN_POINT('',(-11.,25.313237643573));
#2473 = CARTESIAN_POINT('',(8.210953425683,11.091449131708));
#2474 = CARTESIAN_POINT('',(27.421906851367,-3.130339380158));
#2475 = CARTESIAN_POINT('',(5.5,-12.65661882178));
#2476 = ( GEOMETRIC_REPRESENTATION_CONTEXT(2) 
PARAMETRIC_REPRESENTATION_CONTEXT() REPRESENTATION_CONTEXT('2D SPACE',''
  ) );
#2477 = ORIENTED_EDGE('',*,*,#2478,.T.);
#2478 = EDGE_CURVE('',#2451,#2479,#2481,.T.);
#2479 = VERTEX_POINT('',#2480);
#2480 = CARTESIAN_POINT('',(-12.99297887322,-4.65,2.4));
#2481 = SURFACE_CURVE('',#2482,(#2503,#2527),.PCURVE_S1.);
#2482 = B_SPLINE_CURVE_WITH_KNOTS('',7,(#2483,#2484,#2485,#2486,#2487,
    #2488,#2489,#2490,#2491,#2492,#2493,#2494,#2495,#2496,#2497,#2498,
    #2499,#2500,#2501,#2502),.UNSPECIFIED.,.F.,.F.,(8,6,6,8),(0.,
    0.244987466917,0.529661679963,1.),.UNSPECIFIED.);
#2483 = CARTESIAN_POINT('',(-12.54919908732,-5.740871211464,2.4));
#2484 = CARTESIAN_POINT('',(-12.55799672401,-5.721640106945,
    2.441957316568));
#2485 = CARTESIAN_POINT('',(-12.56851998338,-5.698545788541,
    2.482401131932));
#2486 = CARTESIAN_POINT('',(-12.58068673818,-5.671703166881,
    2.520902710718));
#2487 = CARTESIAN_POINT('',(-12.59438341367,-5.641277884394,
    2.557047103794));
#2488 = CARTESIAN_POINT('',(-12.60946955195,-5.60748572209,
    2.590435780391));
#2489 = CARTESIAN_POINT('',(-12.62578237631,-5.570592006344,
    2.620689260207));
#2490 = CARTESIAN_POINT('',(-12.66331240274,-5.484801902703,
    2.678545295812));
#2491 = CARTESIAN_POINT('',(-12.68492413571,-5.434865140176,
    2.704968176395));
#2492 = CARTESIAN_POINT('',(-12.70762482525,-5.381749192718,
    2.726017974795));
#2493 = CARTESIAN_POINT('',(-12.73101245604,-5.326243356359,
    2.741163456762));
#2494 = CARTESIAN_POINT('',(-12.75467368744,-5.269228843451,
    2.750052301027));
#2495 = CARTESIAN_POINT('',(-12.77821126235,-5.211633611141,
    2.752519505671));
#2496 = CARTESIAN_POINT('',(-12.83934073008,-5.059814664574,
    2.742109521497));
#2497 = CARTESIAN_POINT('',(-12.87563096804,-4.967332650231,
    2.718253139553));
#2498 = CARTESIAN_POINT('',(-12.90871295459,-4.880683172226,
    2.677879581732));
#2499 = CARTESIAN_POINT('',(-12.93751381946,-4.803289849236,
    2.622805228627));
#2500 = CARTESIAN_POINT('',(-12.96135644351,-4.737977470443,
    2.555714173748));
#2501 = CARTESIAN_POINT('',(-12.97983980914,-4.686713028379,
    2.480098371488));
#2502 = CARTESIAN_POINT('',(-12.99297887322,-4.65,2.4));
#2503 = PCURVE('',#1234,#2504);
#2504 = DEFINITIONAL_REPRESENTATION('',(#2505),#2526);
#2505 = B_SPLINE_CURVE_WITH_KNOTS('',7,(#2506,#2507,#2508,#2509,#2510,
    #2511,#2512,#2513,#2514,#2515,#2516,#2517,#2518,#2519,#2520,#2521,
    #2522,#2523,#2524,#2525),.UNSPECIFIED.,.F.,.F.,(8,6,6,8),(0.,
    0.244987466917,0.529661679963,1.),.UNSPECIFIED.);
#2506 = CARTESIAN_POINT('',(-9.853825830998,4.052314039882E-15));
#2507 = CARTESIAN_POINT('',(-9.852293374274,-4.195731656758E-02));
#2508 = CARTESIAN_POINT('',(-9.850454327972,-8.240113193235E-02));
#2509 = CARTESIAN_POINT('',(-9.848318735935,-0.120902710718));
#2510 = CARTESIAN_POINT('',(-9.845900918985,-0.157047103794));
#2511 = CARTESIAN_POINT('',(-9.84321929213,-0.190435780391));
#2512 = CARTESIAN_POINT('',(-9.840296181767,-0.220689260207));
#2513 = CARTESIAN_POINT('',(-9.83351067639,-0.278545295812));
#2514 = CARTESIAN_POINT('',(-9.829567753675,-0.304968176395));
#2515 = CARTESIAN_POINT('',(-9.825382063971,-0.326017974795));
#2516 = CARTESIAN_POINT('',(-9.821017541696,-0.341163456762));
#2517 = CARTESIAN_POINT('',(-9.816544509027,-0.350052301027));
#2518 = CARTESIAN_POINT('',(-9.812035931628,-0.352519505671));
#2519 = CARTESIAN_POINT('',(-9.80017624374,-0.342109521497));
#2520 = CARTESIAN_POINT('',(-9.792977437151,-0.318253139553));
#2521 = CARTESIAN_POINT('',(-9.78625687716,-0.277879581732));
#2522 = CARTESIAN_POINT('',(-9.78027317559,-0.222805228627));
#2523 = CARTESIAN_POINT('',(-9.775234953268,-0.155714173748));
#2524 = CARTESIAN_POINT('',(-9.771286070794,-8.009837148846E-02));
#2525 = CARTESIAN_POINT('',(-9.768460465616,1.7763568394E-15));
#2526 = ( GEOMETRIC_REPRESENTATION_CONTEXT(2) 
PARAMETRIC_REPRESENTATION_CONTEXT() REPRESENTATION_CONTEXT('2D SPACE',''
  ) );
#2527 = PCURVE('',#2528,#2533);
#2528 = CYLINDRICAL_SURFACE('',#2529,0.6);
#2529 = AXIS2_PLACEMENT_3D('',#2530,#2531,#2532);
#2530 = CARTESIAN_POINT('',(-6.362573584736E-16,-5.195435605732,2.15));
#2531 = DIRECTION('',(1.,-1.224646799147E-16,-0.));
#2532 = DIRECTION('',(-1.224646799147E-16,-1.,0.));
#2533 = DEFINITIONAL_REPRESENTATION('',(#2534),#2555);
#2534 = B_SPLINE_CURVE_WITH_KNOTS('',7,(#2535,#2536,#2537,#2538,#2539,
    #2540,#2541,#2542,#2543,#2544,#2545,#2546,#2547,#2548,#2549,#2550,
    #2551,#2552,#2553,#2554),.UNSPECIFIED.,.F.,.F.,(8,6,6,8),(0.,
    0.244987466917,0.529661679963,1.),.UNSPECIFIED.);
#2535 = CARTESIAN_POINT('',(-0.429775431305,-12.54919908732));
#2536 = CARTESIAN_POINT('',(-0.506699849378,-12.55799672401));
#2537 = CARTESIAN_POINT('',(-0.584013702629,-12.56851998338));
#2538 = CARTESIAN_POINT('',(-0.661732130352,-12.58068673818));
#2539 = CARTESIAN_POINT('',(-0.739887139704,-12.59438341367));
#2540 = CARTESIAN_POINT('',(-0.818523830182,-12.60946955195));
#2541 = CARTESIAN_POINT('',(-0.897696618114,-12.62578237631));
#2542 = CARTESIAN_POINT('',(-1.070156458356,-12.66331240274));
#2543 = CARTESIAN_POINT('',(-1.163781891402,-12.68492413571));
#2544 = CARTESIAN_POINT('',(-1.258095274414,-12.70762482525));
#2545 = CARTESIAN_POINT('',(-1.352926038906,-12.73101245604));
#2546 = CARTESIAN_POINT('',(-1.448143469814,-12.75467368744));
#2547 = CARTESIAN_POINT('',(-1.543629102474,-12.77821126235));
#2548 = CARTESIAN_POINT('',(-1.797254812632,-12.83934073008));
#2549 = CARTESIAN_POINT('',(-1.953750773763,-12.87563096804));
#2550 = CARTESIAN_POINT('',(-2.108871183771,-12.90871295459));
#2551 = CARTESIAN_POINT('',(-2.262618597646,-12.93751381946));
#2552 = CARTESIAN_POINT('',(-2.41479998867,-12.96135644351));
#2553 = CARTESIAN_POINT('',(-2.56496510877,-12.97983980914));
#2554 = CARTESIAN_POINT('',(-2.711817222285,-12.99297887322));
#2555 = ( GEOMETRIC_REPRESENTATION_CONTEXT(2) 
PARAMETRIC_REPRESENTATION_CONTEXT() REPRESENTATION_CONTEXT('2D SPACE',''
  ) );
#2556 = ORIENTED_EDGE('',*,*,#2557,.T.);
#2557 = EDGE_CURVE('',#2479,#2376,#2558,.T.);
#2558 = SURFACE_CURVE('',#2559,(#2564,#2571),.PCURVE_S1.);
#2559 = CIRCLE('',#2560,13.8);
#2560 = AXIS2_PLACEMENT_3D('',#2561,#2562,#2563);
#2561 = CARTESIAN_POINT('',(-1.7763568394E-15,1.7763568394E-15,2.4));
#2562 = DIRECTION('',(0.,-0.,-1.));
#2563 = DIRECTION('',(0.398550724638,-0.917146291434,0.));
#2564 = PCURVE('',#1234,#2565);
#2565 = DEFINITIONAL_REPRESENTATION('',(#2566),#2570);
#2566 = LINE('',#2567,#2568);
#2567 = CARTESIAN_POINT('',(-11.40551038918,0.));
#2568 = VECTOR('',#2569,1.);
#2569 = DIRECTION('',(1.,-0.));
#2570 = ( GEOMETRIC_REPRESENTATION_CONTEXT(2) 
PARAMETRIC_REPRESENTATION_CONTEXT() REPRESENTATION_CONTEXT('2D SPACE',''
  ) );
#2571 = PCURVE('',#1956,#2572);
#2572 = DEFINITIONAL_REPRESENTATION('',(#2573),#2581);
#2573 = ( BOUNDED_CURVE() B_SPLINE_CURVE(2,(#2574,#2575,#2576,#2577,
#2578,#2579,#2580),.UNSPECIFIED.,.T.,.F.) B_SPLINE_CURVE_WITH_KNOTS((1,2
    ,2,2,2,1),(-2.094395102393,0.,2.094395102393,4.188790204786,
6.28318530718,8.377580409573),.UNSPECIFIED.) CURVE() 
GEOMETRIC_REPRESENTATION_ITEM() RATIONAL_B_SPLINE_CURVE((1.,0.5,1.,0.5,
1.,0.5,1.)) REPRESENTATION_ITEM('') );
#2574 = CARTESIAN_POINT('',(5.5,-12.65661882178));
#2575 = CARTESIAN_POINT('',(-16.42190685136,-22.18289826341));
#2576 = CARTESIAN_POINT('',(-13.71095342568,1.565169690079));
#2577 = CARTESIAN_POINT('',(-11.,25.313237643573));
#2578 = CARTESIAN_POINT('',(8.210953425683,11.091449131708));
#2579 = CARTESIAN_POINT('',(27.421906851367,-3.130339380158));
#2580 = CARTESIAN_POINT('',(5.5,-12.65661882178));
#2581 = ( GEOMETRIC_REPRESENTATION_CONTEXT(2) 
PARAMETRIC_REPRESENTATION_CONTEXT() REPRESENTATION_CONTEXT('2D SPACE',''
  ) );
#2582 = ADVANCED_FACE('',(#2583),#1260,.T.);
#2583 = FACE_BOUND('',#2584,.T.);
#2584 = EDGE_LOOP('',(#2585,#2586,#2587,#2608,#2627));
#2585 = ORIENTED_EDGE('',*,*,#1245,.F.);
#2586 = ORIENTED_EDGE('',*,*,#2429,.T.);
#2587 = ORIENTED_EDGE('',*,*,#2588,.T.);
#2588 = EDGE_CURVE('',#2402,#2589,#2591,.T.);
#2589 = VERTEX_POINT('',#2590);
#2590 = CARTESIAN_POINT('',(-5.5,-10.32666451474,4.2));
#2591 = SURFACE_CURVE('',#2592,(#2596,#2602),.PCURVE_S1.);
#2592 = LINE('',#2593,#2594);
#2593 = CARTESIAN_POINT('',(-5.5,7.4,4.2));
#2594 = VECTOR('',#2595,1.);
#2595 = DIRECTION('',(-0.,1.,0.));
#2596 = PCURVE('',#1260,#2597);
#2597 = DEFINITIONAL_REPRESENTATION('',(#2598),#2601);
#2598 = B_SPLINE_CURVE_WITH_KNOTS('',1,(#2599,#2600),.UNSPECIFIED.,.F.,
  .F.,(2,2),(-20.05661882178,5.256618821787),.PIECEWISE_BEZIER_KNOTS.);
#2599 = CARTESIAN_POINT('',(27.456618821787,-1.8));
#2600 = CARTESIAN_POINT('',(2.143381178213,-1.8));
#2601 = ( GEOMETRIC_REPRESENTATION_CONTEXT(2) 
PARAMETRIC_REPRESENTATION_CONTEXT() REPRESENTATION_CONTEXT('2D SPACE',''
  ) );
#2602 = PCURVE('',#2417,#2603);
#2603 = DEFINITIONAL_REPRESENTATION('',(#2604),#2607);
#2604 = B_SPLINE_CURVE_WITH_KNOTS('',1,(#2605,#2606),.UNSPECIFIED.,.F.,
  .F.,(2,2),(-20.05661882178,5.256618821787),.PIECEWISE_BEZIER_KNOTS.);
#2605 = CARTESIAN_POINT('',(-5.5,-12.65661882178));
#2606 = CARTESIAN_POINT('',(-5.5,12.656618821787));
#2607 = ( GEOMETRIC_REPRESENTATION_CONTEXT(2) 
PARAMETRIC_REPRESENTATION_CONTEXT() REPRESENTATION_CONTEXT('2D SPACE',''
  ) );
#2608 = ORIENTED_EDGE('',*,*,#2609,.F.);
#2609 = EDGE_CURVE('',#2322,#2589,#2610,.T.);
#2610 = SURFACE_CURVE('',#2611,(#2615,#2621),.PCURVE_S1.);
#2611 = LINE('',#2612,#2613);
#2612 = CARTESIAN_POINT('',(-5.5,-10.32666451474,2.4));
#2613 = VECTOR('',#2614,1.);
#2614 = DIRECTION('',(-0.,-0.,-1.));
#2615 = PCURVE('',#1260,#2616);
#2616 = DEFINITIONAL_REPRESENTATION('',(#2617),#2620);
#2617 = B_SPLINE_CURVE_WITH_KNOTS('',1,(#2618,#2619),.UNSPECIFIED.,.F.,
  .F.,(2,2),(-3.6000006,-1.7999994),.PIECEWISE_BEZIER_KNOTS.);
#2618 = CARTESIAN_POINT('',(25.12666451474,-3.6000006));
#2619 = CARTESIAN_POINT('',(25.12666451474,-1.7999994));
#2620 = ( GEOMETRIC_REPRESENTATION_CONTEXT(2) 
PARAMETRIC_REPRESENTATION_CONTEXT() REPRESENTATION_CONTEXT('2D SPACE',''
  ) );
#2621 = PCURVE('',#2185,#2622);
#2622 = DEFINITIONAL_REPRESENTATION('',(#2623),#2626);
#2623 = B_SPLINE_CURVE_WITH_KNOTS('',1,(#2624,#2625),.UNSPECIFIED.,.F.,
  .F.,(2,2),(-3.1,-1.8),.PIECEWISE_BEZIER_KNOTS.);
#2624 = CARTESIAN_POINT('',(-4.223001368178,-3.1));
#2625 = CARTESIAN_POINT('',(-4.223001368178,-1.8));
#2626 = ( GEOMETRIC_REPRESENTATION_CONTEXT(2) 
PARAMETRIC_REPRESENTATION_CONTEXT() REPRESENTATION_CONTEXT('2D SPACE',''
  ) );
#2627 = ORIENTED_EDGE('',*,*,#2344,.T.);
#2628 = ADVANCED_FACE('',(#2629),#1637,.F.);
#2629 = FACE_BOUND('',#2630,.F.);
#2630 = EDGE_LOOP('',(#2631,#2659,#2680,#2681));
#2631 = ORIENTED_EDGE('',*,*,#2632,.F.);
#2632 = EDGE_CURVE('',#2633,#2633,#2635,.T.);
#2633 = VERTEX_POINT('',#2634);
#2634 = CARTESIAN_POINT('',(3.2,-7.837739514543E-16,2.2));
#2635 = SURFACE_CURVE('',#2636,(#2641,#2648),.PCURVE_S1.);
#2636 = CIRCLE('',#2637,3.2);
#2637 = AXIS2_PLACEMENT_3D('',#2638,#2639,#2640);
#2638 = CARTESIAN_POINT('',(0.,0.,2.2));
#2639 = DIRECTION('',(0.,0.,1.));
#2640 = DIRECTION('',(1.,0.,-0.));
#2641 = PCURVE('',#1637,#2642);
#2642 = DEFINITIONAL_REPRESENTATION('',(#2643),#2647);
#2643 = LINE('',#2644,#2645);
#2644 = CARTESIAN_POINT('',(0.,1.5));
#2645 = VECTOR('',#2646,1.);
#2646 = DIRECTION('',(1.,0.));
#2647 = ( GEOMETRIC_REPRESENTATION_CONTEXT(2) 
PARAMETRIC_REPRESENTATION_CONTEXT() REPRESENTATION_CONTEXT('2D SPACE',''
  ) );
#2648 = PCURVE('',#2649,#2654);
#2649 = CYLINDRICAL_SURFACE('',#2650,3.2);
#2650 = AXIS2_PLACEMENT_3D('',#2651,#2652,#2653);
#2651 = CARTESIAN_POINT('',(0.,0.,2.2));
#2652 = DIRECTION('',(0.,0.,1.));
#2653 = DIRECTION('',(1.,0.,-0.));
#2654 = DEFINITIONAL_REPRESENTATION('',(#2655),#2658);
#2655 = B_SPLINE_CURVE_WITH_KNOTS('',1,(#2656,#2657),.UNSPECIFIED.,.F.,
  .F.,(2,2),(0.,6.28318530718),.PIECEWISE_BEZIER_KNOTS.);
#2656 = CARTESIAN_POINT('',(0.,0.));
#2657 = CARTESIAN_POINT('',(6.28318530718,0.));
#2658 = ( GEOMETRIC_REPRESENTATION_CONTEXT(2) 
PARAMETRIC_REPRESENTATION_CONTEXT() REPRESENTATION_CONTEXT('2D SPACE',''
  ) );
#2659 = ORIENTED_EDGE('',*,*,#2660,.F.);
#2660 = EDGE_CURVE('',#1600,#2633,#2661,.T.);
#2661 = SEAM_CURVE('',#2662,(#2666,#2673),.PCURVE_S1.);
#2662 = LINE('',#2663,#2664);
#2663 = CARTESIAN_POINT('',(1.7,-4.163799117101E-16,0.7));
#2664 = VECTOR('',#2665,1.);
#2665 = DIRECTION('',(0.707106781187,-1.731912112471E-16,0.707106781187)
  );
#2666 = PCURVE('',#1637,#2667);
#2667 = DEFINITIONAL_REPRESENTATION('',(#2668),#2672);
#2668 = LINE('',#2669,#2670);
#2669 = CARTESIAN_POINT('',(6.28318530718,-0.));
#2670 = VECTOR('',#2671,1.);
#2671 = DIRECTION('',(0.,1.));
#2672 = ( GEOMETRIC_REPRESENTATION_CONTEXT(2) 
PARAMETRIC_REPRESENTATION_CONTEXT() REPRESENTATION_CONTEXT('2D SPACE',''
  ) );
#2673 = PCURVE('',#1637,#2674);
#2674 = DEFINITIONAL_REPRESENTATION('',(#2675),#2679);
#2675 = LINE('',#2676,#2677);
#2676 = CARTESIAN_POINT('',(0.,-0.));
#2677 = VECTOR('',#2678,1.);
#2678 = DIRECTION('',(0.,1.));
#2679 = ( GEOMETRIC_REPRESENTATION_CONTEXT(2) 
PARAMETRIC_REPRESENTATION_CONTEXT() REPRESENTATION_CONTEXT('2D SPACE',''
  ) );
#2680 = ORIENTED_EDGE('',*,*,#1622,.T.);
#2681 = ORIENTED_EDGE('',*,*,#2660,.T.);
#2682 = ADVANCED_FACE('',(#2683),#1679,.T.);
#2683 = FACE_BOUND('',#2684,.T.);
#2684 = EDGE_LOOP('',(#2685,#2686,#2687));
#2685 = ORIENTED_EDGE('',*,*,#1786,.T.);
#2686 = ORIENTED_EDGE('',*,*,#1661,.T.);
#2687 = ORIENTED_EDGE('',*,*,#1737,.T.);
#2688 = ADVANCED_FACE('',(#2689),#1876,.F.);
#2689 = FACE_BOUND('',#2690,.T.);
#2690 = EDGE_LOOP('',(#2691,#2692,#2720,#2741,#2763,#2764));
#2691 = ORIENTED_EDGE('',*,*,#1861,.T.);
#2692 = ORIENTED_EDGE('',*,*,#2693,.T.);
#2693 = EDGE_CURVE('',#1836,#2694,#2696,.T.);
#2694 = VERTEX_POINT('',#2695);
#2695 = CARTESIAN_POINT('',(10.670051546267,-4.8,4.2));
#2696 = SURFACE_CURVE('',#2697,(#2702,#2709),.PCURVE_S1.);
#2697 = CIRCLE('',#2698,11.7);
#2698 = AXIS2_PLACEMENT_3D('',#2699,#2700,#2701);
#2699 = CARTESIAN_POINT('',(0.,0.,4.2));
#2700 = DIRECTION('',(0.,0.,-1.));
#2701 = DIRECTION('',(0.470085470085,0.882620898696,0.));
#2702 = PCURVE('',#1876,#2703);
#2703 = DEFINITIONAL_REPRESENTATION('',(#2704),#2708);
#2704 = LINE('',#2705,#2706);
#2705 = CARTESIAN_POINT('',(-7.364594021768,-1.8));
#2706 = VECTOR('',#2707,1.);
#2707 = DIRECTION('',(1.,-0.));
#2708 = ( GEOMETRIC_REPRESENTATION_CONTEXT(2) 
PARAMETRIC_REPRESENTATION_CONTEXT() REPRESENTATION_CONTEXT('2D SPACE',''
  ) );
#2709 = PCURVE('',#1850,#2710);
#2710 = DEFINITIONAL_REPRESENTATION('',(#2711),#2719);
#2711 = ( BOUNDED_CURVE() B_SPLINE_CURVE(2,(#2712,#2713,#2714,#2715,
#2716,#2717,#2718),.UNSPECIFIED.,.T.,.F.) B_SPLINE_CURVE_WITH_KNOTS((1,2
    ,2,2,2,1),(-2.094395102393,0.,2.094395102393,4.188790204786,
6.28318530718,8.377580409573),.UNSPECIFIED.) CURVE() 
GEOMETRIC_REPRESENTATION_ITEM() RATIONAL_B_SPLINE_CURVE((1.,0.5,1.,0.5,
1.,0.5,1.)) REPRESENTATION_ITEM('') );
#2712 = CARTESIAN_POINT('',(5.5,10.32666451474));
#2713 = CARTESIAN_POINT('',(23.386307612249,0.800385073112));
#2714 = CARTESIAN_POINT('',(6.193153806125,-9.926471978185));
#2715 = CARTESIAN_POINT('',(-11.,-20.65332902948));
#2716 = CARTESIAN_POINT('',(-11.69315380612,-0.400192536556));
#2717 = CARTESIAN_POINT('',(-12.38630761224,19.852943956369));
#2718 = CARTESIAN_POINT('',(5.5,10.32666451474));
#2719 = ( GEOMETRIC_REPRESENTATION_CONTEXT(2) 
PARAMETRIC_REPRESENTATION_CONTEXT() REPRESENTATION_CONTEXT('2D SPACE',''
  ) );
#2720 = ORIENTED_EDGE('',*,*,#2721,.T.);
#2721 = EDGE_CURVE('',#2694,#2722,#2724,.T.);
#2722 = VERTEX_POINT('',#2723);
#2723 = CARTESIAN_POINT('',(10.670051546267,-4.8,2.4));
#2724 = SURFACE_CURVE('',#2725,(#2729,#2735),.PCURVE_S1.);
#2725 = LINE('',#2726,#2727);
#2726 = CARTESIAN_POINT('',(10.670051546267,-4.8,2.4));
#2727 = VECTOR('',#2728,1.);
#2728 = DIRECTION('',(-0.,-0.,-1.));
#2729 = PCURVE('',#1876,#2730);
#2730 = DEFINITIONAL_REPRESENTATION('',(#2731),#2734);
#2731 = B_SPLINE_CURVE_WITH_KNOTS('',1,(#2732,#2733),.UNSPECIFIED.,.F.,
  .F.,(2,2),(-1.8000006,5.999999999062E-07),.PIECEWISE_BEZIER_KNOTS.);
#2732 = CARTESIAN_POINT('',(-5.860450101989,-1.8000006));
#2733 = CARTESIAN_POINT('',(-5.860450101989,5.999999999062E-07));
#2734 = ( GEOMETRIC_REPRESENTATION_CONTEXT(2) 
PARAMETRIC_REPRESENTATION_CONTEXT() REPRESENTATION_CONTEXT('2D SPACE',''
  ) );
#2735 = PCURVE('',#2076,#2736);
#2736 = DEFINITIONAL_REPRESENTATION('',(#2737),#2740);
#2737 = B_SPLINE_CURVE_WITH_KNOTS('',1,(#2738,#2739),.UNSPECIFIED.,.F.,
  .F.,(2,2),(-1.8000006,5.999999999062E-07),.PIECEWISE_BEZIER_KNOTS.);
#2738 = CARTESIAN_POINT('',(1.8000006,5.170051546267));
#2739 = CARTESIAN_POINT('',(-5.999999999062E-07,5.170051546267));
#2740 = ( GEOMETRIC_REPRESENTATION_CONTEXT(2) 
PARAMETRIC_REPRESENTATION_CONTEXT() REPRESENTATION_CONTEXT('2D SPACE',''
  ) );
#2741 = ORIENTED_EDGE('',*,*,#2742,.F.);
#2742 = EDGE_CURVE('',#2249,#2722,#2743,.T.);
#2743 = SURFACE_CURVE('',#2744,(#2749,#2756),.PCURVE_S1.);
#2744 = CIRCLE('',#2745,11.7);
#2745 = AXIS2_PLACEMENT_3D('',#2746,#2747,#2748);
#2746 = CARTESIAN_POINT('',(7.033412891139E-14,1.200241107703E-16,2.4));
#2747 = DIRECTION('',(0.,0.,1.));
#2748 = DIRECTION('',(1.,0.,0.));
#2749 = PCURVE('',#1876,#2750);
#2750 = DEFINITIONAL_REPRESENTATION('',(#2751),#2755);
#2751 = LINE('',#2752,#2753);
#2752 = CARTESIAN_POINT('',(-0.,0.));
#2753 = VECTOR('',#2754,1.);
#2754 = DIRECTION('',(-1.,0.));
#2755 = ( GEOMETRIC_REPRESENTATION_CONTEXT(2) 
PARAMETRIC_REPRESENTATION_CONTEXT() REPRESENTATION_CONTEXT('2D SPACE',''
  ) );
#2756 = PCURVE('',#1956,#2757);
#2757 = DEFINITIONAL_REPRESENTATION('',(#2758),#2762);
#2758 = CIRCLE('',#2759,11.7);
#2759 = AXIS2_PLACEMENT_2D('',#2760,#2761);
#2760 = CARTESIAN_POINT('',(7.033412891139E-14,1.200241107703E-16));
#2761 = DIRECTION('',(1.,0.));
#2762 = ( GEOMETRIC_REPRESENTATION_CONTEXT(2) 
PARAMETRIC_REPRESENTATION_CONTEXT() REPRESENTATION_CONTEXT('2D SPACE',''
  ) );
#2763 = ORIENTED_EDGE('',*,*,#2248,.F.);
#2764 = ORIENTED_EDGE('',*,*,#2113,.F.);
#2765 = ADVANCED_FACE('',(#2766),#1850,.F.);
#2766 = FACE_BOUND('',#2767,.F.);
#2767 = EDGE_LOOP('',(#2768,#2789,#2790,#2791));
#2768 = ORIENTED_EDGE('',*,*,#2769,.T.);
#2769 = EDGE_CURVE('',#2694,#2062,#2770,.T.);
#2770 = SURFACE_CURVE('',#2771,(#2775,#2782),.PCURVE_S1.);
#2771 = LINE('',#2772,#2773);
#2772 = CARTESIAN_POINT('',(5.5,-4.8,4.2));
#2773 = VECTOR('',#2774,1.);
#2774 = DIRECTION('',(1.,0.,0.));
#2775 = PCURVE('',#1850,#2776);
#2776 = DEFINITIONAL_REPRESENTATION('',(#2777),#2781);
#2777 = LINE('',#2778,#2779);
#2778 = CARTESIAN_POINT('',(5.5,-4.8));
#2779 = VECTOR('',#2780,1.);
#2780 = DIRECTION('',(1.,0.));
#2781 = ( GEOMETRIC_REPRESENTATION_CONTEXT(2) 
PARAMETRIC_REPRESENTATION_CONTEXT() REPRESENTATION_CONTEXT('2D SPACE',''
  ) );
#2782 = PCURVE('',#2076,#2783);
#2783 = DEFINITIONAL_REPRESENTATION('',(#2784),#2788);
#2784 = LINE('',#2785,#2786);
#2785 = CARTESIAN_POINT('',(1.8,0.));
#2786 = VECTOR('',#2787,1.);
#2787 = DIRECTION('',(0.,1.));
#2788 = ( GEOMETRIC_REPRESENTATION_CONTEXT(2) 
PARAMETRIC_REPRESENTATION_CONTEXT() REPRESENTATION_CONTEXT('2D SPACE',''
  ) );
#2789 = ORIENTED_EDGE('',*,*,#2087,.T.);
#2790 = ORIENTED_EDGE('',*,*,#1835,.T.);
#2791 = ORIENTED_EDGE('',*,*,#2693,.T.);
#2792 = ADVANCED_FACE('',(#2793),#2076,.T.);
#2793 = FACE_BOUND('',#2794,.T.);
#2794 = EDGE_LOOP('',(#2795,#2816,#2817,#2818));
#2795 = ORIENTED_EDGE('',*,*,#2796,.F.);
#2796 = EDGE_CURVE('',#2722,#2034,#2797,.T.);
#2797 = SURFACE_CURVE('',#2798,(#2802,#2809),.PCURVE_S1.);
#2798 = LINE('',#2799,#2800);
#2799 = CARTESIAN_POINT('',(5.5,-4.8,2.4));
#2800 = VECTOR('',#2801,1.);
#2801 = DIRECTION('',(1.,0.,0.));
#2802 = PCURVE('',#2076,#2803);
#2803 = DEFINITIONAL_REPRESENTATION('',(#2804),#2808);
#2804 = LINE('',#2805,#2806);
#2805 = CARTESIAN_POINT('',(0.,0.));
#2806 = VECTOR('',#2807,1.);
#2807 = DIRECTION('',(0.,1.));
#2808 = ( GEOMETRIC_REPRESENTATION_CONTEXT(2) 
PARAMETRIC_REPRESENTATION_CONTEXT() REPRESENTATION_CONTEXT('2D SPACE',''
  ) );
#2809 = PCURVE('',#1956,#2810);
#2810 = DEFINITIONAL_REPRESENTATION('',(#2811),#2815);
#2811 = LINE('',#2812,#2813);
#2812 = CARTESIAN_POINT('',(5.5,-4.8));
#2813 = VECTOR('',#2814,1.);
#2814 = DIRECTION('',(1.,0.));
#2815 = ( GEOMETRIC_REPRESENTATION_CONTEXT(2) 
PARAMETRIC_REPRESENTATION_CONTEXT() REPRESENTATION_CONTEXT('2D SPACE',''
  ) );
#2816 = ORIENTED_EDGE('',*,*,#2721,.F.);
#2817 = ORIENTED_EDGE('',*,*,#2769,.T.);
#2818 = ORIENTED_EDGE('',*,*,#2061,.T.);
#2819 = ADVANCED_FACE('',(#2820,#3018),#1956,.T.);
#2820 = FACE_BOUND('',#2821,.T.);
#2821 = EDGE_LOOP('',(#2822,#2823,#2824,#2825,#2826,#2827,#2849,#2878,
    #2898,#2899,#2900,#2923,#2944,#2945,#2968,#2997));
#2822 = ORIENTED_EDGE('',*,*,#2450,.F.);
#2823 = ORIENTED_EDGE('',*,*,#2271,.T.);
#2824 = ORIENTED_EDGE('',*,*,#2742,.T.);
#2825 = ORIENTED_EDGE('',*,*,#2796,.T.);
#2826 = ORIENTED_EDGE('',*,*,#2033,.F.);
#2827 = ORIENTED_EDGE('',*,*,#2828,.T.);
#2828 = EDGE_CURVE('',#1973,#2829,#2831,.T.);
#2829 = VERTEX_POINT('',#2830);
#2830 = CARTESIAN_POINT('',(10.736270302112,4.65,2.4));
#2831 = SURFACE_CURVE('',#2832,(#2836,#2843),.PCURVE_S1.);
#2832 = LINE('',#2833,#2834);
#2833 = CARTESIAN_POINT('',(0.,4.65,2.4));
#2834 = VECTOR('',#2835,1.);
#2835 = DIRECTION('',(-1.,-0.,-0.));
#2836 = PCURVE('',#1956,#2837);
#2837 = DEFINITIONAL_REPRESENTATION('',(#2838),#2842);
#2838 = LINE('',#2839,#2840);
#2839 = CARTESIAN_POINT('',(0.,4.65));
#2840 = VECTOR('',#2841,1.);
#2841 = DIRECTION('',(-1.,0.));
#2842 = ( GEOMETRIC_REPRESENTATION_CONTEXT(2) 
PARAMETRIC_REPRESENTATION_CONTEXT() REPRESENTATION_CONTEXT('2D SPACE',''
  ) );
#2843 = PCURVE('',#2010,#2844);
#2844 = DEFINITIONAL_REPRESENTATION('',(#2845),#2848);
#2845 = B_SPLINE_CURVE_WITH_KNOTS('',1,(#2846,#2847),.UNSPECIFIED.,.F.,
  .F.,(2,2),(-14.8000006,6.E-07),.PIECEWISE_BEZIER_KNOTS.);
#2846 = CARTESIAN_POINT('',(-2.711817222285,-14.8000006));
#2847 = CARTESIAN_POINT('',(-2.711817222285,6.E-07));
#2848 = ( GEOMETRIC_REPRESENTATION_CONTEXT(2) 
PARAMETRIC_REPRESENTATION_CONTEXT() REPRESENTATION_CONTEXT('2D SPACE',''
  ) );
#2849 = ORIENTED_EDGE('',*,*,#2850,.T.);
#2850 = EDGE_CURVE('',#2829,#2851,#2853,.T.);
#2851 = VERTEX_POINT('',#2852);
#2852 = CARTESIAN_POINT('',(10.194724014577,5.740871211464,2.4));
#2853 = SURFACE_CURVE('',#2854,(#2859,#2866),.PCURVE_S1.);
#2854 = CIRCLE('',#2855,11.7);
#2855 = AXIS2_PLACEMENT_3D('',#2856,#2857,#2858);
#2856 = CARTESIAN_POINT('',(7.033412891139E-14,1.200241107703E-16,2.4));
#2857 = DIRECTION('',(0.,0.,1.));
#2858 = DIRECTION('',(1.,0.,0.));
#2859 = PCURVE('',#1956,#2860);
#2860 = DEFINITIONAL_REPRESENTATION('',(#2861),#2865);
#2861 = CIRCLE('',#2862,11.7);
#2862 = AXIS2_PLACEMENT_2D('',#2863,#2864);
#2863 = CARTESIAN_POINT('',(7.033412891139E-14,1.200241107703E-16));
#2864 = DIRECTION('',(1.,0.));
#2865 = ( GEOMETRIC_REPRESENTATION_CONTEXT(2) 
PARAMETRIC_REPRESENTATION_CONTEXT() REPRESENTATION_CONTEXT('2D SPACE',''
  ) );
#2866 = PCURVE('',#2867,#2872);
#2867 = CYLINDRICAL_SURFACE('',#2868,11.7);
#2868 = AXIS2_PLACEMENT_3D('',#2869,#2870,#2871);
#2869 = CARTESIAN_POINT('',(7.033412891139E-14,1.200241107703E-16,2.4));
#2870 = DIRECTION('',(-0.,-0.,-1.));
#2871 = DIRECTION('',(1.,0.,0.));
#2872 = DEFINITIONAL_REPRESENTATION('',(#2873),#2877);
#2873 = LINE('',#2874,#2875);
#2874 = CARTESIAN_POINT('',(-0.,0.));
#2875 = VECTOR('',#2876,1.);
#2876 = DIRECTION('',(-1.,0.));
#2877 = ( GEOMETRIC_REPRESENTATION_CONTEXT(2) 
PARAMETRIC_REPRESENTATION_CONTEXT() REPRESENTATION_CONTEXT('2D SPACE',''
  ) );
#2878 = ORIENTED_EDGE('',*,*,#2879,.F.);
#2879 = EDGE_CURVE('',#1940,#2851,#2880,.T.);
#2880 = SURFACE_CURVE('',#2881,(#2885,#2892),.PCURVE_S1.);
#2881 = LINE('',#2882,#2883);
#2882 = CARTESIAN_POINT('',(0.,5.740871211464,2.4));
#2883 = VECTOR('',#2884,1.);
#2884 = DIRECTION('',(-1.,-0.,-0.));
#2885 = PCURVE('',#1956,#2886);
#2886 = DEFINITIONAL_REPRESENTATION('',(#2887),#2891);
#2887 = LINE('',#2888,#2889);
#2888 = CARTESIAN_POINT('',(0.,5.740871211464));
#2889 = VECTOR('',#2890,1.);
#2890 = DIRECTION('',(-1.,0.));
#2891 = ( GEOMETRIC_REPRESENTATION_CONTEXT(2) 
PARAMETRIC_REPRESENTATION_CONTEXT() REPRESENTATION_CONTEXT('2D SPACE',''
  ) );
#2892 = PCURVE('',#2010,#2893);
#2893 = DEFINITIONAL_REPRESENTATION('',(#2894),#2897);
#2894 = B_SPLINE_CURVE_WITH_KNOTS('',1,(#2895,#2896),.UNSPECIFIED.,.F.,
  .F.,(2,2),(-14.8000006,6.E-07),.PIECEWISE_BEZIER_KNOTS.);
#2895 = CARTESIAN_POINT('',(-0.429775431305,-14.8000006));
#2896 = CARTESIAN_POINT('',(-0.429775431305,6.E-07));
#2897 = ( GEOMETRIC_REPRESENTATION_CONTEXT(2) 
PARAMETRIC_REPRESENTATION_CONTEXT() REPRESENTATION_CONTEXT('2D SPACE',''
  ) );
#2898 = ORIENTED_EDGE('',*,*,#1939,.F.);
#2899 = ORIENTED_EDGE('',*,*,#2197,.T.);
#2900 = ORIENTED_EDGE('',*,*,#2901,.T.);
#2901 = EDGE_CURVE('',#2170,#2902,#2904,.T.);
#2902 = VERTEX_POINT('',#2903);
#2903 = CARTESIAN_POINT('',(-10.67005154626,4.8,2.4));
#2904 = SURFACE_CURVE('',#2905,(#2910,#2917),.PCURVE_S1.);
#2905 = CIRCLE('',#2906,11.7);
#2906 = AXIS2_PLACEMENT_3D('',#2907,#2908,#2909);
#2907 = CARTESIAN_POINT('',(-7.033412891139E-14,-1.200241107703E-16,2.4)
  );
#2908 = DIRECTION('',(0.,0.,1.));
#2909 = DIRECTION('',(-1.,1.224646799147E-16,0.));
#2910 = PCURVE('',#1956,#2911);
#2911 = DEFINITIONAL_REPRESENTATION('',(#2912),#2916);
#2912 = CIRCLE('',#2913,11.7);
#2913 = AXIS2_PLACEMENT_2D('',#2914,#2915);
#2914 = CARTESIAN_POINT('',(-7.033412891139E-14,-1.200241107703E-16));
#2915 = DIRECTION('',(-1.,1.224646799147E-16));
#2916 = ( GEOMETRIC_REPRESENTATION_CONTEXT(2) 
PARAMETRIC_REPRESENTATION_CONTEXT() REPRESENTATION_CONTEXT('2D SPACE',''
  ) );
#2917 = PCURVE('',#2185,#2918);
#2918 = DEFINITIONAL_REPRESENTATION('',(#2919),#2922);
#2919 = B_SPLINE_CURVE_WITH_KNOTS('',1,(#2920,#2921),.UNSPECIFIED.,.F.,
  .F.,(2,2),(5.201776592591,5.860450101989),.PIECEWISE_BEZIER_KNOTS.);
#2920 = CARTESIAN_POINT('',(-2.060183939001,0.));
#2921 = CARTESIAN_POINT('',(-2.718857448399,0.));
#2922 = ( GEOMETRIC_REPRESENTATION_CONTEXT(2) 
PARAMETRIC_REPRESENTATION_CONTEXT() REPRESENTATION_CONTEXT('2D SPACE',''
  ) );
#2923 = ORIENTED_EDGE('',*,*,#2924,.T.);
#2924 = EDGE_CURVE('',#2902,#2376,#2925,.T.);
#2925 = SURFACE_CURVE('',#2926,(#2930,#2937),.PCURVE_S1.);
#2926 = LINE('',#2927,#2928);
#2927 = CARTESIAN_POINT('',(-5.5,4.8,2.4));
#2928 = VECTOR('',#2929,1.);
#2929 = DIRECTION('',(-1.,1.224646799147E-16,0.));
#2930 = PCURVE('',#1956,#2931);
#2931 = DEFINITIONAL_REPRESENTATION('',(#2932),#2936);
#2932 = LINE('',#2933,#2934);
#2933 = CARTESIAN_POINT('',(-5.5,4.8));
#2934 = VECTOR('',#2935,1.);
#2935 = DIRECTION('',(-1.,1.224646799147E-16));
#2936 = ( GEOMETRIC_REPRESENTATION_CONTEXT(2) 
PARAMETRIC_REPRESENTATION_CONTEXT() REPRESENTATION_CONTEXT('2D SPACE',''
  ) );
#2937 = PCURVE('',#2390,#2938);
#2938 = DEFINITIONAL_REPRESENTATION('',(#2939),#2943);
#2939 = LINE('',#2940,#2941);
#2940 = CARTESIAN_POINT('',(0.,0.));
#2941 = VECTOR('',#2942,1.);
#2942 = DIRECTION('',(0.,1.));
#2943 = ( GEOMETRIC_REPRESENTATION_CONTEXT(2) 
PARAMETRIC_REPRESENTATION_CONTEXT() REPRESENTATION_CONTEXT('2D SPACE',''
  ) );
#2944 = ORIENTED_EDGE('',*,*,#2557,.F.);
#2945 = ORIENTED_EDGE('',*,*,#2946,.T.);
#2946 = EDGE_CURVE('',#2479,#2947,#2949,.T.);
#2947 = VERTEX_POINT('',#2948);
#2948 = CARTESIAN_POINT('',(-10.73627030211,-4.65,2.4));
#2949 = SURFACE_CURVE('',#2950,(#2954,#2961),.PCURVE_S1.);
#2950 = LINE('',#2951,#2952);
#2951 = CARTESIAN_POINT('',(-5.694607616035E-16,-4.65,2.4));
#2952 = VECTOR('',#2953,1.);
#2953 = DIRECTION('',(1.,-1.224646799147E-16,-0.));
#2954 = PCURVE('',#1956,#2955);
#2955 = DEFINITIONAL_REPRESENTATION('',(#2956),#2960);
#2956 = LINE('',#2957,#2958);
#2957 = CARTESIAN_POINT('',(-5.694607616035E-16,-4.65));
#2958 = VECTOR('',#2959,1.);
#2959 = DIRECTION('',(1.,-1.224646799147E-16));
#2960 = ( GEOMETRIC_REPRESENTATION_CONTEXT(2) 
PARAMETRIC_REPRESENTATION_CONTEXT() REPRESENTATION_CONTEXT('2D SPACE',''
  ) );
#2961 = PCURVE('',#2528,#2962);
#2962 = DEFINITIONAL_REPRESENTATION('',(#2963),#2967);
#2963 = LINE('',#2964,#2965);
#2964 = CARTESIAN_POINT('',(-2.711817222285,0.));
#2965 = VECTOR('',#2966,1.);
#2966 = DIRECTION('',(-0.,1.));
#2967 = ( GEOMETRIC_REPRESENTATION_CONTEXT(2) 
PARAMETRIC_REPRESENTATION_CONTEXT() REPRESENTATION_CONTEXT('2D SPACE',''
  ) );
#2968 = ORIENTED_EDGE('',*,*,#2969,.T.);
#2969 = EDGE_CURVE('',#2947,#2970,#2972,.T.);
#2970 = VERTEX_POINT('',#2971);
#2971 = CARTESIAN_POINT('',(-10.19472401457,-5.740871211464,2.4));
#2972 = SURFACE_CURVE('',#2973,(#2978,#2985),.PCURVE_S1.);
#2973 = CIRCLE('',#2974,11.7);
#2974 = AXIS2_PLACEMENT_3D('',#2975,#2976,#2977);
#2975 = CARTESIAN_POINT('',(-7.033412891139E-14,-1.200241107703E-16,2.4)
  );
#2976 = DIRECTION('',(0.,0.,1.));
#2977 = DIRECTION('',(-1.,1.224646799147E-16,0.));
#2978 = PCURVE('',#1956,#2979);
#2979 = DEFINITIONAL_REPRESENTATION('',(#2980),#2984);
#2980 = CIRCLE('',#2981,11.7);
#2981 = AXIS2_PLACEMENT_2D('',#2982,#2983);
#2982 = CARTESIAN_POINT('',(-7.033412891139E-14,-1.200241107703E-16));
#2983 = DIRECTION('',(-1.,1.224646799147E-16));
#2984 = ( GEOMETRIC_REPRESENTATION_CONTEXT(2) 
PARAMETRIC_REPRESENTATION_CONTEXT() REPRESENTATION_CONTEXT('2D SPACE',''
  ) );
#2985 = PCURVE('',#2986,#2991);
#2986 = CYLINDRICAL_SURFACE('',#2987,11.7);
#2987 = AXIS2_PLACEMENT_3D('',#2988,#2989,#2990);
#2988 = CARTESIAN_POINT('',(-7.033412891139E-14,-1.200241107703E-16,2.4)
  );
#2989 = DIRECTION('',(0.,0.,-1.));
#2990 = DIRECTION('',(-1.,1.224646799147E-16,0.));
#2991 = DEFINITIONAL_REPRESENTATION('',(#2992),#2996);
#2992 = LINE('',#2993,#2994);
#2993 = CARTESIAN_POINT('',(-0.,0.));
#2994 = VECTOR('',#2995,1.);
#2995 = DIRECTION('',(-1.,0.));
#2996 = ( GEOMETRIC_REPRESENTATION_CONTEXT(2) 
PARAMETRIC_REPRESENTATION_CONTEXT() REPRESENTATION_CONTEXT('2D SPACE',''
  ) );
#2997 = ORIENTED_EDGE('',*,*,#2998,.F.);
#2998 = EDGE_CURVE('',#2451,#2970,#2999,.T.);
#2999 = SURFACE_CURVE('',#3000,(#3004,#3011),.PCURVE_S1.);
#3000 = LINE('',#3001,#3002);
#3001 = CARTESIAN_POINT('',(-7.030539553436E-16,-5.740871211464,2.4));
#3002 = VECTOR('',#3003,1.);
#3003 = DIRECTION('',(1.,-1.224646799147E-16,-0.));
#3004 = PCURVE('',#1956,#3005);
#3005 = DEFINITIONAL_REPRESENTATION('',(#3006),#3010);
#3006 = LINE('',#3007,#3008);
#3007 = CARTESIAN_POINT('',(-7.030539553436E-16,-5.740871211464));
#3008 = VECTOR('',#3009,1.);
#3009 = DIRECTION('',(1.,-1.224646799147E-16));
#3010 = ( GEOMETRIC_REPRESENTATION_CONTEXT(2) 
PARAMETRIC_REPRESENTATION_CONTEXT() REPRESENTATION_CONTEXT('2D SPACE',''
  ) );
#3011 = PCURVE('',#2528,#3012);
#3012 = DEFINITIONAL_REPRESENTATION('',(#3013),#3017);
#3013 = LINE('',#3014,#3015);
#3014 = CARTESIAN_POINT('',(-0.429775431305,0.));
#3015 = VECTOR('',#3016,1.);
#3016 = DIRECTION('',(-0.,1.));
#3017 = ( GEOMETRIC_REPRESENTATION_CONTEXT(2) 
PARAMETRIC_REPRESENTATION_CONTEXT() REPRESENTATION_CONTEXT('2D SPACE',''
  ) );
#3018 = FACE_BOUND('',#3019,.T.);
#3019 = EDGE_LOOP('',(#3020));
#3020 = ORIENTED_EDGE('',*,*,#3021,.F.);
#3021 = EDGE_CURVE('',#3022,#3022,#3024,.T.);
#3022 = VERTEX_POINT('',#3023);
#3023 = CARTESIAN_POINT('',(3.2,-7.837739514543E-16,2.4));
#3024 = SURFACE_CURVE('',#3025,(#3030,#3037),.PCURVE_S1.);
#3025 = CIRCLE('',#3026,3.2);
#3026 = AXIS2_PLACEMENT_3D('',#3027,#3028,#3029);
#3027 = CARTESIAN_POINT('',(0.,0.,2.4));
#3028 = DIRECTION('',(0.,0.,1.));
#3029 = DIRECTION('',(1.,0.,-0.));
#3030 = PCURVE('',#1956,#3031);
#3031 = DEFINITIONAL_REPRESENTATION('',(#3032),#3036);
#3032 = CIRCLE('',#3033,3.2);
#3033 = AXIS2_PLACEMENT_2D('',#3034,#3035);
#3034 = CARTESIAN_POINT('',(0.,0.));
#3035 = DIRECTION('',(1.,0.));
#3036 = ( GEOMETRIC_REPRESENTATION_CONTEXT(2) 
PARAMETRIC_REPRESENTATION_CONTEXT() REPRESENTATION_CONTEXT('2D SPACE',''
  ) );
#3037 = PCURVE('',#2649,#3038);
#3038 = DEFINITIONAL_REPRESENTATION('',(#3039),#3043);
#3039 = LINE('',#3040,#3041);
#3040 = CARTESIAN_POINT('',(0.,0.2));
#3041 = VECTOR('',#3042,1.);
#3042 = DIRECTION('',(1.,0.));
#3043 = ( GEOMETRIC_REPRESENTATION_CONTEXT(2) 
PARAMETRIC_REPRESENTATION_CONTEXT() REPRESENTATION_CONTEXT('2D SPACE',''
  ) );
#3044 = ADVANCED_FACE('',(#3045),#2010,.T.);
#3045 = FACE_BOUND('',#3046,.F.);
#3046 = EDGE_LOOP('',(#3047,#3048,#3049,#3050));
#3047 = ORIENTED_EDGE('',*,*,#2879,.F.);
#3048 = ORIENTED_EDGE('',*,*,#1972,.T.);
#3049 = ORIENTED_EDGE('',*,*,#2828,.T.);
#3050 = ORIENTED_EDGE('',*,*,#3051,.F.);
#3051 = EDGE_CURVE('',#2851,#2829,#3052,.T.);
#3052 = SURFACE_CURVE('',#3053,(#3071,#3092),.PCURVE_S1.);
#3053 = B_SPLINE_CURVE_WITH_KNOTS('',6,(#3054,#3055,#3056,#3057,#3058,
    #3059,#3060,#3061,#3062,#3063,#3064,#3065,#3066,#3067,#3068,#3069,
    #3070),.UNSPECIFIED.,.F.,.F.,(7,5,5,7),(0.,0.380529136227,
    0.732100043246,1.),.UNSPECIFIED.);
#3054 = CARTESIAN_POINT('',(10.194723859713,5.740871486473,2.3999994));
#3055 = CARTESIAN_POINT('',(10.214468005203,5.705809543075,
    2.476495751502));
#3056 = CARTESIAN_POINT('',(10.241418392808,5.657611321286,
    2.547663116853));
#3057 = CARTESIAN_POINT('',(10.274808386212,5.597171729246,
    2.610596627789));
#3058 = CARTESIAN_POINT('',(10.31325865894,5.526217909293,2.662656865545
    ));
#3059 = CARTESIAN_POINT('',(10.355083203013,5.447132172753,
    2.701684244395));
#3060 = CARTESIAN_POINT('',(10.438728349231,5.284943732375,
    2.748804342177));
#3061 = CARTESIAN_POINT('',(10.480267336544,5.202681319501,
    2.759002462614));
#3062 = CARTESIAN_POINT('',(10.521506429901,5.118947697768,
    2.755466205885));
#3063 = CARTESIAN_POINT('',(10.560824219881,5.036969880517,
    2.738064802295));
#3064 = CARTESIAN_POINT('',(10.59697668299,4.959838003067,2.707740934834
    ));
#3065 = CARTESIAN_POINT('',(10.653580555144,4.836801813162,
    2.634977534962));
#3066 = CARTESIAN_POINT('',(10.675686313655,4.787910193044,
    2.597183772217));
#3067 = CARTESIAN_POINT('',(10.695151072013,4.744181820188,
    2.553831363271));
#3068 = CARTESIAN_POINT('',(10.711797467913,4.706315698211,
    2.505819990108));
#3069 = CARTESIAN_POINT('',(10.725516019112,4.674830300494,
    2.454173477293));
#3070 = CARTESIAN_POINT('',(10.736270421221,4.649999724991,2.3999994));
#3071 = PCURVE('',#2010,#3072);
#3072 = DEFINITIONAL_REPRESENTATION('',(#3073),#3091);
#3073 = B_SPLINE_CURVE_WITH_KNOTS('',6,(#3074,#3075,#3076,#3077,#3078,
    #3079,#3080,#3081,#3082,#3083,#3084,#3085,#3086,#3087,#3088,#3089,
    #3090),.UNSPECIFIED.,.F.,.F.,(7,5,5,7),(0.,0.380529136227,
    0.732100043246,1.),.UNSPECIFIED.);
#3074 = CARTESIAN_POINT('',(-0.429774331267,-10.19472385971));
#3075 = CARTESIAN_POINT('',(-0.570022441454,-10.2144680052));
#3076 = CARTESIAN_POINT('',(-0.711318359467,-10.2414183928));
#3077 = CARTESIAN_POINT('',(-0.853609454481,-10.27480838621));
#3078 = CARTESIAN_POINT('',(-0.997017693424,-10.31325865894));
#3079 = CARTESIAN_POINT('',(-1.141740277157,-10.35508320301));
#3080 = CARTESIAN_POINT('',(-1.423231316127,-10.43872834923));
#3081 = CARTESIAN_POINT('',(-1.559631498872,-10.48026733654));
#3082 = CARTESIAN_POINT('',(-1.696457941654,-10.5215064299));
#3083 = CARTESIAN_POINT('',(-1.833283869477,-10.56082421988));
#3084 = CARTESIAN_POINT('',(-1.969659616214,-10.59697668299));
#3085 = CARTESIAN_POINT('',(-2.207896288846,-10.65358055514));
#3086 = CARTESIAN_POINT('',(-2.310099009426,-10.67568631365));
#3087 = CARTESIAN_POINT('',(-2.411579517596,-10.69515107201));
#3088 = CARTESIAN_POINT('',(-2.512381433724,-10.71179746791));
#3089 = CARTESIAN_POINT('',(-2.612495781937,-10.72551601911));
#3090 = CARTESIAN_POINT('',(-2.711818322323,-10.73627042122));
#3091 = ( GEOMETRIC_REPRESENTATION_CONTEXT(2) 
PARAMETRIC_REPRESENTATION_CONTEXT() REPRESENTATION_CONTEXT('2D SPACE',''
  ) );
#3092 = PCURVE('',#2867,#3093);
#3093 = DEFINITIONAL_REPRESENTATION('',(#3094),#3112);
#3094 = B_SPLINE_CURVE_WITH_KNOTS('',6,(#3095,#3096,#3097,#3098,#3099,
    #3100,#3101,#3102,#3103,#3104,#3105,#3106,#3107,#3108,#3109,#3110,
    #3111),.UNSPECIFIED.,.F.,.F.,(7,5,5,7),(0.,0.380529136227,
    0.732100043246,1.),.UNSPECIFIED.);
#3095 = CARTESIAN_POINT('',(-0.512861698979,6.000000000173E-07));
#3096 = CARTESIAN_POINT('',(-0.509422474545,-7.649575150244E-02));
#3097 = CARTESIAN_POINT('',(-0.504702729931,-0.147663116853));
#3098 = CARTESIAN_POINT('',(-0.498801167253,-0.210596627789));
#3099 = CARTESIAN_POINT('',(-0.491904001126,-0.262656865545));
#3100 = CARTESIAN_POINT('',(-0.484257896432,-0.301684244395));
#3101 = CARTESIAN_POINT('',(-0.468660694579,-0.348804342177));
#3102 = CARTESIAN_POINT('',(-0.460784458414,-0.359002462614));
#3103 = CARTESIAN_POINT('',(-0.452807492029,-0.355466205885));
#3104 = CARTESIAN_POINT('',(-0.445037157363,-0.338064802295));
#3105 = CARTESIAN_POINT('',(-0.437756645555,-0.307740934834));
#3106 = CARTESIAN_POINT('',(-0.426181237038,-0.234977534962));
#3107 = CARTESIAN_POINT('',(-0.421595282454,-0.197183772217));
#3108 = CARTESIAN_POINT('',(-0.41750435272,-0.153831363271));
#3109 = CARTESIAN_POINT('',(-0.413969032544,-0.105819990108));
#3110 = CARTESIAN_POINT('',(-0.411033632232,-5.417347729277E-02));
#3111 = CARTESIAN_POINT('',(-0.408720857448,6.000000000173E-07));
#3112 = ( GEOMETRIC_REPRESENTATION_CONTEXT(2) 
PARAMETRIC_REPRESENTATION_CONTEXT() REPRESENTATION_CONTEXT('2D SPACE',''
  ) );
#3113 = ADVANCED_FACE('',(#3114),#2185,.F.);
#3114 = FACE_BOUND('',#3115,.T.);
#3115 = EDGE_LOOP('',(#3116,#3117,#3118,#3145,#3165,#3166));
#3116 = ORIENTED_EDGE('',*,*,#2321,.T.);
#3117 = ORIENTED_EDGE('',*,*,#2609,.T.);
#3118 = ORIENTED_EDGE('',*,*,#3119,.T.);
#3119 = EDGE_CURVE('',#2589,#3120,#3122,.T.);
#3120 = VERTEX_POINT('',#3121);
#3121 = CARTESIAN_POINT('',(-10.67005154626,4.8,4.2));
#3122 = SURFACE_CURVE('',#3123,(#3128,#3134),.PCURVE_S1.);
#3123 = CIRCLE('',#3124,11.7);
#3124 = AXIS2_PLACEMENT_3D('',#3125,#3126,#3127);
#3125 = CARTESIAN_POINT('',(0.,0.,4.2));
#3126 = DIRECTION('',(0.,0.,-1.));
#3127 = DIRECTION('',(1.,0.,0.));
#3128 = PCURVE('',#2185,#3129);
#3129 = DEFINITIONAL_REPRESENTATION('',(#3130),#3133);
#3130 = B_SPLINE_CURVE_WITH_KNOTS('',1,(#3131,#3132),.UNSPECIFIED.,.F.,
  .F.,(2,2),(2.060183939001,3.56432785878),.PIECEWISE_BEZIER_KNOTS.);
#3131 = CARTESIAN_POINT('',(-4.223001368178,-1.8));
#3132 = CARTESIAN_POINT('',(-2.718857448399,-1.8));
#3133 = ( GEOMETRIC_REPRESENTATION_CONTEXT(2) 
PARAMETRIC_REPRESENTATION_CONTEXT() REPRESENTATION_CONTEXT('2D SPACE',''
  ) );
#3134 = PCURVE('',#2417,#3135);
#3135 = DEFINITIONAL_REPRESENTATION('',(#3136),#3144);
#3136 = ( BOUNDED_CURVE() B_SPLINE_CURVE(2,(#3137,#3138,#3139,#3140,
#3141,#3142,#3143),.UNSPECIFIED.,.T.,.F.) B_SPLINE_CURVE_WITH_KNOTS((1,2
    ,2,2,2,1),(-2.094395102393,0.,2.094395102393,4.188790204786,
6.28318530718,8.377580409573),.UNSPECIFIED.) CURVE() 
GEOMETRIC_REPRESENTATION_ITEM() RATIONAL_B_SPLINE_CURVE((1.,0.5,1.,0.5,
1.,0.5,1.)) REPRESENTATION_ITEM('') );
#3137 = CARTESIAN_POINT('',(11.7,-2.293813898064E-16));
#3138 = CARTESIAN_POINT('',(11.7,-20.26499444855));
#3139 = CARTESIAN_POINT('',(-5.85,-10.13249722427));
#3140 = CARTESIAN_POINT('',(-23.4,-3.095054899811E-15));
#3141 = CARTESIAN_POINT('',(-5.85,10.132497224278));
#3142 = CARTESIAN_POINT('',(11.7,20.264994448556));
#3143 = CARTESIAN_POINT('',(11.7,-2.293813898064E-16));
#3144 = ( GEOMETRIC_REPRESENTATION_CONTEXT(2) 
PARAMETRIC_REPRESENTATION_CONTEXT() REPRESENTATION_CONTEXT('2D SPACE',''
  ) );
#3145 = ORIENTED_EDGE('',*,*,#3146,.T.);
#3146 = EDGE_CURVE('',#3120,#2902,#3147,.T.);
#3147 = SURFACE_CURVE('',#3148,(#3152,#3158),.PCURVE_S1.);
#3148 = LINE('',#3149,#3150);
#3149 = CARTESIAN_POINT('',(-10.67005154626,4.8,2.4));
#3150 = VECTOR('',#3151,1.);
#3151 = DIRECTION('',(0.,0.,-1.));
#3152 = PCURVE('',#2185,#3153);
#3153 = DEFINITIONAL_REPRESENTATION('',(#3154),#3157);
#3154 = B_SPLINE_CURVE_WITH_KNOTS('',1,(#3155,#3156),.UNSPECIFIED.,.F.,
  .F.,(2,2),(-1.8,-0.),.PIECEWISE_BEZIER_KNOTS.);
#3155 = CARTESIAN_POINT('',(-2.718857448399,-1.8));
#3156 = CARTESIAN_POINT('',(-2.718857448399,0.));
#3157 = ( GEOMETRIC_REPRESENTATION_CONTEXT(2) 
PARAMETRIC_REPRESENTATION_CONTEXT() REPRESENTATION_CONTEXT('2D SPACE',''
  ) );
#3158 = PCURVE('',#2390,#3159);
#3159 = DEFINITIONAL_REPRESENTATION('',(#3160),#3164);
#3160 = LINE('',#3161,#3162);
#3161 = CARTESIAN_POINT('',(0.,5.170051546267));
#3162 = VECTOR('',#3163,1.);
#3163 = DIRECTION('',(-1.,0.));
#3164 = ( GEOMETRIC_REPRESENTATION_CONTEXT(2) 
PARAMETRIC_REPRESENTATION_CONTEXT() REPRESENTATION_CONTEXT('2D SPACE',''
  ) );
#3165 = ORIENTED_EDGE('',*,*,#2901,.F.);
#3166 = ORIENTED_EDGE('',*,*,#2167,.F.);
#3167 = ADVANCED_FACE('',(#3168),#2390,.T.);
#3168 = FACE_BOUND('',#3169,.T.);
#3169 = EDGE_LOOP('',(#3170,#3171,#3172,#3193));
#3170 = ORIENTED_EDGE('',*,*,#2924,.F.);
#3171 = ORIENTED_EDGE('',*,*,#3146,.F.);
#3172 = ORIENTED_EDGE('',*,*,#3173,.T.);
#3173 = EDGE_CURVE('',#3120,#2374,#3174,.T.);
#3174 = SURFACE_CURVE('',#3175,(#3179,#3186),.PCURVE_S1.);
#3175 = LINE('',#3176,#3177);
#3176 = CARTESIAN_POINT('',(-5.5,4.8,4.2));
#3177 = VECTOR('',#3178,1.);
#3178 = DIRECTION('',(-1.,1.224646799147E-16,0.));
#3179 = PCURVE('',#2390,#3180);
#3180 = DEFINITIONAL_REPRESENTATION('',(#3181),#3185);
#3181 = LINE('',#3182,#3183);
#3182 = CARTESIAN_POINT('',(1.8,0.));
#3183 = VECTOR('',#3184,1.);
#3184 = DIRECTION('',(0.,1.));
#3185 = ( GEOMETRIC_REPRESENTATION_CONTEXT(2) 
PARAMETRIC_REPRESENTATION_CONTEXT() REPRESENTATION_CONTEXT('2D SPACE',''
  ) );
#3186 = PCURVE('',#2417,#3187);
#3187 = DEFINITIONAL_REPRESENTATION('',(#3188),#3192);
#3188 = LINE('',#3189,#3190);
#3189 = CARTESIAN_POINT('',(-5.5,4.8));
#3190 = VECTOR('',#3191,1.);
#3191 = DIRECTION('',(-1.,1.224646799147E-16));
#3192 = ( GEOMETRIC_REPRESENTATION_CONTEXT(2) 
PARAMETRIC_REPRESENTATION_CONTEXT() REPRESENTATION_CONTEXT('2D SPACE',''
  ) );
#3193 = ORIENTED_EDGE('',*,*,#2373,.T.);
#3194 = ADVANCED_FACE('',(#3195),#2528,.T.);
#3195 = FACE_BOUND('',#3196,.F.);
#3196 = EDGE_LOOP('',(#3197,#3198,#3199,#3200));
#3197 = ORIENTED_EDGE('',*,*,#2998,.F.);
#3198 = ORIENTED_EDGE('',*,*,#2478,.T.);
#3199 = ORIENTED_EDGE('',*,*,#2946,.T.);
#3200 = ORIENTED_EDGE('',*,*,#3201,.F.);
#3201 = EDGE_CURVE('',#2970,#2947,#3202,.T.);
#3202 = SURFACE_CURVE('',#3203,(#3221,#3242),.PCURVE_S1.);
#3203 = B_SPLINE_CURVE_WITH_KNOTS('',6,(#3204,#3205,#3206,#3207,#3208,
    #3209,#3210,#3211,#3212,#3213,#3214,#3215,#3216,#3217,#3218,#3219,
    #3220),.UNSPECIFIED.,.F.,.F.,(7,5,5,7),(0.,0.380529136227,
    0.732100043246,1.),.UNSPECIFIED.);
#3204 = CARTESIAN_POINT('',(-10.19472385971,-5.740871486473,2.3999994));
#3205 = CARTESIAN_POINT('',(-10.2144680052,-5.705809543075,
    2.476495751502));
#3206 = CARTESIAN_POINT('',(-10.2414183928,-5.657611321286,
    2.547663116853));
#3207 = CARTESIAN_POINT('',(-10.27480838621,-5.597171729246,
    2.610596627789));
#3208 = CARTESIAN_POINT('',(-10.31325865894,-5.526217909293,
    2.662656865545));
#3209 = CARTESIAN_POINT('',(-10.35508320301,-5.447132172753,
    2.701684244395));
#3210 = CARTESIAN_POINT('',(-10.43872834923,-5.284943732375,
    2.748804342177));
#3211 = CARTESIAN_POINT('',(-10.48026733654,-5.202681319501,
    2.759002462614));
#3212 = CARTESIAN_POINT('',(-10.5215064299,-5.118947697768,
    2.755466205885));
#3213 = CARTESIAN_POINT('',(-10.56082421988,-5.036969880517,
    2.738064802295));
#3214 = CARTESIAN_POINT('',(-10.59697668299,-4.959838003067,
    2.707740934834));
#3215 = CARTESIAN_POINT('',(-10.65358055514,-4.836801813162,
    2.634977534962));
#3216 = CARTESIAN_POINT('',(-10.67568631365,-4.787910193044,
    2.597183772217));
#3217 = CARTESIAN_POINT('',(-10.69515107201,-4.744181820188,
    2.553831363271));
#3218 = CARTESIAN_POINT('',(-10.71179746791,-4.706315698211,
    2.505819990108));
#3219 = CARTESIAN_POINT('',(-10.72551601911,-4.674830300494,
    2.454173477293));
#3220 = CARTESIAN_POINT('',(-10.73627042122,-4.649999724991,2.3999994));
#3221 = PCURVE('',#2528,#3222);
#3222 = DEFINITIONAL_REPRESENTATION('',(#3223),#3241);
#3223 = B_SPLINE_CURVE_WITH_KNOTS('',6,(#3224,#3225,#3226,#3227,#3228,
    #3229,#3230,#3231,#3232,#3233,#3234,#3235,#3236,#3237,#3238,#3239,
    #3240),.UNSPECIFIED.,.F.,.F.,(7,5,5,7),(0.,0.380529136227,
    0.732100043246,1.),.UNSPECIFIED.);
#3224 = CARTESIAN_POINT('',(-0.429774331267,-10.19472385971));
#3225 = CARTESIAN_POINT('',(-0.570022441454,-10.2144680052));
#3226 = CARTESIAN_POINT('',(-0.711318359467,-10.2414183928));
#3227 = CARTESIAN_POINT('',(-0.853609454481,-10.27480838621));
#3228 = CARTESIAN_POINT('',(-0.997017693424,-10.31325865894));
#3229 = CARTESIAN_POINT('',(-1.141740277157,-10.35508320301));
#3230 = CARTESIAN_POINT('',(-1.423231316127,-10.43872834923));
#3231 = CARTESIAN_POINT('',(-1.559631498872,-10.48026733654));
#3232 = CARTESIAN_POINT('',(-1.696457941654,-10.5215064299));
#3233 = CARTESIAN_POINT('',(-1.833283869477,-10.56082421988));
#3234 = CARTESIAN_POINT('',(-1.969659616214,-10.59697668299));
#3235 = CARTESIAN_POINT('',(-2.207896288846,-10.65358055514));
#3236 = CARTESIAN_POINT('',(-2.310099009426,-10.67568631365));
#3237 = CARTESIAN_POINT('',(-2.411579517596,-10.69515107201));
#3238 = CARTESIAN_POINT('',(-2.512381433724,-10.71179746791));
#3239 = CARTESIAN_POINT('',(-2.612495781937,-10.72551601911));
#3240 = CARTESIAN_POINT('',(-2.711818322323,-10.73627042122));
#3241 = ( GEOMETRIC_REPRESENTATION_CONTEXT(2) 
PARAMETRIC_REPRESENTATION_CONTEXT() REPRESENTATION_CONTEXT('2D SPACE',''
  ) );
#3242 = PCURVE('',#2986,#3243);
#3243 = DEFINITIONAL_REPRESENTATION('',(#3244),#3262);
#3244 = B_SPLINE_CURVE_WITH_KNOTS('',6,(#3245,#3246,#3247,#3248,#3249,
    #3250,#3251,#3252,#3253,#3254,#3255,#3256,#3257,#3258,#3259,#3260,
    #3261),.UNSPECIFIED.,.F.,.F.,(7,5,5,7),(0.,0.380529136227,
    0.732100043246,1.),.UNSPECIFIED.);
#3245 = CARTESIAN_POINT('',(-0.512861698979,6.000000000173E-07));
#3246 = CARTESIAN_POINT('',(-0.509422474545,-7.649575150244E-02));
#3247 = CARTESIAN_POINT('',(-0.504702729931,-0.147663116853));
#3248 = CARTESIAN_POINT('',(-0.498801167253,-0.210596627789));
#3249 = CARTESIAN_POINT('',(-0.491904001126,-0.262656865545));
#3250 = CARTESIAN_POINT('',(-0.484257896432,-0.301684244395));
#3251 = CARTESIAN_POINT('',(-0.468660694579,-0.348804342177));
#3252 = CARTESIAN_POINT('',(-0.460784458414,-0.359002462614));
#3253 = CARTESIAN_POINT('',(-0.452807492029,-0.355466205885));
#3254 = CARTESIAN_POINT('',(-0.445037157363,-0.338064802295));
#3255 = CARTESIAN_POINT('',(-0.437756645555,-0.307740934834));
#3256 = CARTESIAN_POINT('',(-0.426181237038,-0.234977534962));
#3257 = CARTESIAN_POINT('',(-0.421595282454,-0.197183772217));
#3258 = CARTESIAN_POINT('',(-0.41750435272,-0.153831363271));
#3259 = CARTESIAN_POINT('',(-0.413969032544,-0.105819990108));
#3260 = CARTESIAN_POINT('',(-0.411033632232,-5.417347729277E-02));
#3261 = CARTESIAN_POINT('',(-0.408720857448,6.000000000173E-07));
#3262 = ( GEOMETRIC_REPRESENTATION_CONTEXT(2) 
PARAMETRIC_REPRESENTATION_CONTEXT() REPRESENTATION_CONTEXT('2D SPACE',''
  ) );
#3263 = ADVANCED_FACE('',(#3264),#2417,.F.);
#3264 = FACE_BOUND('',#3265,.F.);
#3265 = EDGE_LOOP('',(#3266,#3267,#3268,#3269));
#3266 = ORIENTED_EDGE('',*,*,#3119,.T.);
#3267 = ORIENTED_EDGE('',*,*,#3173,.T.);
#3268 = ORIENTED_EDGE('',*,*,#2401,.T.);
#3269 = ORIENTED_EDGE('',*,*,#2588,.T.);
#3270 = ADVANCED_FACE('',(#3271),#2649,.F.);
#3271 = FACE_BOUND('',#3272,.F.);
#3272 = EDGE_LOOP('',(#3273,#3274,#3295,#3296));
#3273 = ORIENTED_EDGE('',*,*,#3021,.F.);
#3274 = ORIENTED_EDGE('',*,*,#3275,.F.);
#3275 = EDGE_CURVE('',#2633,#3022,#3276,.T.);
#3276 = SEAM_CURVE('',#3277,(#3281,#3288),.PCURVE_S1.);
#3277 = LINE('',#3278,#3279);
#3278 = CARTESIAN_POINT('',(3.2,-7.837739514543E-16,2.2));
#3279 = VECTOR('',#3280,1.);
#3280 = DIRECTION('',(0.,0.,1.));
#3281 = PCURVE('',#2649,#3282);
#3282 = DEFINITIONAL_REPRESENTATION('',(#3283),#3287);
#3283 = LINE('',#3284,#3285);
#3284 = CARTESIAN_POINT('',(6.28318530718,-0.));
#3285 = VECTOR('',#3286,1.);
#3286 = DIRECTION('',(0.,1.));
#3287 = ( GEOMETRIC_REPRESENTATION_CONTEXT(2) 
PARAMETRIC_REPRESENTATION_CONTEXT() REPRESENTATION_CONTEXT('2D SPACE',''
  ) );
#3288 = PCURVE('',#2649,#3289);
#3289 = DEFINITIONAL_REPRESENTATION('',(#3290),#3294);
#3290 = LINE('',#3291,#3292);
#3291 = CARTESIAN_POINT('',(0.,-0.));
#3292 = VECTOR('',#3293,1.);
#3293 = DIRECTION('',(0.,1.));
#3294 = ( GEOMETRIC_REPRESENTATION_CONTEXT(2) 
PARAMETRIC_REPRESENTATION_CONTEXT() REPRESENTATION_CONTEXT('2D SPACE',''
  ) );
#3295 = ORIENTED_EDGE('',*,*,#2632,.T.);
#3296 = ORIENTED_EDGE('',*,*,#3275,.T.);
#3297 = ADVANCED_FACE('',(#3298),#2986,.F.);
#3298 = FACE_BOUND('',#3299,.T.);
#3299 = EDGE_LOOP('',(#3300,#3301));
#3300 = ORIENTED_EDGE('',*,*,#2969,.F.);
#3301 = ORIENTED_EDGE('',*,*,#3201,.F.);
#3302 = ADVANCED_FACE('',(#3303),#2867,.F.);
#3303 = FACE_BOUND('',#3304,.T.);
#3304 = EDGE_LOOP('',(#3305,#3306));
#3305 = ORIENTED_EDGE('',*,*,#2850,.F.);
#3306 = ORIENTED_EDGE('',*,*,#3051,.F.);
#3307 = ( GEOMETRIC_REPRESENTATION_CONTEXT(3) 
GLOBAL_UNCERTAINTY_ASSIGNED_CONTEXT((#3311)) 
GLOBAL_UNIT_ASSIGNED_CONTEXT((#3308,#3309,#3310)) REPRESENTATION_CONTEXT
('Context #1','3D Context with UNIT and UNCERTAINTY') );
#3308 = ( LENGTH_UNIT() NAMED_UNIT(*) SI_UNIT(.MILLI.,.METRE.) );
#3309 = ( NAMED_UNIT(*) PLANE_ANGLE_UNIT() SI_UNIT($,.RADIAN.) );
#3310 = ( NAMED_UNIT(*) SI_UNIT($,.STERADIAN.) SOLID_ANGLE_UNIT() );
#3311 = UNCERTAINTY_MEASURE_WITH_UNIT(LENGTH_MEASURE(1.E-07),#3308,
  'distance_accuracy_value','confusion accuracy');
#3312 = PRODUCT_RELATED_PRODUCT_CATEGORY('part',$,(#7));
ENDSEC;
END-ISO-10303-21;
