ISO-10303-21;
HEADER;
FILE_DESCRIPTION(('Open CASCADE Model'),'2;1');
FILE_NAME('Open CASCADE Shape Model','2026-10-04T18:02:48',('Author'),(
    'Open CASCADE'),'Open CASCADE STEP processor 7.9','Open CASCADE 7.9'
  ,'Unknown');
FILE_SCHEMA(('AUTOMOTIVE_DESIGN { 1 0 10303 214 1 1 1 1 }'));
ENDSEC;
DATA;
#1 = APPLICATION_PROTOCOL_DEFINITION('international standard',
  'automotive_design',2000,#2);
#2 = APPLICATION_CONTEXT(
  'core data for automotive mechanical design processes');
#3 = SHAPE_DEFINITION_REPRESENTATION(#4,#10);
#4 = PRODUCT_DEFINITION_SHAPE('','',#5);
#5 = PRODUCT_DEFINITION('design','',#6,#9);
#6 = PRODUCT_DEFINITION_FORMATION('','',#7);
#7 = PRODUCT('Open CASCADE STEP translator 7.9 1',
  'Open CASCADE STEP translator 7.9 1','',(#8));
#8 = PRODUCT_CONTEXT('',#2,'mechanical');
#9 = PRODUCT_DEFINITION_CONTEXT('part definition',#2,'design');
#10 = ADVANCED_BREP_SHAPE_REPRESENTATION('',(#11,#15),#3097);
#11 = AXIS2_PLACEMENT_3D('',#12,#13,#14);
#12 = CARTESIAN_POINT('',(0.,0.,0.));
#13 = DIRECTION('',(0.,0.,1.));
#14 = DIRECTION('',(1.,0.,-0.));
#15 = MANIFOLD_SOLID_BREP('',#16);
#16 = CLOSED_SHELL('',(#17,#135,#219,#309,#399,#468,#526,#584,#633,#686,
    #745,#798,#1220,#1227,#1234,#1289,#1365,#1414,#1441,#1543,#1741,
    #1795,#1876,#1948,#2001,#2214,#2260,#2336,#2385,#2412,#2466,#2472,
    #2549,#2576,#2603,#2828,#2897,#2951,#2978,#3047,#3054,#3060,#3087,
    #3092));
#17 = ADVANCED_FACE('',(#18),#32,.T.);
#18 = FACE_BOUND('',#19,.F.);
#19 = EDGE_LOOP('',(#20,#53,#82,#108));
#20 = ORIENTED_EDGE('',*,*,#21,.T.);
#21 = EDGE_CURVE('',#22,#24,#26,.T.);
#22 = VERTEX_POINT('',#23);
#23 = CARTESIAN_POINT('',(-16.1,5.300235843809,5.5));
#24 = VERTEX_POINT('',#25);
#25 = CARTESIAN_POINT('',(-16.1,5.300235843809,0.4));
#26 = SURFACE_CURVE('',#27,(#31,#42),.PCURVE_S1.);
#27 = LINE('',#28,#29);
#28 = CARTESIAN_POINT('',(-16.1,5.300235843809,0.));
#29 = VECTOR('',#30,1.);
#30 = DIRECTION('',(-0.,-0.,-1.));
#31 = PCURVE('',#32,#37);
#32 = CYLINDRICAL_SURFACE('',#33,16.95);
#33 = AXIS2_PLACEMENT_3D('',#34,#35,#36);
#34 = CARTESIAN_POINT('',(0.,0.,0.));
#35 = DIRECTION('',(-0.,-0.,-1.));
#36 = DIRECTION('',(1.,0.,0.));
#37 = DEFINITIONAL_REPRESENTATION('',(#38),#41);
#38 = B_SPLINE_CURVE_WITH_KNOTS('',1,(#39,#40),.UNSPECIFIED.,.F.,.F.,(2,
    2),(-6.0000006,6.E-07),.PIECEWISE_BEZIER_KNOTS.);
#39 = CARTESIAN_POINT('',(-2.82356020877,-6.0000006));
#40 = CARTESIAN_POINT('',(-2.82356020877,6.E-07));
#41 = ( GEOMETRIC_REPRESENTATION_CONTEXT(2) 
PARAMETRIC_REPRESENTATION_CONTEXT() REPRESENTATION_CONTEXT('2D SPACE',''
  ) );
#42 = PCURVE('',#43,#48);
#43 = PLANE('',#44);
#44 = AXIS2_PLACEMENT_3D('',#45,#46,#47);
#45 = CARTESIAN_POINT('',(-16.1,-17.95,0.));
#46 = DIRECTION('',(1.,0.,0.));
#47 = DIRECTION('',(0.,0.,1.));
#48 = DEFINITIONAL_REPRESENTATION('',(#49),#52);
#49 = B_SPLINE_CURVE_WITH_KNOTS('',1,(#50,#51),.UNSPECIFIED.,.F.,.F.,(2,
    2),(-6.0000006,6.E-07),.PIECEWISE_BEZIER_KNOTS.);
#50 = CARTESIAN_POINT('',(6.0000006,-23.2502358438));
#51 = CARTESIAN_POINT('',(-6.E-07,-23.2502358438));
#52 = ( GEOMETRIC_REPRESENTATION_CONTEXT(2) 
PARAMETRIC_REPRESENTATION_CONTEXT() REPRESENTATION_CONTEXT('2D SPACE',''
  ) );
#53 = ORIENTED_EDGE('',*,*,#54,.F.);
#54 = EDGE_CURVE('',#55,#24,#57,.T.);
#55 = VERTEX_POINT('',#56);
#56 = CARTESIAN_POINT('',(16.1,5.300235843809,0.4));
#57 = SURFACE_CURVE('',#58,(#63,#70),.PCURVE_S1.);
#58 = CIRCLE('',#59,16.95);
#59 = AXIS2_PLACEMENT_3D('',#60,#61,#62);
#60 = CARTESIAN_POINT('',(0.,0.,0.4));
#61 = DIRECTION('',(0.,0.,1.));
#62 = DIRECTION('',(0.949852507375,0.312698279871,-0.));
#63 = PCURVE('',#32,#64);
#64 = DEFINITIONAL_REPRESENTATION('',(#65),#69);
#65 = LINE('',#66,#67);
#66 = CARTESIAN_POINT('',(-0.31803244482,-0.4));
#67 = VECTOR('',#68,1.);
#68 = DIRECTION('',(-1.,0.));
#69 = ( GEOMETRIC_REPRESENTATION_CONTEXT(2) 
PARAMETRIC_REPRESENTATION_CONTEXT() REPRESENTATION_CONTEXT('2D SPACE',''
  ) );
#70 = PCURVE('',#71,#76);
#71 = CONICAL_SURFACE('',#72,16.95,0.785398163397);
#72 = AXIS2_PLACEMENT_3D('',#73,#74,#75);
#73 = CARTESIAN_POINT('',(0.,0.,0.4));
#74 = DIRECTION('',(0.,0.,1.));
#75 = DIRECTION('',(0.949852507375,0.312698279871,-0.));
#76 = DEFINITIONAL_REPRESENTATION('',(#77),#81);
#77 = LINE('',#78,#79);
#78 = CARTESIAN_POINT('',(0.,-0.));
#79 = VECTOR('',#80,1.);
#80 = DIRECTION('',(1.,-0.));
#81 = ( GEOMETRIC_REPRESENTATION_CONTEXT(2) 
PARAMETRIC_REPRESENTATION_CONTEXT() REPRESENTATION_CONTEXT('2D SPACE',''
  ) );
#82 = ORIENTED_EDGE('',*,*,#83,.F.);
#83 = EDGE_CURVE('',#84,#55,#86,.T.);
#84 = VERTEX_POINT('',#85);
#85 = CARTESIAN_POINT('',(16.1,5.300235843809,5.5));
#86 = SURFACE_CURVE('',#87,(#91,#97),.PCURVE_S1.);
#87 = LINE('',#88,#89);
#88 = CARTESIAN_POINT('',(16.1,5.300235843809,0.));
#89 = VECTOR('',#90,1.);
#90 = DIRECTION('',(-0.,-0.,-1.));
#91 = PCURVE('',#32,#92);
#92 = DEFINITIONAL_REPRESENTATION('',(#93),#96);
#93 = B_SPLINE_CURVE_WITH_KNOTS('',1,(#94,#95),.UNSPECIFIED.,.F.,.F.,(2,
    2),(-6.0000006,6.E-07),.PIECEWISE_BEZIER_KNOTS.);
#94 = CARTESIAN_POINT('',(-0.31803244482,-6.0000006));
#95 = CARTESIAN_POINT('',(-0.31803244482,6.E-07));
#96 = ( GEOMETRIC_REPRESENTATION_CONTEXT(2) 
PARAMETRIC_REPRESENTATION_CONTEXT() REPRESENTATION_CONTEXT('2D SPACE',''
  ) );
#97 = PCURVE('',#98,#103);
#98 = PLANE('',#99);
#99 = AXIS2_PLACEMENT_3D('',#100,#101,#102);
#100 = CARTESIAN_POINT('',(16.1,-17.95,0.));
#101 = DIRECTION('',(1.,0.,0.));
#102 = DIRECTION('',(0.,0.,1.));
#103 = DEFINITIONAL_REPRESENTATION('',(#104),#107);
#104 = B_SPLINE_CURVE_WITH_KNOTS('',1,(#105,#106),.UNSPECIFIED.,.F.,.F.,
  (2,2),(-6.0000006,6.E-07),.PIECEWISE_BEZIER_KNOTS.);
#105 = CARTESIAN_POINT('',(6.0000006,-23.2502358438));
#106 = CARTESIAN_POINT('',(-6.E-07,-23.2502358438));
#107 = ( GEOMETRIC_REPRESENTATION_CONTEXT(2) 
PARAMETRIC_REPRESENTATION_CONTEXT() REPRESENTATION_CONTEXT('2D SPACE',''
  ) );
#108 = ORIENTED_EDGE('',*,*,#109,.T.);
#109 = EDGE_CURVE('',#84,#22,#110,.T.);
#110 = SURFACE_CURVE('',#111,(#116,#123),.PCURVE_S1.);
#111 = CIRCLE('',#112,16.95);
#112 = AXIS2_PLACEMENT_3D('',#113,#114,#115);
#113 = CARTESIAN_POINT('',(0.,0.,5.5));
#114 = DIRECTION('',(0.,0.,1.));
#115 = DIRECTION('',(0.949852507375,0.312698279871,-0.));
#116 = PCURVE('',#32,#117);
#117 = DEFINITIONAL_REPRESENTATION('',(#118),#122);
#118 = LINE('',#119,#120);
#119 = CARTESIAN_POINT('',(-0.31803244482,-5.5));
#120 = VECTOR('',#121,1.);
#121 = DIRECTION('',(-1.,0.));
#122 = ( GEOMETRIC_REPRESENTATION_CONTEXT(2) 
PARAMETRIC_REPRESENTATION_CONTEXT() REPRESENTATION_CONTEXT('2D SPACE',''
  ) );
#123 = PCURVE('',#124,#129);
#124 = CONICAL_SURFACE('',#125,16.95,0.785398163397);
#125 = AXIS2_PLACEMENT_3D('',#126,#127,#128);
#126 = CARTESIAN_POINT('',(0.,0.,5.5));
#127 = DIRECTION('',(-0.,-0.,-1.));
#128 = DIRECTION('',(0.949852507375,0.312698279871,-0.));
#129 = DEFINITIONAL_REPRESENTATION('',(#130),#134);
#130 = LINE('',#131,#132);
#131 = CARTESIAN_POINT('',(-0.,-0.));
#132 = VECTOR('',#133,1.);
#133 = DIRECTION('',(-1.,-0.));
#134 = ( GEOMETRIC_REPRESENTATION_CONTEXT(2) 
PARAMETRIC_REPRESENTATION_CONTEXT() REPRESENTATION_CONTEXT('2D SPACE',''
  ) );
#135 = ADVANCED_FACE('',(#136),#43,.F.);
#136 = FACE_BOUND('',#137,.F.);
#137 = EDGE_LOOP('',(#138,#139,#167,#193));
#138 = ORIENTED_EDGE('',*,*,#21,.F.);
#139 = ORIENTED_EDGE('',*,*,#140,.F.);
#140 = EDGE_CURVE('',#141,#22,#143,.T.);
#141 = VERTEX_POINT('',#142);
#142 = CARTESIAN_POINT('',(-16.1,-5.300235843809,5.5));
#143 = SURFACE_CURVE('',#144,(#148,#155),.PCURVE_S1.);
#144 = LINE('',#145,#146);
#145 = CARTESIAN_POINT('',(-16.1,-5.300235843809,5.5));
#146 = VECTOR('',#147,1.);
#147 = DIRECTION('',(0.,1.,0.));
#148 = PCURVE('',#43,#149);
#149 = DEFINITIONAL_REPRESENTATION('',(#150),#154);
#150 = LINE('',#151,#152);
#151 = CARTESIAN_POINT('',(5.5,-12.64976415619));
#152 = VECTOR('',#153,1.);
#153 = DIRECTION('',(0.,-1.));
#154 = ( GEOMETRIC_REPRESENTATION_CONTEXT(2) 
PARAMETRIC_REPRESENTATION_CONTEXT() REPRESENTATION_CONTEXT('2D SPACE',''
  ) );
#155 = PCURVE('',#156,#161);
#156 = PLANE('',#157);
#157 = AXIS2_PLACEMENT_3D('',#158,#159,#160);
#158 = CARTESIAN_POINT('',(-15.85,-5.300235843809,5.75));
#159 = DIRECTION('',(0.707106781187,0.,-0.707106781187));
#160 = DIRECTION('',(0.,1.,0.));
#161 = DEFINITIONAL_REPRESENTATION('',(#162),#166);
#162 = LINE('',#163,#164);
#163 = CARTESIAN_POINT('',(0.,-0.353553390593));
#164 = VECTOR('',#165,1.);
#165 = DIRECTION('',(1.,0.));
#166 = ( GEOMETRIC_REPRESENTATION_CONTEXT(2) 
PARAMETRIC_REPRESENTATION_CONTEXT() REPRESENTATION_CONTEXT('2D SPACE',''
  ) );
#167 = ORIENTED_EDGE('',*,*,#168,.T.);
#168 = EDGE_CURVE('',#141,#169,#171,.T.);
#169 = VERTEX_POINT('',#170);
#170 = CARTESIAN_POINT('',(-16.1,-5.300235843809,0.4));
#171 = SURFACE_CURVE('',#172,(#176,#182),.PCURVE_S1.);
#172 = LINE('',#173,#174);
#173 = CARTESIAN_POINT('',(-16.1,-5.300235843809,0.));
#174 = VECTOR('',#175,1.);
#175 = DIRECTION('',(-0.,-0.,-1.));
#176 = PCURVE('',#43,#177);
#177 = DEFINITIONAL_REPRESENTATION('',(#178),#181);
#178 = B_SPLINE_CURVE_WITH_KNOTS('',1,(#179,#180),.UNSPECIFIED.,.F.,.F.,
  (2,2),(-6.0000006,6.E-07),.PIECEWISE_BEZIER_KNOTS.);
#179 = CARTESIAN_POINT('',(6.0000006,-12.64976415619));
#180 = CARTESIAN_POINT('',(-6.E-07,-12.64976415619));
#181 = ( GEOMETRIC_REPRESENTATION_CONTEXT(2) 
PARAMETRIC_REPRESENTATION_CONTEXT() REPRESENTATION_CONTEXT('2D SPACE',''
  ) );
#182 = PCURVE('',#183,#188);
#183 = CYLINDRICAL_SURFACE('',#184,16.95);
#184 = AXIS2_PLACEMENT_3D('',#185,#186,#187);
#185 = CARTESIAN_POINT('',(0.,0.,0.));
#186 = DIRECTION('',(-0.,-0.,-1.));
#187 = DIRECTION('',(1.,0.,0.));
#188 = DEFINITIONAL_REPRESENTATION('',(#189),#192);
#189 = B_SPLINE_CURVE_WITH_KNOTS('',1,(#190,#191),.UNSPECIFIED.,.F.,.F.,
  (2,2),(-6.0000006,6.E-07),.PIECEWISE_BEZIER_KNOTS.);
#190 = CARTESIAN_POINT('',(-3.45962509841,-6.0000006));
#191 = CARTESIAN_POINT('',(-3.45962509841,6.E-07));
#192 = ( GEOMETRIC_REPRESENTATION_CONTEXT(2) 
PARAMETRIC_REPRESENTATION_CONTEXT() REPRESENTATION_CONTEXT('2D SPACE',''
  ) );
#193 = ORIENTED_EDGE('',*,*,#194,.T.);
#194 = EDGE_CURVE('',#169,#24,#195,.T.);
#195 = SURFACE_CURVE('',#196,(#200,#207),.PCURVE_S1.);
#196 = LINE('',#197,#198);
#197 = CARTESIAN_POINT('',(-16.1,-5.300235843809,0.4));
#198 = VECTOR('',#199,1.);
#199 = DIRECTION('',(0.,1.,0.));
#200 = PCURVE('',#43,#201);
#201 = DEFINITIONAL_REPRESENTATION('',(#202),#206);
#202 = LINE('',#203,#204);
#203 = CARTESIAN_POINT('',(0.4,-12.64976415619));
#204 = VECTOR('',#205,1.);
#205 = DIRECTION('',(0.,-1.));
#206 = ( GEOMETRIC_REPRESENTATION_CONTEXT(2) 
PARAMETRIC_REPRESENTATION_CONTEXT() REPRESENTATION_CONTEXT('2D SPACE',''
  ) );
#207 = PCURVE('',#208,#213);
#208 = PLANE('',#209);
#209 = AXIS2_PLACEMENT_3D('',#210,#211,#212);
#210 = CARTESIAN_POINT('',(-15.9,-5.300235843809,0.2));
#211 = DIRECTION('',(-0.707106781187,3.474993633276E-18,-0.707106781187)
  );
#212 = DIRECTION('',(2.457191562669E-18,1.,2.457191562669E-18));
#213 = DEFINITIONAL_REPRESENTATION('',(#214),#218);
#214 = LINE('',#215,#216);
#215 = CARTESIAN_POINT('',(0.,-0.282842712475));
#216 = VECTOR('',#217,1.);
#217 = DIRECTION('',(1.,0.));
#218 = ( GEOMETRIC_REPRESENTATION_CONTEXT(2) 
PARAMETRIC_REPRESENTATION_CONTEXT() REPRESENTATION_CONTEXT('2D SPACE',''
  ) );
#219 = ADVANCED_FACE('',(#220),#71,.T.);
#220 = FACE_BOUND('',#221,.F.);
#221 = EDGE_LOOP('',(#222,#254,#255,#282));
#222 = ORIENTED_EDGE('',*,*,#223,.T.);
#223 = EDGE_CURVE('',#224,#55,#226,.T.);
#224 = VERTEX_POINT('',#225);
#225 = CARTESIAN_POINT('',(15.7,5.2356947963,-7.49400541622E-16));
#226 = SURFACE_CURVE('',#227,(#232,#242),.PCURVE_S1.);
#227 = PARABOLA('',#228,0.300520382004);
#228 = AXIS2_PLACEMENT_3D('',#229,#230,#231);
#229 = CARTESIAN_POINT('',(-0.425,-2.088612828269E-18,-16.125));
#230 = DIRECTION('',(-0.707106781187,-3.474993633276E-18,0.707106781187)
  );
#231 = DIRECTION('',(0.707106781187,3.474993633276E-18,0.707106781187));
#232 = PCURVE('',#71,#233);
#233 = DEFINITIONAL_REPRESENTATION('',(#234),#241);
#234 = B_SPLINE_CURVE_WITH_KNOTS('',5,(#235,#236,#237,#238,#239,#240),
  .UNSPECIFIED.,.F.,.F.,(6,6),(5.2356947963,5.300235843809),
  .PIECEWISE_BEZIER_KNOTS.);
#235 = CARTESIAN_POINT('',(3.853473956364E-03,-0.4));
#236 = CARTESIAN_POINT('',(3.0735217206E-03,-0.320490064331));
#237 = CARTESIAN_POINT('',(2.298253318052E-03,-0.240735096497));
#238 = CARTESIAN_POINT('',(1.527612987623E-03,-0.160735096497));
#239 = CARTESIAN_POINT('',(7.615462832895E-04,-8.04900643313E-02));
#240 = CARTESIAN_POINT('',(-7.993605777301E-15,-2.831623824306E-13));
#241 = ( GEOMETRIC_REPRESENTATION_CONTEXT(2) 
PARAMETRIC_REPRESENTATION_CONTEXT() REPRESENTATION_CONTEXT('2D SPACE',''
  ) );
#242 = PCURVE('',#243,#248);
#243 = PLANE('',#244);
#244 = AXIS2_PLACEMENT_3D('',#245,#246,#247);
#245 = CARTESIAN_POINT('',(15.9,-5.300235843809,0.2));
#246 = DIRECTION('',(-0.707106781187,-3.474993633276E-18,0.707106781187)
  );
#247 = DIRECTION('',(2.457191562669E-18,-1.,-2.457191562669E-18));
#248 = DEFINITIONAL_REPRESENTATION('',(#249),#253);
#249 = B_SPLINE_CURVE_WITH_KNOTS('',2,(#250,#251,#252),.UNSPECIFIED.,.F.
  ,.F.,(3,3),(5.2356947963,5.300235843809),.PIECEWISE_BEZIER_KNOTS.);
#250 = CARTESIAN_POINT('',(-10.5359306401,-0.282842712475));
#251 = CARTESIAN_POINT('',(-10.56820116386,-1.732639058798E-03));
#252 = CARTESIAN_POINT('',(-10.60047168761,0.282842712474));
#253 = ( GEOMETRIC_REPRESENTATION_CONTEXT(2) 
PARAMETRIC_REPRESENTATION_CONTEXT() REPRESENTATION_CONTEXT('2D SPACE',''
  ) );
#254 = ORIENTED_EDGE('',*,*,#54,.T.);
#255 = ORIENTED_EDGE('',*,*,#256,.T.);
#256 = EDGE_CURVE('',#24,#257,#259,.T.);
#257 = VERTEX_POINT('',#258);
#258 = CARTESIAN_POINT('',(-15.7,5.2356947963,-7.49400541622E-16));
#259 = SURFACE_CURVE('',#260,(#265,#275),.PCURVE_S1.);
#260 = PARABOLA('',#261,0.300520382004);
#261 = AXIS2_PLACEMENT_3D('',#262,#263,#264);
#262 = CARTESIAN_POINT('',(0.425,-2.088612828269E-18,-16.125));
#263 = DIRECTION('',(0.707106781187,-3.474993633276E-18,0.707106781187)
  );
#264 = DIRECTION('',(-0.707106781187,3.474993633276E-18,0.707106781187)
  );
#265 = PCURVE('',#71,#266);
#266 = DEFINITIONAL_REPRESENTATION('',(#267),#274);
#267 = B_SPLINE_CURVE_WITH_KNOTS('',5,(#268,#269,#270,#271,#272,#273),
  .UNSPECIFIED.,.F.,.F.,(6,6),(-5.300235843809,-5.2356947963),
  .PIECEWISE_BEZIER_KNOTS.);
#268 = CARTESIAN_POINT('',(2.50552776395,-2.831623824306E-13));
#269 = CARTESIAN_POINT('',(2.504766217667,-8.04900643313E-02));
#270 = CARTESIAN_POINT('',(2.504000150962,-0.160735096497));
#271 = CARTESIAN_POINT('',(2.503229510632,-0.240735096497));
#272 = CARTESIAN_POINT('',(2.502454242229,-0.320490064331));
#273 = CARTESIAN_POINT('',(2.501674289994,-0.4));
#274 = ( GEOMETRIC_REPRESENTATION_CONTEXT(2) 
PARAMETRIC_REPRESENTATION_CONTEXT() REPRESENTATION_CONTEXT('2D SPACE',''
  ) );
#275 = PCURVE('',#208,#276);
#276 = DEFINITIONAL_REPRESENTATION('',(#277),#281);
#277 = B_SPLINE_CURVE_WITH_KNOTS('',2,(#278,#279,#280),.UNSPECIFIED.,.F.
  ,.F.,(3,3),(-5.300235843809,-5.2356947963),.PIECEWISE_BEZIER_KNOTS.);
#278 = CARTESIAN_POINT('',(10.600471687618,-0.282842712474));
#279 = CARTESIAN_POINT('',(10.568201163863,1.732639058798E-03));
#280 = CARTESIAN_POINT('',(10.535930640109,0.282842712475));
#281 = ( GEOMETRIC_REPRESENTATION_CONTEXT(2) 
PARAMETRIC_REPRESENTATION_CONTEXT() REPRESENTATION_CONTEXT('2D SPACE',''
  ) );
#282 = ORIENTED_EDGE('',*,*,#283,.F.);
#283 = EDGE_CURVE('',#224,#257,#284,.T.);
#284 = SURFACE_CURVE('',#285,(#290,#297),.PCURVE_S1.);
#285 = CIRCLE('',#286,16.55);
#286 = AXIS2_PLACEMENT_3D('',#287,#288,#289);
#287 = CARTESIAN_POINT('',(0.,0.,0.));
#288 = DIRECTION('',(0.,0.,1.));
#289 = DIRECTION('',(0.949852507375,0.312698279871,-0.));
#290 = PCURVE('',#71,#291);
#291 = DEFINITIONAL_REPRESENTATION('',(#292),#296);
#292 = LINE('',#293,#294);
#293 = CARTESIAN_POINT('',(0.,-0.4));
#294 = VECTOR('',#295,1.);
#295 = DIRECTION('',(1.,-0.));
#296 = ( GEOMETRIC_REPRESENTATION_CONTEXT(2) 
PARAMETRIC_REPRESENTATION_CONTEXT() REPRESENTATION_CONTEXT('2D SPACE',''
  ) );
#297 = PCURVE('',#298,#303);
#298 = PLANE('',#299);
#299 = AXIS2_PLACEMENT_3D('',#300,#301,#302);
#300 = CARTESIAN_POINT('',(-1.29079894517E-15,1.244272976237E-15,0.));
#301 = DIRECTION('',(0.,0.,1.));
#302 = DIRECTION('',(1.,0.,-0.));
#303 = DEFINITIONAL_REPRESENTATION('',(#304),#308);
#304 = CIRCLE('',#305,16.55);
#305 = AXIS2_PLACEMENT_2D('',#306,#307);
#306 = CARTESIAN_POINT('',(1.29079894517E-15,-1.244272976237E-15));
#307 = DIRECTION('',(0.949852507375,0.312698279871));
#308 = ( GEOMETRIC_REPRESENTATION_CONTEXT(2) 
PARAMETRIC_REPRESENTATION_CONTEXT() REPRESENTATION_CONTEXT('2D SPACE',''
  ) );
#309 = ADVANCED_FACE('',(#310),#124,.T.);
#310 = FACE_BOUND('',#311,.T.);
#311 = EDGE_LOOP('',(#312,#344,#345,#372));
#312 = ORIENTED_EDGE('',*,*,#313,.T.);
#313 = EDGE_CURVE('',#314,#84,#316,.T.);
#314 = VERTEX_POINT('',#315);
#315 = CARTESIAN_POINT('',(15.6,5.219434835305,6.));
#316 = SURFACE_CURVE('',#317,(#322,#332),.PCURVE_S1.);
#317 = PARABOLA('',#318,0.300520382004);
#318 = AXIS2_PLACEMENT_3D('',#319,#320,#321);
#319 = CARTESIAN_POINT('',(-0.425,0.,22.025));
#320 = DIRECTION('',(0.707106781187,0.,0.707106781187));
#321 = DIRECTION('',(0.707106781187,0.,-0.707106781187));
#322 = PCURVE('',#124,#323);
#323 = DEFINITIONAL_REPRESENTATION('',(#324),#331);
#324 = B_SPLINE_CURVE_WITH_KNOTS('',5,(#325,#326,#327,#328,#329,#330),
  .UNSPECIFIED.,.F.,.F.,(6,6),(5.219434835305,5.300235843809),
  .PIECEWISE_BEZIER_KNOTS.);
#325 = CARTESIAN_POINT('',(-4.83893070231E-03,-0.5));
#326 = CARTESIAN_POINT('',(-3.856547620197E-03,-0.400768094468));
#327 = CARTESIAN_POINT('',(-2.881572117481E-03,-0.301152141702));
#328 = CARTESIAN_POINT('',(-1.91389346957E-03,-0.201152141701));
#329 = CARTESIAN_POINT('',(-9.534042301196E-04,-0.100768094468));
#330 = CARTESIAN_POINT('',(1.33226762955E-14,1.95399252334E-14));
#331 = ( GEOMETRIC_REPRESENTATION_CONTEXT(2) 
PARAMETRIC_REPRESENTATION_CONTEXT() REPRESENTATION_CONTEXT('2D SPACE',''
  ) );
#332 = PCURVE('',#333,#338);
#333 = PLANE('',#334);
#334 = AXIS2_PLACEMENT_3D('',#335,#336,#337);
#335 = CARTESIAN_POINT('',(15.85,-5.300235843809,5.75));
#336 = DIRECTION('',(0.707106781187,0.,0.707106781187));
#337 = DIRECTION('',(0.,-1.,-0.));
#338 = DEFINITIONAL_REPRESENTATION('',(#339),#343);
#339 = B_SPLINE_CURVE_WITH_KNOTS('',2,(#340,#341,#342),.UNSPECIFIED.,.F.
  ,.F.,(3,3),(5.219434835305,5.300235843809),.PIECEWISE_BEZIER_KNOTS.);
#340 = CARTESIAN_POINT('',(-10.51967067911,-0.353553390593));
#341 = CARTESIAN_POINT('',(-10.56007118336,-2.715624033424E-03));
#342 = CARTESIAN_POINT('',(-10.60047168761,0.353553390593));
#343 = ( GEOMETRIC_REPRESENTATION_CONTEXT(2) 
PARAMETRIC_REPRESENTATION_CONTEXT() REPRESENTATION_CONTEXT('2D SPACE',''
  ) );
#344 = ORIENTED_EDGE('',*,*,#109,.T.);
#345 = ORIENTED_EDGE('',*,*,#346,.T.);
#346 = EDGE_CURVE('',#22,#347,#349,.T.);
#347 = VERTEX_POINT('',#348);
#348 = CARTESIAN_POINT('',(-15.6,5.219434835305,6.));
#349 = SURFACE_CURVE('',#350,(#355,#365),.PCURVE_S1.);
#350 = PARABOLA('',#351,0.300520382004);
#351 = AXIS2_PLACEMENT_3D('',#352,#353,#354);
#352 = CARTESIAN_POINT('',(0.425,0.,22.025));
#353 = DIRECTION('',(-0.707106781187,-0.,0.707106781187));
#354 = DIRECTION('',(-0.707106781187,0.,-0.707106781187));
#355 = PCURVE('',#124,#356);
#356 = DEFINITIONAL_REPRESENTATION('',(#357),#364);
#357 = B_SPLINE_CURVE_WITH_KNOTS('',5,(#358,#359,#360,#361,#362,#363),
  .UNSPECIFIED.,.F.,.F.,(6,6),(-5.300235843809,-5.219434835305),
  .PIECEWISE_BEZIER_KNOTS.);
#358 = CARTESIAN_POINT('',(-2.50552776395,1.95399252334E-14));
#359 = CARTESIAN_POINT('',(-2.50457435972,-0.100768094468));
#360 = CARTESIAN_POINT('',(-2.50361387048,-0.201152141702));
#361 = CARTESIAN_POINT('',(-2.502646191833,-0.301152141702));
#362 = CARTESIAN_POINT('',(-2.50167121633,-0.400768094468));
#363 = CARTESIAN_POINT('',(-2.500688833248,-0.5));
#364 = ( GEOMETRIC_REPRESENTATION_CONTEXT(2) 
PARAMETRIC_REPRESENTATION_CONTEXT() REPRESENTATION_CONTEXT('2D SPACE',''
  ) );
#365 = PCURVE('',#156,#366);
#366 = DEFINITIONAL_REPRESENTATION('',(#367),#371);
#367 = B_SPLINE_CURVE_WITH_KNOTS('',2,(#368,#369,#370),.UNSPECIFIED.,.F.
  ,.F.,(3,3),(-5.300235843809,-5.219434835305),
  .PIECEWISE_BEZIER_KNOTS.);
#368 = CARTESIAN_POINT('',(10.600471687618,-0.353553390593));
#369 = CARTESIAN_POINT('',(10.560071183366,2.715624033424E-03));
#370 = CARTESIAN_POINT('',(10.519670679114,0.353553390593));
#371 = ( GEOMETRIC_REPRESENTATION_CONTEXT(2) 
PARAMETRIC_REPRESENTATION_CONTEXT() REPRESENTATION_CONTEXT('2D SPACE',''
  ) );
#372 = ORIENTED_EDGE('',*,*,#373,.F.);
#373 = EDGE_CURVE('',#314,#347,#374,.T.);
#374 = SURFACE_CURVE('',#375,(#380,#387),.PCURVE_S1.);
#375 = CIRCLE('',#376,16.45);
#376 = AXIS2_PLACEMENT_3D('',#377,#378,#379);
#377 = CARTESIAN_POINT('',(0.,0.,6.));
#378 = DIRECTION('',(0.,0.,1.));
#379 = DIRECTION('',(0.949852507375,0.312698279871,-0.));
#380 = PCURVE('',#124,#381);
#381 = DEFINITIONAL_REPRESENTATION('',(#382),#386);
#382 = LINE('',#383,#384);
#383 = CARTESIAN_POINT('',(-0.,-0.5));
#384 = VECTOR('',#385,1.);
#385 = DIRECTION('',(-1.,-0.));
#386 = ( GEOMETRIC_REPRESENTATION_CONTEXT(2) 
PARAMETRIC_REPRESENTATION_CONTEXT() REPRESENTATION_CONTEXT('2D SPACE',''
  ) );
#387 = PCURVE('',#388,#393);
#388 = PLANE('',#389);
#389 = AXIS2_PLACEMENT_3D('',#390,#391,#392);
#390 = CARTESIAN_POINT('',(-1.29079894517E-15,1.244272976237E-15,6.));
#391 = DIRECTION('',(0.,0.,1.));
#392 = DIRECTION('',(1.,0.,-0.));
#393 = DEFINITIONAL_REPRESENTATION('',(#394),#398);
#394 = CIRCLE('',#395,16.45);
#395 = AXIS2_PLACEMENT_2D('',#396,#397);
#396 = CARTESIAN_POINT('',(1.29079894517E-15,-1.244272976237E-15));
#397 = DIRECTION('',(0.949852507375,0.312698279871));
#398 = ( GEOMETRIC_REPRESENTATION_CONTEXT(2) 
PARAMETRIC_REPRESENTATION_CONTEXT() REPRESENTATION_CONTEXT('2D SPACE',''
  ) );
#399 = ADVANCED_FACE('',(#400),#98,.T.);
#400 = FACE_BOUND('',#401,.T.);
#401 = EDGE_LOOP('',(#402,#403,#426,#447));
#402 = ORIENTED_EDGE('',*,*,#83,.F.);
#403 = ORIENTED_EDGE('',*,*,#404,.F.);
#404 = EDGE_CURVE('',#405,#84,#407,.T.);
#405 = VERTEX_POINT('',#406);
#406 = CARTESIAN_POINT('',(16.1,-5.300235843809,5.5));
#407 = SURFACE_CURVE('',#408,(#412,#419),.PCURVE_S1.);
#408 = LINE('',#409,#410);
#409 = CARTESIAN_POINT('',(16.1,-5.300235843809,5.5));
#410 = VECTOR('',#411,1.);
#411 = DIRECTION('',(0.,1.,0.));
#412 = PCURVE('',#98,#413);
#413 = DEFINITIONAL_REPRESENTATION('',(#414),#418);
#414 = LINE('',#415,#416);
#415 = CARTESIAN_POINT('',(5.5,-12.64976415619));
#416 = VECTOR('',#417,1.);
#417 = DIRECTION('',(0.,-1.));
#418 = ( GEOMETRIC_REPRESENTATION_CONTEXT(2) 
PARAMETRIC_REPRESENTATION_CONTEXT() REPRESENTATION_CONTEXT('2D SPACE',''
  ) );
#419 = PCURVE('',#333,#420);
#420 = DEFINITIONAL_REPRESENTATION('',(#421),#425);
#421 = LINE('',#422,#423);
#422 = CARTESIAN_POINT('',(-0.,0.353553390593));
#423 = VECTOR('',#424,1.);
#424 = DIRECTION('',(-1.,0.));
#425 = ( GEOMETRIC_REPRESENTATION_CONTEXT(2) 
PARAMETRIC_REPRESENTATION_CONTEXT() REPRESENTATION_CONTEXT('2D SPACE',''
  ) );
#426 = ORIENTED_EDGE('',*,*,#427,.T.);
#427 = EDGE_CURVE('',#405,#428,#430,.T.);
#428 = VERTEX_POINT('',#429);
#429 = CARTESIAN_POINT('',(16.1,-5.300235843809,0.4));
#430 = SURFACE_CURVE('',#431,(#435,#441),.PCURVE_S1.);
#431 = LINE('',#432,#433);
#432 = CARTESIAN_POINT('',(16.1,-5.300235843809,0.));
#433 = VECTOR('',#434,1.);
#434 = DIRECTION('',(-0.,-0.,-1.));
#435 = PCURVE('',#98,#436);
#436 = DEFINITIONAL_REPRESENTATION('',(#437),#440);
#437 = B_SPLINE_CURVE_WITH_KNOTS('',1,(#438,#439),.UNSPECIFIED.,.F.,.F.,
  (2,2),(-6.0000006,6.E-07),.PIECEWISE_BEZIER_KNOTS.);
#438 = CARTESIAN_POINT('',(6.0000006,-12.64976415619));
#439 = CARTESIAN_POINT('',(-6.E-07,-12.64976415619));
#440 = ( GEOMETRIC_REPRESENTATION_CONTEXT(2) 
PARAMETRIC_REPRESENTATION_CONTEXT() REPRESENTATION_CONTEXT('2D SPACE',''
  ) );
#441 = PCURVE('',#183,#442);
#442 = DEFINITIONAL_REPRESENTATION('',(#443),#446);
#443 = B_SPLINE_CURVE_WITH_KNOTS('',1,(#444,#445),.UNSPECIFIED.,.F.,.F.,
  (2,2),(-6.0000006,6.E-07),.PIECEWISE_BEZIER_KNOTS.);
#444 = CARTESIAN_POINT('',(-5.96515286236,-6.0000006));
#445 = CARTESIAN_POINT('',(-5.96515286236,6.E-07));
#446 = ( GEOMETRIC_REPRESENTATION_CONTEXT(2) 
PARAMETRIC_REPRESENTATION_CONTEXT() REPRESENTATION_CONTEXT('2D SPACE',''
  ) );
#447 = ORIENTED_EDGE('',*,*,#448,.T.);
#448 = EDGE_CURVE('',#428,#55,#449,.T.);
#449 = SURFACE_CURVE('',#450,(#454,#461),.PCURVE_S1.);
#450 = LINE('',#451,#452);
#451 = CARTESIAN_POINT('',(16.1,-5.300235843809,0.4));
#452 = VECTOR('',#453,1.);
#453 = DIRECTION('',(0.,1.,0.));
#454 = PCURVE('',#98,#455);
#455 = DEFINITIONAL_REPRESENTATION('',(#456),#460);
#456 = LINE('',#457,#458);
#457 = CARTESIAN_POINT('',(0.4,-12.64976415619));
#458 = VECTOR('',#459,1.);
#459 = DIRECTION('',(0.,-1.));
#460 = ( GEOMETRIC_REPRESENTATION_CONTEXT(2) 
PARAMETRIC_REPRESENTATION_CONTEXT() REPRESENTATION_CONTEXT('2D SPACE',''
  ) );
#461 = PCURVE('',#243,#462);
#462 = DEFINITIONAL_REPRESENTATION('',(#463),#467);
#463 = LINE('',#464,#465);
#464 = CARTESIAN_POINT('',(-0.,0.282842712475));
#465 = VECTOR('',#466,1.);
#466 = DIRECTION('',(-1.,0.));
#467 = ( GEOMETRIC_REPRESENTATION_CONTEXT(2) 
PARAMETRIC_REPRESENTATION_CONTEXT() REPRESENTATION_CONTEXT('2D SPACE',''
  ) );
#468 = ADVANCED_FACE('',(#469),#208,.T.);
#469 = FACE_BOUND('',#470,.T.);
#470 = EDGE_LOOP('',(#471,#503,#504,#505));
#471 = ORIENTED_EDGE('',*,*,#472,.T.);
#472 = EDGE_CURVE('',#473,#169,#475,.T.);
#473 = VERTEX_POINT('',#474);
#474 = CARTESIAN_POINT('',(-15.7,-5.2356947963,0.));
#475 = SURFACE_CURVE('',#476,(#481,#488),.PCURVE_S1.);
#476 = PARABOLA('',#477,0.300520382004);
#477 = AXIS2_PLACEMENT_3D('',#478,#479,#480);
#478 = CARTESIAN_POINT('',(0.425,-2.088612828269E-18,-16.125));
#479 = DIRECTION('',(0.707106781187,-3.474993633276E-18,0.707106781187)
  );
#480 = DIRECTION('',(-0.707106781187,3.474993633276E-18,0.707106781187)
  );
#481 = PCURVE('',#208,#482);
#482 = DEFINITIONAL_REPRESENTATION('',(#483),#487);
#483 = B_SPLINE_CURVE_WITH_KNOTS('',2,(#484,#485,#486),.UNSPECIFIED.,.F.
  ,.F.,(3,3),(5.2356947963,5.300235843809),.PIECEWISE_BEZIER_KNOTS.);
#484 = CARTESIAN_POINT('',(6.454104750918E-02,0.282842712475));
#485 = CARTESIAN_POINT('',(3.227052375443E-02,1.732639058819E-03));
#486 = CARTESIAN_POINT('',(-3.144151605738E-13,-0.282842712474));
#487 = ( GEOMETRIC_REPRESENTATION_CONTEXT(2) 
PARAMETRIC_REPRESENTATION_CONTEXT() REPRESENTATION_CONTEXT('2D SPACE',''
  ) );
#488 = PCURVE('',#489,#494);
#489 = CONICAL_SURFACE('',#490,16.95,0.785398163397);
#490 = AXIS2_PLACEMENT_3D('',#491,#492,#493);
#491 = CARTESIAN_POINT('',(0.,0.,0.4));
#492 = DIRECTION('',(0.,0.,1.));
#493 = DIRECTION('',(-0.949852507375,-0.312698279871,0.));
#494 = DEFINITIONAL_REPRESENTATION('',(#495),#502);
#495 = B_SPLINE_CURVE_WITH_KNOTS('',5,(#496,#497,#498,#499,#500,#501),
  .UNSPECIFIED.,.F.,.F.,(6,6),(5.2356947963,5.300235843809),
  .PIECEWISE_BEZIER_KNOTS.);
#496 = CARTESIAN_POINT('',(3.853473956397E-03,-0.4));
#497 = CARTESIAN_POINT('',(3.073521720632E-03,-0.320490064331));
#498 = CARTESIAN_POINT('',(2.298253318089E-03,-0.240735096497));
#499 = CARTESIAN_POINT('',(1.527612987643E-03,-0.160735096497));
#500 = CARTESIAN_POINT('',(7.615462833217E-04,-8.04900643313E-02));
#501 = CARTESIAN_POINT('',(2.373715776544E-14,-2.831623824306E-13));
#502 = ( GEOMETRIC_REPRESENTATION_CONTEXT(2) 
PARAMETRIC_REPRESENTATION_CONTEXT() REPRESENTATION_CONTEXT('2D SPACE',''
  ) );
#503 = ORIENTED_EDGE('',*,*,#194,.T.);
#504 = ORIENTED_EDGE('',*,*,#256,.T.);
#505 = ORIENTED_EDGE('',*,*,#506,.F.);
#506 = EDGE_CURVE('',#473,#257,#507,.T.);
#507 = SURFACE_CURVE('',#508,(#512,#519),.PCURVE_S1.);
#508 = LINE('',#509,#510);
#509 = CARTESIAN_POINT('',(-15.7,-5.300235843809,0.));
#510 = VECTOR('',#511,1.);
#511 = DIRECTION('',(0.,1.,0.));
#512 = PCURVE('',#208,#513);
#513 = DEFINITIONAL_REPRESENTATION('',(#514),#518);
#514 = LINE('',#515,#516);
#515 = CARTESIAN_POINT('',(0.,0.282842712475));
#516 = VECTOR('',#517,1.);
#517 = DIRECTION('',(1.,0.));
#518 = ( GEOMETRIC_REPRESENTATION_CONTEXT(2) 
PARAMETRIC_REPRESENTATION_CONTEXT() REPRESENTATION_CONTEXT('2D SPACE',''
  ) );
#519 = PCURVE('',#298,#520);
#520 = DEFINITIONAL_REPRESENTATION('',(#521),#525);
#521 = LINE('',#522,#523);
#522 = CARTESIAN_POINT('',(-15.7,-5.300235843809));
#523 = VECTOR('',#524,1.);
#524 = DIRECTION('',(0.,1.));
#525 = ( GEOMETRIC_REPRESENTATION_CONTEXT(2) 
PARAMETRIC_REPRESENTATION_CONTEXT() REPRESENTATION_CONTEXT('2D SPACE',''
  ) );
#526 = ADVANCED_FACE('',(#527),#156,.F.);
#527 = FACE_BOUND('',#528,.F.);
#528 = EDGE_LOOP('',(#529,#561,#562,#563));
#529 = ORIENTED_EDGE('',*,*,#530,.T.);
#530 = EDGE_CURVE('',#531,#141,#533,.T.);
#531 = VERTEX_POINT('',#532);
#532 = CARTESIAN_POINT('',(-15.6,-5.219434835305,6.));
#533 = SURFACE_CURVE('',#534,(#539,#546),.PCURVE_S1.);
#534 = PARABOLA('',#535,0.300520382004);
#535 = AXIS2_PLACEMENT_3D('',#536,#537,#538);
#536 = CARTESIAN_POINT('',(0.425,0.,22.025));
#537 = DIRECTION('',(-0.707106781187,-0.,0.707106781187));
#538 = DIRECTION('',(-0.707106781187,0.,-0.707106781187));
#539 = PCURVE('',#156,#540);
#540 = DEFINITIONAL_REPRESENTATION('',(#541),#545);
#541 = B_SPLINE_CURVE_WITH_KNOTS('',2,(#542,#543,#544),.UNSPECIFIED.,.F.
  ,.F.,(3,3),(5.219434835305,5.300235843809),.PIECEWISE_BEZIER_KNOTS.);
#542 = CARTESIAN_POINT('',(8.080100850346E-02,0.353553390593));
#543 = CARTESIAN_POINT('',(4.040050425157E-02,2.715624033414E-03));
#544 = CARTESIAN_POINT('',(-3.144151605738E-13,-0.353553390593));
#545 = ( GEOMETRIC_REPRESENTATION_CONTEXT(2) 
PARAMETRIC_REPRESENTATION_CONTEXT() REPRESENTATION_CONTEXT('2D SPACE',''
  ) );
#546 = PCURVE('',#547,#552);
#547 = CONICAL_SURFACE('',#548,16.95,0.785398163397);
#548 = AXIS2_PLACEMENT_3D('',#549,#550,#551);
#549 = CARTESIAN_POINT('',(0.,0.,5.5));
#550 = DIRECTION('',(-0.,-0.,-1.));
#551 = DIRECTION('',(-0.949852507375,-0.312698279871,0.));
#552 = DEFINITIONAL_REPRESENTATION('',(#553),#560);
#553 = B_SPLINE_CURVE_WITH_KNOTS('',5,(#554,#555,#556,#557,#558,#559),
  .UNSPECIFIED.,.F.,.F.,(6,6),(5.219434835305,5.300235843809),
  .PIECEWISE_BEZIER_KNOTS.);
#554 = CARTESIAN_POINT('',(-4.838930702342E-03,-0.5));
#555 = CARTESIAN_POINT('',(-3.85654762023E-03,-0.400768094468));
#556 = CARTESIAN_POINT('',(-2.881572117466E-03,-0.301152141702));
#557 = CARTESIAN_POINT('',(-1.913893469617E-03,-0.201152141701));
#558 = CARTESIAN_POINT('',(-9.534042301511E-04,-0.100768094468));
#559 = CARTESIAN_POINT('',(-1.802556792784E-14,1.95399252334E-14));
#560 = ( GEOMETRIC_REPRESENTATION_CONTEXT(2) 
PARAMETRIC_REPRESENTATION_CONTEXT() REPRESENTATION_CONTEXT('2D SPACE',''
  ) );
#561 = ORIENTED_EDGE('',*,*,#140,.T.);
#562 = ORIENTED_EDGE('',*,*,#346,.T.);
#563 = ORIENTED_EDGE('',*,*,#564,.F.);
#564 = EDGE_CURVE('',#531,#347,#565,.T.);
#565 = SURFACE_CURVE('',#566,(#570,#577),.PCURVE_S1.);
#566 = LINE('',#567,#568);
#567 = CARTESIAN_POINT('',(-15.6,-5.300235843809,6.));
#568 = VECTOR('',#569,1.);
#569 = DIRECTION('',(0.,1.,0.));
#570 = PCURVE('',#156,#571);
#571 = DEFINITIONAL_REPRESENTATION('',(#572),#576);
#572 = LINE('',#573,#574);
#573 = CARTESIAN_POINT('',(0.,0.353553390593));
#574 = VECTOR('',#575,1.);
#575 = DIRECTION('',(1.,0.));
#576 = ( GEOMETRIC_REPRESENTATION_CONTEXT(2) 
PARAMETRIC_REPRESENTATION_CONTEXT() REPRESENTATION_CONTEXT('2D SPACE',''
  ) );
#577 = PCURVE('',#388,#578);
#578 = DEFINITIONAL_REPRESENTATION('',(#579),#583);
#579 = LINE('',#580,#581);
#580 = CARTESIAN_POINT('',(-15.6,-5.300235843809));
#581 = VECTOR('',#582,1.);
#582 = DIRECTION('',(0.,1.));
#583 = ( GEOMETRIC_REPRESENTATION_CONTEXT(2) 
PARAMETRIC_REPRESENTATION_CONTEXT() REPRESENTATION_CONTEXT('2D SPACE',''
  ) );
#584 = ADVANCED_FACE('',(#585),#183,.T.);
#585 = FACE_BOUND('',#586,.F.);
#586 = EDGE_LOOP('',(#587,#588,#610,#611));
#587 = ORIENTED_EDGE('',*,*,#427,.T.);
#588 = ORIENTED_EDGE('',*,*,#589,.F.);
#589 = EDGE_CURVE('',#169,#428,#590,.T.);
#590 = SURFACE_CURVE('',#591,(#596,#603),.PCURVE_S1.);
#591 = CIRCLE('',#592,16.95);
#592 = AXIS2_PLACEMENT_3D('',#593,#594,#595);
#593 = CARTESIAN_POINT('',(0.,0.,0.4));
#594 = DIRECTION('',(0.,0.,1.));
#595 = DIRECTION('',(-0.949852507375,-0.312698279871,0.));
#596 = PCURVE('',#183,#597);
#597 = DEFINITIONAL_REPRESENTATION('',(#598),#602);
#598 = LINE('',#599,#600);
#599 = CARTESIAN_POINT('',(-3.45962509841,-0.4));
#600 = VECTOR('',#601,1.);
#601 = DIRECTION('',(-1.,0.));
#602 = ( GEOMETRIC_REPRESENTATION_CONTEXT(2) 
PARAMETRIC_REPRESENTATION_CONTEXT() REPRESENTATION_CONTEXT('2D SPACE',''
  ) );
#603 = PCURVE('',#489,#604);
#604 = DEFINITIONAL_REPRESENTATION('',(#605),#609);
#605 = LINE('',#606,#607);
#606 = CARTESIAN_POINT('',(0.,0.));
#607 = VECTOR('',#608,1.);
#608 = DIRECTION('',(1.,0.));
#609 = ( GEOMETRIC_REPRESENTATION_CONTEXT(2) 
PARAMETRIC_REPRESENTATION_CONTEXT() REPRESENTATION_CONTEXT('2D SPACE',''
  ) );
#610 = ORIENTED_EDGE('',*,*,#168,.F.);
#611 = ORIENTED_EDGE('',*,*,#612,.T.);
#612 = EDGE_CURVE('',#141,#405,#613,.T.);
#613 = SURFACE_CURVE('',#614,(#619,#626),.PCURVE_S1.);
#614 = CIRCLE('',#615,16.95);
#615 = AXIS2_PLACEMENT_3D('',#616,#617,#618);
#616 = CARTESIAN_POINT('',(0.,0.,5.5));
#617 = DIRECTION('',(0.,0.,1.));
#618 = DIRECTION('',(-0.949852507375,-0.312698279871,0.));
#619 = PCURVE('',#183,#620);
#620 = DEFINITIONAL_REPRESENTATION('',(#621),#625);
#621 = LINE('',#622,#623);
#622 = CARTESIAN_POINT('',(-3.45962509841,-5.5));
#623 = VECTOR('',#624,1.);
#624 = DIRECTION('',(-1.,0.));
#625 = ( GEOMETRIC_REPRESENTATION_CONTEXT(2) 
PARAMETRIC_REPRESENTATION_CONTEXT() REPRESENTATION_CONTEXT('2D SPACE',''
  ) );
#626 = PCURVE('',#547,#627);
#627 = DEFINITIONAL_REPRESENTATION('',(#628),#632);
#628 = LINE('',#629,#630);
#629 = CARTESIAN_POINT('',(-0.,0.));
#630 = VECTOR('',#631,1.);
#631 = DIRECTION('',(-1.,0.));
#632 = ( GEOMETRIC_REPRESENTATION_CONTEXT(2) 
PARAMETRIC_REPRESENTATION_CONTEXT() REPRESENTATION_CONTEXT('2D SPACE',''
  ) );
#633 = ADVANCED_FACE('',(#634),#243,.F.);
#634 = FACE_BOUND('',#635,.T.);
#635 = EDGE_LOOP('',(#636,#663,#684,#685));
#636 = ORIENTED_EDGE('',*,*,#637,.F.);
#637 = EDGE_CURVE('',#638,#428,#640,.T.);
#638 = VERTEX_POINT('',#639);
#639 = CARTESIAN_POINT('',(15.7,-5.2356947963,-7.771561172376E-16));
#640 = SURFACE_CURVE('',#641,(#646,#653),.PCURVE_S1.);
#641 = PARABOLA('',#642,0.300520382004);
#642 = AXIS2_PLACEMENT_3D('',#643,#644,#645);
#643 = CARTESIAN_POINT('',(-0.425,-2.088612828269E-18,-16.125));
#644 = DIRECTION('',(0.707106781187,3.474993633276E-18,-0.707106781187)
  );
#645 = DIRECTION('',(0.707106781187,3.474993633276E-18,0.707106781187));
#646 = PCURVE('',#243,#647);
#647 = DEFINITIONAL_REPRESENTATION('',(#648),#652);
#648 = B_SPLINE_CURVE_WITH_KNOTS('',2,(#649,#650,#651),.UNSPECIFIED.,.F.
  ,.F.,(3,3),(5.2356947963,5.300235843809),.PIECEWISE_BEZIER_KNOTS.);
#649 = CARTESIAN_POINT('',(-6.454104750971E-02,-0.282842712475));
#650 = CARTESIAN_POINT('',(-3.227052375496E-02,-1.732639058744E-03));
#651 = CARTESIAN_POINT('',(-2.149391775674E-13,0.282842712474));
#652 = ( GEOMETRIC_REPRESENTATION_CONTEXT(2) 
PARAMETRIC_REPRESENTATION_CONTEXT() REPRESENTATION_CONTEXT('2D SPACE',''
  ) );
#653 = PCURVE('',#489,#654);
#654 = DEFINITIONAL_REPRESENTATION('',(#655),#662);
#655 = B_SPLINE_CURVE_WITH_KNOTS('',5,(#656,#657,#658,#659,#660,#661),
  .UNSPECIFIED.,.F.,.F.,(6,6),(5.2356947963,5.300235843809),
  .PIECEWISE_BEZIER_KNOTS.);
#656 = CARTESIAN_POINT('',(2.501674289994,-0.4));
#657 = CARTESIAN_POINT('',(2.50245424223,-0.320490064331));
#658 = CARTESIAN_POINT('',(2.503229510632,-0.240735096497));
#659 = CARTESIAN_POINT('',(2.504000150963,-0.160735096497));
#660 = CARTESIAN_POINT('',(2.504766217667,-8.049006433126E-02));
#661 = CARTESIAN_POINT('',(2.50552776395,-2.40529818285E-13));
#662 = ( GEOMETRIC_REPRESENTATION_CONTEXT(2) 
PARAMETRIC_REPRESENTATION_CONTEXT() REPRESENTATION_CONTEXT('2D SPACE',''
  ) );
#663 = ORIENTED_EDGE('',*,*,#664,.T.);
#664 = EDGE_CURVE('',#638,#224,#665,.T.);
#665 = SURFACE_CURVE('',#666,(#670,#677),.PCURVE_S1.);
#666 = LINE('',#667,#668);
#667 = CARTESIAN_POINT('',(15.7,-5.300235843809,0.));
#668 = VECTOR('',#669,1.);
#669 = DIRECTION('',(0.,1.,0.));
#670 = PCURVE('',#243,#671);
#671 = DEFINITIONAL_REPRESENTATION('',(#672),#676);
#672 = LINE('',#673,#674);
#673 = CARTESIAN_POINT('',(-0.,-0.282842712475));
#674 = VECTOR('',#675,1.);
#675 = DIRECTION('',(-1.,0.));
#676 = ( GEOMETRIC_REPRESENTATION_CONTEXT(2) 
PARAMETRIC_REPRESENTATION_CONTEXT() REPRESENTATION_CONTEXT('2D SPACE',''
  ) );
#677 = PCURVE('',#298,#678);
#678 = DEFINITIONAL_REPRESENTATION('',(#679),#683);
#679 = LINE('',#680,#681);
#680 = CARTESIAN_POINT('',(15.7,-5.300235843809));
#681 = VECTOR('',#682,1.);
#682 = DIRECTION('',(0.,1.));
#683 = ( GEOMETRIC_REPRESENTATION_CONTEXT(2) 
PARAMETRIC_REPRESENTATION_CONTEXT() REPRESENTATION_CONTEXT('2D SPACE',''
  ) );
#684 = ORIENTED_EDGE('',*,*,#223,.T.);
#685 = ORIENTED_EDGE('',*,*,#448,.F.);
#686 = ADVANCED_FACE('',(#687,#714),#298,.F.);
#687 = FACE_BOUND('',#688,.F.);
#688 = EDGE_LOOP('',(#689,#690,#691,#692));
#689 = ORIENTED_EDGE('',*,*,#664,.T.);
#690 = ORIENTED_EDGE('',*,*,#283,.T.);
#691 = ORIENTED_EDGE('',*,*,#506,.F.);
#692 = ORIENTED_EDGE('',*,*,#693,.T.);
#693 = EDGE_CURVE('',#473,#638,#694,.T.);
#694 = SURFACE_CURVE('',#695,(#700,#707),.PCURVE_S1.);
#695 = CIRCLE('',#696,16.55);
#696 = AXIS2_PLACEMENT_3D('',#697,#698,#699);
#697 = CARTESIAN_POINT('',(0.,0.,0.));
#698 = DIRECTION('',(0.,0.,1.));
#699 = DIRECTION('',(-0.949852507375,-0.312698279871,0.));
#700 = PCURVE('',#298,#701);
#701 = DEFINITIONAL_REPRESENTATION('',(#702),#706);
#702 = CIRCLE('',#703,16.55);
#703 = AXIS2_PLACEMENT_2D('',#704,#705);
#704 = CARTESIAN_POINT('',(1.29079894517E-15,-1.244272976237E-15));
#705 = DIRECTION('',(-0.949852507375,-0.312698279871));
#706 = ( GEOMETRIC_REPRESENTATION_CONTEXT(2) 
PARAMETRIC_REPRESENTATION_CONTEXT() REPRESENTATION_CONTEXT('2D SPACE',''
  ) );
#707 = PCURVE('',#489,#708);
#708 = DEFINITIONAL_REPRESENTATION('',(#709),#713);
#709 = LINE('',#710,#711);
#710 = CARTESIAN_POINT('',(0.,-0.4));
#711 = VECTOR('',#712,1.);
#712 = DIRECTION('',(1.,0.));
#713 = ( GEOMETRIC_REPRESENTATION_CONTEXT(2) 
PARAMETRIC_REPRESENTATION_CONTEXT() REPRESENTATION_CONTEXT('2D SPACE',''
  ) );
#714 = FACE_BOUND('',#715,.F.);
#715 = EDGE_LOOP('',(#716));
#716 = ORIENTED_EDGE('',*,*,#717,.F.);
#717 = EDGE_CURVE('',#718,#718,#720,.T.);
#718 = VERTEX_POINT('',#719);
#719 = CARTESIAN_POINT('',(1.7,-4.163799117101E-16,0.));
#720 = SURFACE_CURVE('',#721,(#726,#733),.PCURVE_S1.);
#721 = CIRCLE('',#722,1.7);
#722 = AXIS2_PLACEMENT_3D('',#723,#724,#725);
#723 = CARTESIAN_POINT('',(0.,0.,0.));
#724 = DIRECTION('',(0.,0.,1.));
#725 = DIRECTION('',(1.,0.,-0.));
#726 = PCURVE('',#298,#727);
#727 = DEFINITIONAL_REPRESENTATION('',(#728),#732);
#728 = CIRCLE('',#729,1.7);
#729 = AXIS2_PLACEMENT_2D('',#730,#731);
#730 = CARTESIAN_POINT('',(1.29079894517E-15,-1.244272976237E-15));
#731 = DIRECTION('',(1.,0.));
#732 = ( GEOMETRIC_REPRESENTATION_CONTEXT(2) 
PARAMETRIC_REPRESENTATION_CONTEXT() REPRESENTATION_CONTEXT('2D SPACE',''
  ) );
#733 = PCURVE('',#734,#739);
#734 = CYLINDRICAL_SURFACE('',#735,1.7);
#735 = AXIS2_PLACEMENT_3D('',#736,#737,#738);
#736 = CARTESIAN_POINT('',(0.,0.,-1.));
#737 = DIRECTION('',(0.,0.,1.));
#738 = DIRECTION('',(1.,0.,-0.));
#739 = DEFINITIONAL_REPRESENTATION('',(#740),#744);
#740 = LINE('',#741,#742);
#741 = CARTESIAN_POINT('',(0.,1.));
#742 = VECTOR('',#743,1.);
#743 = DIRECTION('',(1.,0.));
#744 = ( GEOMETRIC_REPRESENTATION_CONTEXT(2) 
PARAMETRIC_REPRESENTATION_CONTEXT() REPRESENTATION_CONTEXT('2D SPACE',''
  ) );
#745 = ADVANCED_FACE('',(#746),#333,.T.);
#746 = FACE_BOUND('',#747,.F.);
#747 = EDGE_LOOP('',(#748,#775,#796,#797));
#748 = ORIENTED_EDGE('',*,*,#749,.F.);
#749 = EDGE_CURVE('',#750,#405,#752,.T.);
#750 = VERTEX_POINT('',#751);
#751 = CARTESIAN_POINT('',(15.6,-5.219434835305,6.));
#752 = SURFACE_CURVE('',#753,(#758,#765),.PCURVE_S1.);
#753 = PARABOLA('',#754,0.300520382004);
#754 = AXIS2_PLACEMENT_3D('',#755,#756,#757);
#755 = CARTESIAN_POINT('',(-0.425,0.,22.025));
#756 = DIRECTION('',(-0.707106781187,-0.,-0.707106781187));
#757 = DIRECTION('',(0.707106781187,0.,-0.707106781187));
#758 = PCURVE('',#333,#759);
#759 = DEFINITIONAL_REPRESENTATION('',(#760),#764);
#760 = B_SPLINE_CURVE_WITH_KNOTS('',2,(#761,#762,#763),.UNSPECIFIED.,.F.
  ,.F.,(3,3),(5.219434835305,5.300235843809),.PIECEWISE_BEZIER_KNOTS.);
#761 = CARTESIAN_POINT('',(-8.080100850399E-02,-0.353553390593));
#762 = CARTESIAN_POINT('',(-4.04005042521E-02,-2.715624033335E-03));
#763 = CARTESIAN_POINT('',(-2.140509991477E-13,0.353553390593));
#764 = ( GEOMETRIC_REPRESENTATION_CONTEXT(2) 
PARAMETRIC_REPRESENTATION_CONTEXT() REPRESENTATION_CONTEXT('2D SPACE',''
  ) );
#765 = PCURVE('',#547,#766);
#766 = DEFINITIONAL_REPRESENTATION('',(#767),#774);
#767 = B_SPLINE_CURVE_WITH_KNOTS('',5,(#768,#769,#770,#771,#772,#773),
  .UNSPECIFIED.,.F.,.F.,(6,6),(5.219434835305,5.300235843809),
  .PIECEWISE_BEZIER_KNOTS.);
#768 = CARTESIAN_POINT('',(-2.500688833248,-0.5));
#769 = CARTESIAN_POINT('',(-2.50167121633,-0.400768094468));
#770 = CARTESIAN_POINT('',(-2.502646191833,-0.301152141701));
#771 = CARTESIAN_POINT('',(-2.503613870481,-0.201152141701));
#772 = CARTESIAN_POINT('',(-2.50457435972,-0.100768094468));
#773 = CARTESIAN_POINT('',(-2.50552776395,6.927791673661E-14));
#774 = ( GEOMETRIC_REPRESENTATION_CONTEXT(2) 
PARAMETRIC_REPRESENTATION_CONTEXT() REPRESENTATION_CONTEXT('2D SPACE',''
  ) );
#775 = ORIENTED_EDGE('',*,*,#776,.T.);
#776 = EDGE_CURVE('',#750,#314,#777,.T.);
#777 = SURFACE_CURVE('',#778,(#782,#789),.PCURVE_S1.);
#778 = LINE('',#779,#780);
#779 = CARTESIAN_POINT('',(15.6,-5.300235843809,6.));
#780 = VECTOR('',#781,1.);
#781 = DIRECTION('',(0.,1.,0.));
#782 = PCURVE('',#333,#783);
#783 = DEFINITIONAL_REPRESENTATION('',(#784),#788);
#784 = LINE('',#785,#786);
#785 = CARTESIAN_POINT('',(-0.,-0.353553390593));
#786 = VECTOR('',#787,1.);
#787 = DIRECTION('',(-1.,0.));
#788 = ( GEOMETRIC_REPRESENTATION_CONTEXT(2) 
PARAMETRIC_REPRESENTATION_CONTEXT() REPRESENTATION_CONTEXT('2D SPACE',''
  ) );
#789 = PCURVE('',#388,#790);
#790 = DEFINITIONAL_REPRESENTATION('',(#791),#795);
#791 = LINE('',#792,#793);
#792 = CARTESIAN_POINT('',(15.6,-5.300235843809));
#793 = VECTOR('',#794,1.);
#794 = DIRECTION('',(0.,1.));
#795 = ( GEOMETRIC_REPRESENTATION_CONTEXT(2) 
PARAMETRIC_REPRESENTATION_CONTEXT() REPRESENTATION_CONTEXT('2D SPACE',''
  ) );
#796 = ORIENTED_EDGE('',*,*,#313,.T.);
#797 = ORIENTED_EDGE('',*,*,#404,.F.);
#798 = ADVANCED_FACE('',(#799,#826,#906,#1140),#388,.T.);
#799 = FACE_BOUND('',#800,.T.);
#800 = EDGE_LOOP('',(#801,#802,#803,#804));
#801 = ORIENTED_EDGE('',*,*,#776,.T.);
#802 = ORIENTED_EDGE('',*,*,#373,.T.);
#803 = ORIENTED_EDGE('',*,*,#564,.F.);
#804 = ORIENTED_EDGE('',*,*,#805,.T.);
#805 = EDGE_CURVE('',#531,#750,#806,.T.);
#806 = SURFACE_CURVE('',#807,(#812,#819),.PCURVE_S1.);
#807 = CIRCLE('',#808,16.45);
#808 = AXIS2_PLACEMENT_3D('',#809,#810,#811);
#809 = CARTESIAN_POINT('',(0.,0.,6.));
#810 = DIRECTION('',(0.,0.,1.));
#811 = DIRECTION('',(-0.949852507375,-0.312698279871,0.));
#812 = PCURVE('',#388,#813);
#813 = DEFINITIONAL_REPRESENTATION('',(#814),#818);
#814 = CIRCLE('',#815,16.45);
#815 = AXIS2_PLACEMENT_2D('',#816,#817);
#816 = CARTESIAN_POINT('',(1.29079894517E-15,-1.244272976237E-15));
#817 = DIRECTION('',(-0.949852507375,-0.312698279871));
#818 = ( GEOMETRIC_REPRESENTATION_CONTEXT(2) 
PARAMETRIC_REPRESENTATION_CONTEXT() REPRESENTATION_CONTEXT('2D SPACE',''
  ) );
#819 = PCURVE('',#547,#820);
#820 = DEFINITIONAL_REPRESENTATION('',(#821),#825);
#821 = LINE('',#822,#823);
#822 = CARTESIAN_POINT('',(-0.,-0.5));
#823 = VECTOR('',#824,1.);
#824 = DIRECTION('',(-1.,0.));
#825 = ( GEOMETRIC_REPRESENTATION_CONTEXT(2) 
PARAMETRIC_REPRESENTATION_CONTEXT() REPRESENTATION_CONTEXT('2D SPACE',''
  ) );
#826 = FACE_BOUND('',#827,.T.);
#827 = EDGE_LOOP('',(#828,#856,#882));
#828 = ORIENTED_EDGE('',*,*,#829,.T.);
#829 = EDGE_CURVE('',#830,#832,#834,.T.);
#830 = VERTEX_POINT('',#831);
#831 = CARTESIAN_POINT('',(-1.873709602695E-15,-15.3,6.));
#832 = VERTEX_POINT('',#833);
#833 = CARTESIAN_POINT('',(-1.,-14.3,6.));
#834 = SURFACE_CURVE('',#835,(#839,#845),.PCURVE_S1.);
#835 = LINE('',#836,#837);
#836 = CARTESIAN_POINT('',(-4.325,-10.975,6.));
#837 = VECTOR('',#838,1.);
#838 = DIRECTION('',(-0.707106781187,0.707106781187,0.));
#839 = PCURVE('',#388,#840);
#840 = DEFINITIONAL_REPRESENTATION('',(#841),#844);
#841 = B_SPLINE_CURVE_WITH_KNOTS('',1,(#842,#843),.UNSPECIFIED.,.F.,.F.,
  (2,2),(-6.116473657264,-4.702260094891),.PIECEWISE_BEZIER_KNOTS.);
#842 = CARTESIAN_POINT('',(-1.7763568394E-15,-15.3));
#843 = CARTESIAN_POINT('',(-1.,-14.3));
#844 = ( GEOMETRIC_REPRESENTATION_CONTEXT(2) 
PARAMETRIC_REPRESENTATION_CONTEXT() REPRESENTATION_CONTEXT('2D SPACE',''
  ) );
#845 = PCURVE('',#846,#851);
#846 = PLANE('',#847);
#847 = AXIS2_PLACEMENT_3D('',#848,#849,#850);
#848 = CARTESIAN_POINT('',(-1.,-14.3,5.6));
#849 = DIRECTION('',(0.707106781187,0.707106781187,0.));
#850 = DIRECTION('',(0.707106781187,-0.707106781187,0.));
#851 = DEFINITIONAL_REPRESENTATION('',(#852),#855);
#852 = B_SPLINE_CURVE_WITH_KNOTS('',1,(#853,#854),.UNSPECIFIED.,.F.,.F.,
  (2,2),(-6.116473657264,-4.702260094891),.PIECEWISE_BEZIER_KNOTS.);
#853 = CARTESIAN_POINT('',(1.414213562373,-0.4));
#854 = CARTESIAN_POINT('',(0.,-0.4));
#855 = ( GEOMETRIC_REPRESENTATION_CONTEXT(2) 
PARAMETRIC_REPRESENTATION_CONTEXT() REPRESENTATION_CONTEXT('2D SPACE',''
  ) );
#856 = ORIENTED_EDGE('',*,*,#857,.T.);
#857 = EDGE_CURVE('',#832,#858,#860,.T.);
#858 = VERTEX_POINT('',#859);
#859 = CARTESIAN_POINT('',(1.,-14.3,6.));
#860 = SURFACE_CURVE('',#861,(#865,#871),.PCURVE_S1.);
#861 = LINE('',#862,#863);
#862 = CARTESIAN_POINT('',(0.5,-14.3,6.));
#863 = VECTOR('',#864,1.);
#864 = DIRECTION('',(1.,-1.224646799147E-16,0.));
#865 = PCURVE('',#388,#866);
#866 = DEFINITIONAL_REPRESENTATION('',(#867),#870);
#867 = B_SPLINE_CURVE_WITH_KNOTS('',1,(#868,#869),.UNSPECIFIED.,.F.,.F.,
  (2,2),(-1.5,0.5),.PIECEWISE_BEZIER_KNOTS.);
#868 = CARTESIAN_POINT('',(-1.,-14.3));
#869 = CARTESIAN_POINT('',(1.,-14.3));
#870 = ( GEOMETRIC_REPRESENTATION_CONTEXT(2) 
PARAMETRIC_REPRESENTATION_CONTEXT() REPRESENTATION_CONTEXT('2D SPACE',''
  ) );
#871 = PCURVE('',#872,#877);
#872 = PLANE('',#873);
#873 = AXIS2_PLACEMENT_3D('',#874,#875,#876);
#874 = CARTESIAN_POINT('',(1.,-14.3,5.6));
#875 = DIRECTION('',(-1.224646799147E-16,-1.,0.));
#876 = DIRECTION('',(-1.,1.224646799147E-16,0.));
#877 = DEFINITIONAL_REPRESENTATION('',(#878),#881);
#878 = B_SPLINE_CURVE_WITH_KNOTS('',1,(#879,#880),.UNSPECIFIED.,.F.,.F.,
  (2,2),(-1.5,0.5),.PIECEWISE_BEZIER_KNOTS.);
#879 = CARTESIAN_POINT('',(2.,-0.4));
#880 = CARTESIAN_POINT('',(0.,-0.4));
#881 = ( GEOMETRIC_REPRESENTATION_CONTEXT(2) 
PARAMETRIC_REPRESENTATION_CONTEXT() REPRESENTATION_CONTEXT('2D SPACE',''
  ) );
#882 = ORIENTED_EDGE('',*,*,#883,.T.);
#883 = EDGE_CURVE('',#858,#830,#884,.T.);
#884 = SURFACE_CURVE('',#885,(#889,#895),.PCURVE_S1.);
#885 = LINE('',#886,#887);
#886 = CARTESIAN_POINT('',(3.825,-11.475,6.));
#887 = VECTOR('',#888,1.);
#888 = DIRECTION('',(-0.707106781187,-0.707106781187,0.));
#889 = PCURVE('',#388,#890);
#890 = DEFINITIONAL_REPRESENTATION('',(#891),#894);
#891 = B_SPLINE_CURVE_WITH_KNOTS('',1,(#892,#893),.UNSPECIFIED.,.F.,.F.,
  (2,2),(3.995153313704,5.409366876077),.PIECEWISE_BEZIER_KNOTS.);
#892 = CARTESIAN_POINT('',(1.,-14.3));
#893 = CARTESIAN_POINT('',(-4.440892098501E-16,-15.3));
#894 = ( GEOMETRIC_REPRESENTATION_CONTEXT(2) 
PARAMETRIC_REPRESENTATION_CONTEXT() REPRESENTATION_CONTEXT('2D SPACE',''
  ) );
#895 = PCURVE('',#896,#901);
#896 = PLANE('',#897);
#897 = AXIS2_PLACEMENT_3D('',#898,#899,#900);
#898 = CARTESIAN_POINT('',(-1.873709602695E-15,-15.3,5.6));
#899 = DIRECTION('',(-0.707106781187,0.707106781187,0.));
#900 = DIRECTION('',(0.707106781187,0.707106781187,0.));
#901 = DEFINITIONAL_REPRESENTATION('',(#902),#905);
#902 = B_SPLINE_CURVE_WITH_KNOTS('',1,(#903,#904),.UNSPECIFIED.,.F.,.F.,
  (2,2),(3.995153313704,5.409366876077),.PIECEWISE_BEZIER_KNOTS.);
#903 = CARTESIAN_POINT('',(1.414213562373,-0.4));
#904 = CARTESIAN_POINT('',(0.,-0.4));
#905 = ( GEOMETRIC_REPRESENTATION_CONTEXT(2) 
PARAMETRIC_REPRESENTATION_CONTEXT() REPRESENTATION_CONTEXT('2D SPACE',''
  ) );
#906 = FACE_BOUND('',#907,.T.);
#907 = EDGE_LOOP('',(#908,#936,#969,#996,#1028,#1054,#1083,#1110));
#908 = ORIENTED_EDGE('',*,*,#909,.T.);
#909 = EDGE_CURVE('',#910,#912,#914,.T.);
#910 = VERTEX_POINT('',#911);
#911 = CARTESIAN_POINT('',(5.5,12.656618821786,6.));
#912 = VERTEX_POINT('',#913);
#913 = CARTESIAN_POINT('',(5.5,10.88990358084,6.));
#914 = SURFACE_CURVE('',#915,(#919,#925),.PCURVE_S1.);
#915 = LINE('',#916,#917);
#916 = CARTESIAN_POINT('',(5.5,-7.4,6.));
#917 = VECTOR('',#918,1.);
#918 = DIRECTION('',(0.,-1.,0.));
#919 = PCURVE('',#388,#920);
#920 = DEFINITIONAL_REPRESENTATION('',(#921),#924);
#921 = B_SPLINE_CURVE_WITH_KNOTS('',1,(#922,#923),.UNSPECIFIED.,.F.,.F.,
  (2,2),(-20.05661882178,5.256618821787),.PIECEWISE_BEZIER_KNOTS.);
#922 = CARTESIAN_POINT('',(5.5,12.656618821787));
#923 = CARTESIAN_POINT('',(5.5,-12.65661882178));
#924 = ( GEOMETRIC_REPRESENTATION_CONTEXT(2) 
PARAMETRIC_REPRESENTATION_CONTEXT() REPRESENTATION_CONTEXT('2D SPACE',''
  ) );
#925 = PCURVE('',#926,#931);
#926 = PLANE('',#927);
#927 = AXIS2_PLACEMENT_3D('',#928,#929,#930);
#928 = CARTESIAN_POINT('',(5.5,-14.8,2.4));
#929 = DIRECTION('',(-1.,0.,0.));
#930 = DIRECTION('',(0.,1.,0.));
#931 = DEFINITIONAL_REPRESENTATION('',(#932),#935);
#932 = B_SPLINE_CURVE_WITH_KNOTS('',1,(#933,#934),.UNSPECIFIED.,.F.,.F.,
  (2,2),(-20.05661882178,5.256618821787),.PIECEWISE_BEZIER_KNOTS.);
#933 = CARTESIAN_POINT('',(27.456618821787,-3.6));
#934 = CARTESIAN_POINT('',(2.143381178213,-3.6));
#935 = ( GEOMETRIC_REPRESENTATION_CONTEXT(2) 
PARAMETRIC_REPRESENTATION_CONTEXT() REPRESENTATION_CONTEXT('2D SPACE',''
  ) );
#936 = ORIENTED_EDGE('',*,*,#937,.T.);
#937 = EDGE_CURVE('',#912,#938,#940,.T.);
#938 = VERTEX_POINT('',#939);
#939 = CARTESIAN_POINT('',(5.5,-10.88990358084,6.));
#940 = SURFACE_CURVE('',#941,(#946,#957),.PCURVE_S1.);
#941 = CIRCLE('',#942,12.2);
#942 = AXIS2_PLACEMENT_3D('',#943,#944,#945);
#943 = CARTESIAN_POINT('',(0.,0.,6.));
#944 = DIRECTION('',(0.,0.,-1.));
#945 = DIRECTION('',(0.450819672131,0.89261504761,0.));
#946 = PCURVE('',#388,#947);
#947 = DEFINITIONAL_REPRESENTATION('',(#948),#956);
#948 = ( BOUNDED_CURVE() B_SPLINE_CURVE(2,(#949,#950,#951,#952,#953,#954
,#955),.UNSPECIFIED.,.T.,.F.) B_SPLINE_CURVE_WITH_KNOTS((1,2,2,2,2,1),(
    -2.094395102393,0.,2.094395102393,4.188790204786,6.28318530718,
8.377580409573),.UNSPECIFIED.) CURVE() GEOMETRIC_REPRESENTATION_ITEM() 
RATIONAL_B_SPLINE_CURVE((1.,0.5,1.,0.5,1.,0.5,1.)) REPRESENTATION_ITEM(
  '') );
#949 = CARTESIAN_POINT('',(5.5,10.88990358084));
#950 = CARTESIAN_POINT('',(24.361866291542,1.363624139212));
#951 = CARTESIAN_POINT('',(6.680933145771,-10.20809151123));
#952 = CARTESIAN_POINT('',(-11.,-21.77980716168));
#953 = CARTESIAN_POINT('',(-12.18093314577,-0.681812069606));
#954 = CARTESIAN_POINT('',(-13.36186629154,20.416183022469));
#955 = CARTESIAN_POINT('',(5.5,10.88990358084));
#956 = ( GEOMETRIC_REPRESENTATION_CONTEXT(2) 
PARAMETRIC_REPRESENTATION_CONTEXT() REPRESENTATION_CONTEXT('2D SPACE',''
  ) );
#957 = PCURVE('',#958,#963);
#958 = CONICAL_SURFACE('',#959,11.7,0.785398163397);
#959 = AXIS2_PLACEMENT_3D('',#960,#961,#962);
#960 = CARTESIAN_POINT('',(0.,0.,5.5));
#961 = DIRECTION('',(0.,0.,1.));
#962 = DIRECTION('',(1.,0.,-0.));
#963 = DEFINITIONAL_REPRESENTATION('',(#964),#968);
#964 = LINE('',#965,#966);
#965 = CARTESIAN_POINT('',(7.386298225865,0.5));
#966 = VECTOR('',#967,1.);
#967 = DIRECTION('',(-1.,-0.));
#968 = ( GEOMETRIC_REPRESENTATION_CONTEXT(2) 
PARAMETRIC_REPRESENTATION_CONTEXT() REPRESENTATION_CONTEXT('2D SPACE',''
  ) );
#969 = ORIENTED_EDGE('',*,*,#970,.T.);
#970 = EDGE_CURVE('',#938,#971,#973,.T.);
#971 = VERTEX_POINT('',#972);
#972 = CARTESIAN_POINT('',(5.5,-12.65661882178,6.));
#973 = SURFACE_CURVE('',#974,(#978,#984),.PCURVE_S1.);
#974 = LINE('',#975,#976);
#975 = CARTESIAN_POINT('',(5.5,-7.4,6.));
#976 = VECTOR('',#977,1.);
#977 = DIRECTION('',(0.,-1.,0.));
#978 = PCURVE('',#388,#979);
#979 = DEFINITIONAL_REPRESENTATION('',(#980),#983);
#980 = B_SPLINE_CURVE_WITH_KNOTS('',1,(#981,#982),.UNSPECIFIED.,.F.,.F.,
  (2,2),(-20.05661882178,5.256618821787),.PIECEWISE_BEZIER_KNOTS.);
#981 = CARTESIAN_POINT('',(5.5,12.656618821787));
#982 = CARTESIAN_POINT('',(5.5,-12.65661882178));
#983 = ( GEOMETRIC_REPRESENTATION_CONTEXT(2) 
PARAMETRIC_REPRESENTATION_CONTEXT() REPRESENTATION_CONTEXT('2D SPACE',''
  ) );
#984 = PCURVE('',#985,#990);
#985 = PLANE('',#986);
#986 = AXIS2_PLACEMENT_3D('',#987,#988,#989);
#987 = CARTESIAN_POINT('',(5.5,-14.8,2.4));
#988 = DIRECTION('',(-1.,0.,0.));
#989 = DIRECTION('',(0.,1.,0.));
#990 = DEFINITIONAL_REPRESENTATION('',(#991),#995);
#991 = LINE('',#992,#993);
#992 = CARTESIAN_POINT('',(7.4,-3.6));
#993 = VECTOR('',#994,1.);
#994 = DIRECTION('',(-1.,0.));
#995 = ( GEOMETRIC_REPRESENTATION_CONTEXT(2) 
PARAMETRIC_REPRESENTATION_CONTEXT() REPRESENTATION_CONTEXT('2D SPACE',''
  ) );
#996 = ORIENTED_EDGE('',*,*,#997,.T.);
#997 = EDGE_CURVE('',#971,#998,#1000,.T.);
#998 = VERTEX_POINT('',#999);
#999 = CARTESIAN_POINT('',(-5.5,-12.65661882178,6.));
#1000 = SURFACE_CURVE('',#1001,(#1006,#1017),.PCURVE_S1.);
#1001 = CIRCLE('',#1002,13.8);
#1002 = AXIS2_PLACEMENT_3D('',#1003,#1004,#1005);
#1003 = CARTESIAN_POINT('',(0.,0.,6.));
#1004 = DIRECTION('',(0.,0.,-1.));
#1005 = DIRECTION('',(1.,0.,0.));
#1006 = PCURVE('',#388,#1007);
#1007 = DEFINITIONAL_REPRESENTATION('',(#1008),#1016);
#1008 = ( BOUNDED_CURVE() B_SPLINE_CURVE(2,(#1009,#1010,#1011,#1012,
#1013,#1014,#1015),.UNSPECIFIED.,.T.,.F.) B_SPLINE_CURVE_WITH_KNOTS((1,2
    ,2,2,2,1),(-2.094395102393,0.,2.094395102393,4.188790204786,
6.28318530718,8.377580409573),.UNSPECIFIED.) CURVE() 
GEOMETRIC_REPRESENTATION_ITEM() RATIONAL_B_SPLINE_CURVE((1.,0.5,1.,0.5,
1.,0.5,1.)) REPRESENTATION_ITEM('') );
#1009 = CARTESIAN_POINT('',(13.8,-1.244272976237E-15));
#1010 = CARTESIAN_POINT('',(13.8,-23.90230114445));
#1011 = CARTESIAN_POINT('',(-6.9,-11.95115057222));
#1012 = CARTESIAN_POINT('',(-27.6,-4.624298141883E-15));
#1013 = CARTESIAN_POINT('',(-6.9,11.951150572225));
#1014 = CARTESIAN_POINT('',(13.8,23.902301144451));
#1015 = CARTESIAN_POINT('',(13.8,-1.244272976237E-15));
#1016 = ( GEOMETRIC_REPRESENTATION_CONTEXT(2) 
PARAMETRIC_REPRESENTATION_CONTEXT() REPRESENTATION_CONTEXT('2D SPACE',''
  ) );
#1017 = PCURVE('',#1018,#1023);
#1018 = CYLINDRICAL_SURFACE('',#1019,13.8);
#1019 = AXIS2_PLACEMENT_3D('',#1020,#1021,#1022);
#1020 = CARTESIAN_POINT('',(0.,0.,2.4));
#1021 = DIRECTION('',(-0.,-0.,-1.));
#1022 = DIRECTION('',(1.,0.,0.));
#1023 = DEFINITIONAL_REPRESENTATION('',(#1024),#1027);
#1024 = B_SPLINE_CURVE_WITH_KNOTS('',1,(#1025,#1026),.UNSPECIFIED.,.F.,
  .F.,(2,2),(1.160860225173,1.980732428417),.PIECEWISE_BEZIER_KNOTS.);
#1025 = CARTESIAN_POINT('',(-11.40551038918,-3.6));
#1026 = CARTESIAN_POINT('',(-10.58563818594,-3.6));
#1027 = ( GEOMETRIC_REPRESENTATION_CONTEXT(2) 
PARAMETRIC_REPRESENTATION_CONTEXT() REPRESENTATION_CONTEXT('2D SPACE',''
  ) );
#1028 = ORIENTED_EDGE('',*,*,#1029,.T.);
#1029 = EDGE_CURVE('',#998,#1030,#1032,.T.);
#1030 = VERTEX_POINT('',#1031);
#1031 = CARTESIAN_POINT('',(-5.5,-10.88990358084,6.));
#1032 = SURFACE_CURVE('',#1033,(#1037,#1043),.PCURVE_S1.);
#1033 = LINE('',#1034,#1035);
#1034 = CARTESIAN_POINT('',(-5.5,7.4,6.));
#1035 = VECTOR('',#1036,1.);
#1036 = DIRECTION('',(-0.,1.,0.));
#1037 = PCURVE('',#388,#1038);
#1038 = DEFINITIONAL_REPRESENTATION('',(#1039),#1042);
#1039 = B_SPLINE_CURVE_WITH_KNOTS('',1,(#1040,#1041),.UNSPECIFIED.,.F.,
  .F.,(2,2),(-20.05661882178,5.256618821787),.PIECEWISE_BEZIER_KNOTS.);
#1040 = CARTESIAN_POINT('',(-5.5,-12.65661882178));
#1041 = CARTESIAN_POINT('',(-5.5,12.656618821787));
#1042 = ( GEOMETRIC_REPRESENTATION_CONTEXT(2) 
PARAMETRIC_REPRESENTATION_CONTEXT() REPRESENTATION_CONTEXT('2D SPACE',''
  ) );
#1043 = PCURVE('',#1044,#1049);
#1044 = PLANE('',#1045);
#1045 = AXIS2_PLACEMENT_3D('',#1046,#1047,#1048);
#1046 = CARTESIAN_POINT('',(-5.5,14.8,2.4));
#1047 = DIRECTION('',(1.,0.,-0.));
#1048 = DIRECTION('',(0.,-1.,0.));
#1049 = DEFINITIONAL_REPRESENTATION('',(#1050),#1053);
#1050 = B_SPLINE_CURVE_WITH_KNOTS('',1,(#1051,#1052),.UNSPECIFIED.,.F.,
  .F.,(2,2),(-20.05661882178,5.256618821787),.PIECEWISE_BEZIER_KNOTS.);
#1051 = CARTESIAN_POINT('',(27.456618821787,-3.6));
#1052 = CARTESIAN_POINT('',(2.143381178213,-3.6));
#1053 = ( GEOMETRIC_REPRESENTATION_CONTEXT(2) 
PARAMETRIC_REPRESENTATION_CONTEXT() REPRESENTATION_CONTEXT('2D SPACE',''
  ) );
#1054 = ORIENTED_EDGE('',*,*,#1055,.F.);
#1055 = EDGE_CURVE('',#1056,#1030,#1058,.T.);
#1056 = VERTEX_POINT('',#1057);
#1057 = CARTESIAN_POINT('',(-5.5,10.88990358084,6.));
#1058 = SURFACE_CURVE('',#1059,(#1064,#1071),.PCURVE_S1.);
#1059 = CIRCLE('',#1060,12.2);
#1060 = AXIS2_PLACEMENT_3D('',#1061,#1062,#1063);
#1061 = CARTESIAN_POINT('',(0.,0.,6.));
#1062 = DIRECTION('',(0.,0.,1.));
#1063 = DIRECTION('',(1.,0.,-0.));
#1064 = PCURVE('',#388,#1065);
#1065 = DEFINITIONAL_REPRESENTATION('',(#1066),#1070);
#1066 = CIRCLE('',#1067,12.2);
#1067 = AXIS2_PLACEMENT_2D('',#1068,#1069);
#1068 = CARTESIAN_POINT('',(1.29079894517E-15,-1.244272976237E-15));
#1069 = DIRECTION('',(1.,0.));
#1070 = ( GEOMETRIC_REPRESENTATION_CONTEXT(2) 
PARAMETRIC_REPRESENTATION_CONTEXT() REPRESENTATION_CONTEXT('2D SPACE',''
  ) );
#1071 = PCURVE('',#1072,#1077);
#1072 = CONICAL_SURFACE('',#1073,11.7,0.785398163397);
#1073 = AXIS2_PLACEMENT_3D('',#1074,#1075,#1076);
#1074 = CARTESIAN_POINT('',(0.,0.,5.5));
#1075 = DIRECTION('',(0.,0.,1.));
#1076 = DIRECTION('',(1.,0.,-0.));
#1077 = DEFINITIONAL_REPRESENTATION('',(#1078),#1082);
#1078 = LINE('',#1079,#1080);
#1079 = CARTESIAN_POINT('',(0.,0.5));
#1080 = VECTOR('',#1081,1.);
#1081 = DIRECTION('',(1.,0.));
#1082 = ( GEOMETRIC_REPRESENTATION_CONTEXT(2) 
PARAMETRIC_REPRESENTATION_CONTEXT() REPRESENTATION_CONTEXT('2D SPACE',''
  ) );
#1083 = ORIENTED_EDGE('',*,*,#1084,.T.);
#1084 = EDGE_CURVE('',#1056,#1085,#1087,.T.);
#1085 = VERTEX_POINT('',#1086);
#1086 = CARTESIAN_POINT('',(-5.5,12.656618821786,6.));
#1087 = SURFACE_CURVE('',#1088,(#1092,#1098),.PCURVE_S1.);
#1088 = LINE('',#1089,#1090);
#1089 = CARTESIAN_POINT('',(-5.5,7.4,6.));
#1090 = VECTOR('',#1091,1.);
#1091 = DIRECTION('',(-0.,1.,0.));
#1092 = PCURVE('',#388,#1093);
#1093 = DEFINITIONAL_REPRESENTATION('',(#1094),#1097);
#1094 = B_SPLINE_CURVE_WITH_KNOTS('',1,(#1095,#1096),.UNSPECIFIED.,.F.,
  .F.,(2,2),(-20.05661882178,5.256618821787),.PIECEWISE_BEZIER_KNOTS.);
#1095 = CARTESIAN_POINT('',(-5.5,-12.65661882178));
#1096 = CARTESIAN_POINT('',(-5.5,12.656618821787));
#1097 = ( GEOMETRIC_REPRESENTATION_CONTEXT(2) 
PARAMETRIC_REPRESENTATION_CONTEXT() REPRESENTATION_CONTEXT('2D SPACE',''
  ) );
#1098 = PCURVE('',#1099,#1104);
#1099 = PLANE('',#1100);
#1100 = AXIS2_PLACEMENT_3D('',#1101,#1102,#1103);
#1101 = CARTESIAN_POINT('',(-5.5,14.8,2.4));
#1102 = DIRECTION('',(1.,0.,-0.));
#1103 = DIRECTION('',(0.,-1.,0.));
#1104 = DEFINITIONAL_REPRESENTATION('',(#1105),#1109);
#1105 = LINE('',#1106,#1107);
#1106 = CARTESIAN_POINT('',(7.4,-3.6));
#1107 = VECTOR('',#1108,1.);
#1108 = DIRECTION('',(-1.,-0.));
#1109 = ( GEOMETRIC_REPRESENTATION_CONTEXT(2) 
PARAMETRIC_REPRESENTATION_CONTEXT() REPRESENTATION_CONTEXT('2D SPACE',''
  ) );
#1110 = ORIENTED_EDGE('',*,*,#1111,.T.);
#1111 = EDGE_CURVE('',#1085,#910,#1112,.T.);
#1112 = SURFACE_CURVE('',#1113,(#1118,#1129),.PCURVE_S1.);
#1113 = CIRCLE('',#1114,13.8);
#1114 = AXIS2_PLACEMENT_3D('',#1115,#1116,#1117);
#1115 = CARTESIAN_POINT('',(0.,0.,6.));
#1116 = DIRECTION('',(0.,0.,-1.));
#1117 = DIRECTION('',(1.,0.,0.));
#1118 = PCURVE('',#388,#1119);
#1119 = DEFINITIONAL_REPRESENTATION('',(#1120),#1128);
#1120 = ( BOUNDED_CURVE() B_SPLINE_CURVE(2,(#1121,#1122,#1123,#1124,
#1125,#1126,#1127),.UNSPECIFIED.,.T.,.F.) B_SPLINE_CURVE_WITH_KNOTS((1,2
    ,2,2,2,1),(-2.094395102393,0.,2.094395102393,4.188790204786,
6.28318530718,8.377580409573),.UNSPECIFIED.) CURVE() 
GEOMETRIC_REPRESENTATION_ITEM() RATIONAL_B_SPLINE_CURVE((1.,0.5,1.,0.5,
1.,0.5,1.)) REPRESENTATION_ITEM('') );
#1121 = CARTESIAN_POINT('',(13.8,-1.244272976237E-15));
#1122 = CARTESIAN_POINT('',(13.8,-23.90230114445));
#1123 = CARTESIAN_POINT('',(-6.9,-11.95115057222));
#1124 = CARTESIAN_POINT('',(-27.6,-4.624298141883E-15));
#1125 = CARTESIAN_POINT('',(-6.9,11.951150572225));
#1126 = CARTESIAN_POINT('',(13.8,23.902301144451));
#1127 = CARTESIAN_POINT('',(13.8,-1.244272976237E-15));
#1128 = ( GEOMETRIC_REPRESENTATION_CONTEXT(2) 
PARAMETRIC_REPRESENTATION_CONTEXT() REPRESENTATION_CONTEXT('2D SPACE',''
  ) );
#1129 = PCURVE('',#1130,#1135);
#1130 = CYLINDRICAL_SURFACE('',#1131,13.8);
#1131 = AXIS2_PLACEMENT_3D('',#1132,#1133,#1134);
#1132 = CARTESIAN_POINT('',(0.,0.,2.4));
#1133 = DIRECTION('',(-0.,-0.,-1.));
#1134 = DIRECTION('',(1.,0.,0.));
#1135 = DEFINITIONAL_REPRESENTATION('',(#1136),#1139);
#1136 = B_SPLINE_CURVE_WITH_KNOTS('',1,(#1137,#1138),.UNSPECIFIED.,.F.,
  .F.,(2,2),(4.302452878763,5.122325082007),.PIECEWISE_BEZIER_KNOTS.);
#1137 = CARTESIAN_POINT('',(-8.263917735596,-3.6));
#1138 = CARTESIAN_POINT('',(-7.444045532352,-3.6));
#1139 = ( GEOMETRIC_REPRESENTATION_CONTEXT(2) 
PARAMETRIC_REPRESENTATION_CONTEXT() REPRESENTATION_CONTEXT('2D SPACE',''
  ) );
#1140 = FACE_BOUND('',#1141,.T.);
#1141 = EDGE_LOOP('',(#1142,#1170,#1196));
#1142 = ORIENTED_EDGE('',*,*,#1143,.T.);
#1143 = EDGE_CURVE('',#1144,#1146,#1148,.T.);
#1144 = VERTEX_POINT('',#1145);
#1145 = CARTESIAN_POINT('',(0.,15.3,6.));
#1146 = VERTEX_POINT('',#1147);
#1147 = CARTESIAN_POINT('',(1.,14.3,6.));
#1148 = SURFACE_CURVE('',#1149,(#1153,#1159),.PCURVE_S1.);
#1149 = LINE('',#1150,#1151);
#1150 = CARTESIAN_POINT('',(4.325,10.975,6.));
#1151 = VECTOR('',#1152,1.);
#1152 = DIRECTION('',(0.707106781187,-0.707106781187,0.));
#1153 = PCURVE('',#388,#1154);
#1154 = DEFINITIONAL_REPRESENTATION('',(#1155),#1158);
#1155 = B_SPLINE_CURVE_WITH_KNOTS('',1,(#1156,#1157),.UNSPECIFIED.,.F.,
  .F.,(2,2),(-6.116473657264,-4.702260094891),.PIECEWISE_BEZIER_KNOTS.);
#1156 = CARTESIAN_POINT('',(8.881784197001E-16,15.3));
#1157 = CARTESIAN_POINT('',(1.,14.3));
#1158 = ( GEOMETRIC_REPRESENTATION_CONTEXT(2) 
PARAMETRIC_REPRESENTATION_CONTEXT() REPRESENTATION_CONTEXT('2D SPACE',''
  ) );
#1159 = PCURVE('',#1160,#1165);
#1160 = PLANE('',#1161);
#1161 = AXIS2_PLACEMENT_3D('',#1162,#1163,#1164);
#1162 = CARTESIAN_POINT('',(1.,14.3,5.6));
#1163 = DIRECTION('',(-0.707106781187,-0.707106781187,0.));
#1164 = DIRECTION('',(-0.707106781187,0.707106781187,0.));
#1165 = DEFINITIONAL_REPRESENTATION('',(#1166),#1169);
#1166 = B_SPLINE_CURVE_WITH_KNOTS('',1,(#1167,#1168),.UNSPECIFIED.,.F.,
  .F.,(2,2),(-6.116473657264,-4.702260094891),.PIECEWISE_BEZIER_KNOTS.);
#1167 = CARTESIAN_POINT('',(1.414213562373,-0.4));
#1168 = CARTESIAN_POINT('',(0.,-0.4));
#1169 = ( GEOMETRIC_REPRESENTATION_CONTEXT(2) 
PARAMETRIC_REPRESENTATION_CONTEXT() REPRESENTATION_CONTEXT('2D SPACE',''
  ) );
#1170 = ORIENTED_EDGE('',*,*,#1171,.T.);
#1171 = EDGE_CURVE('',#1146,#1172,#1174,.T.);
#1172 = VERTEX_POINT('',#1173);
#1173 = CARTESIAN_POINT('',(-1.,14.3,6.));
#1174 = SURFACE_CURVE('',#1175,(#1179,#1185),.PCURVE_S1.);
#1175 = LINE('',#1176,#1177);
#1176 = CARTESIAN_POINT('',(-0.5,14.3,6.));
#1177 = VECTOR('',#1178,1.);
#1178 = DIRECTION('',(-1.,0.,0.));
#1179 = PCURVE('',#388,#1180);
#1180 = DEFINITIONAL_REPRESENTATION('',(#1181),#1184);
#1181 = B_SPLINE_CURVE_WITH_KNOTS('',1,(#1182,#1183),.UNSPECIFIED.,.F.,
  .F.,(2,2),(-1.5,0.5),.PIECEWISE_BEZIER_KNOTS.);
#1182 = CARTESIAN_POINT('',(1.,14.3));
#1183 = CARTESIAN_POINT('',(-1.,14.3));
#1184 = ( GEOMETRIC_REPRESENTATION_CONTEXT(2) 
PARAMETRIC_REPRESENTATION_CONTEXT() REPRESENTATION_CONTEXT('2D SPACE',''
  ) );
#1185 = PCURVE('',#1186,#1191);
#1186 = PLANE('',#1187);
#1187 = AXIS2_PLACEMENT_3D('',#1188,#1189,#1190);
#1188 = CARTESIAN_POINT('',(-1.,14.3,5.6));
#1189 = DIRECTION('',(0.,1.,0.));
#1190 = DIRECTION('',(1.,0.,0.));
#1191 = DEFINITIONAL_REPRESENTATION('',(#1192),#1195);
#1192 = B_SPLINE_CURVE_WITH_KNOTS('',1,(#1193,#1194),.UNSPECIFIED.,.F.,
  .F.,(2,2),(-1.5,0.5),.PIECEWISE_BEZIER_KNOTS.);
#1193 = CARTESIAN_POINT('',(2.,-0.4));
#1194 = CARTESIAN_POINT('',(0.,-0.4));
#1195 = ( GEOMETRIC_REPRESENTATION_CONTEXT(2) 
PARAMETRIC_REPRESENTATION_CONTEXT() REPRESENTATION_CONTEXT('2D SPACE',''
  ) );
#1196 = ORIENTED_EDGE('',*,*,#1197,.T.);
#1197 = EDGE_CURVE('',#1172,#1144,#1198,.T.);
#1198 = SURFACE_CURVE('',#1199,(#1203,#1209),.PCURVE_S1.);
#1199 = LINE('',#1200,#1201);
#1200 = CARTESIAN_POINT('',(-3.825,11.475,6.));
#1201 = VECTOR('',#1202,1.);
#1202 = DIRECTION('',(0.707106781187,0.707106781187,-0.));
#1203 = PCURVE('',#388,#1204);
#1204 = DEFINITIONAL_REPRESENTATION('',(#1205),#1208);
#1205 = B_SPLINE_CURVE_WITH_KNOTS('',1,(#1206,#1207),.UNSPECIFIED.,.F.,
  .F.,(2,2),(3.995153313704,5.409366876077),.PIECEWISE_BEZIER_KNOTS.);
#1206 = CARTESIAN_POINT('',(-1.,14.3));
#1207 = CARTESIAN_POINT('',(8.881784197001E-16,15.3));
#1208 = ( GEOMETRIC_REPRESENTATION_CONTEXT(2) 
PARAMETRIC_REPRESENTATION_CONTEXT() REPRESENTATION_CONTEXT('2D SPACE',''
  ) );
#1209 = PCURVE('',#1210,#1215);
#1210 = PLANE('',#1211);
#1211 = AXIS2_PLACEMENT_3D('',#1212,#1213,#1214);
#1212 = CARTESIAN_POINT('',(0.,15.3,5.6));
#1213 = DIRECTION('',(0.707106781187,-0.707106781187,0.));
#1214 = DIRECTION('',(-0.707106781187,-0.707106781187,0.));
#1215 = DEFINITIONAL_REPRESENTATION('',(#1216),#1219);
#1216 = B_SPLINE_CURVE_WITH_KNOTS('',1,(#1217,#1218),.UNSPECIFIED.,.F.,
  .F.,(2,2),(3.995153313704,5.409366876077),.PIECEWISE_BEZIER_KNOTS.);
#1217 = CARTESIAN_POINT('',(1.414213562373,-0.4));
#1218 = CARTESIAN_POINT('',(0.,-0.4));
#1219 = ( GEOMETRIC_REPRESENTATION_CONTEXT(2) 
PARAMETRIC_REPRESENTATION_CONTEXT() REPRESENTATION_CONTEXT('2D SPACE',''
  ) );
#1220 = ADVANCED_FACE('',(#1221),#489,.T.);
#1221 = FACE_BOUND('',#1222,.T.);
#1222 = EDGE_LOOP('',(#1223,#1224,#1225,#1226));
#1223 = ORIENTED_EDGE('',*,*,#472,.F.);
#1224 = ORIENTED_EDGE('',*,*,#693,.T.);
#1225 = ORIENTED_EDGE('',*,*,#637,.T.);
#1226 = ORIENTED_EDGE('',*,*,#589,.F.);
#1227 = ADVANCED_FACE('',(#1228),#547,.T.);
#1228 = FACE_BOUND('',#1229,.F.);
#1229 = EDGE_LOOP('',(#1230,#1231,#1232,#1233));
#1230 = ORIENTED_EDGE('',*,*,#530,.F.);
#1231 = ORIENTED_EDGE('',*,*,#805,.T.);
#1232 = ORIENTED_EDGE('',*,*,#749,.T.);
#1233 = ORIENTED_EDGE('',*,*,#612,.F.);
#1234 = ADVANCED_FACE('',(#1235),#734,.F.);
#1235 = FACE_BOUND('',#1236,.F.);
#1236 = EDGE_LOOP('',(#1237,#1260,#1287,#1288));
#1237 = ORIENTED_EDGE('',*,*,#1238,.T.);
#1238 = EDGE_CURVE('',#718,#1239,#1241,.T.);
#1239 = VERTEX_POINT('',#1240);
#1240 = CARTESIAN_POINT('',(1.7,-4.163799117101E-16,0.7));
#1241 = SEAM_CURVE('',#1242,(#1246,#1253),.PCURVE_S1.);
#1242 = LINE('',#1243,#1244);
#1243 = CARTESIAN_POINT('',(1.7,-4.163799117101E-16,-1.));
#1244 = VECTOR('',#1245,1.);
#1245 = DIRECTION('',(0.,0.,1.));
#1246 = PCURVE('',#734,#1247);
#1247 = DEFINITIONAL_REPRESENTATION('',(#1248),#1252);
#1248 = LINE('',#1249,#1250);
#1249 = CARTESIAN_POINT('',(6.28318530718,-0.));
#1250 = VECTOR('',#1251,1.);
#1251 = DIRECTION('',(0.,1.));
#1252 = ( GEOMETRIC_REPRESENTATION_CONTEXT(2) 
PARAMETRIC_REPRESENTATION_CONTEXT() REPRESENTATION_CONTEXT('2D SPACE',''
  ) );
#1253 = PCURVE('',#734,#1254);
#1254 = DEFINITIONAL_REPRESENTATION('',(#1255),#1259);
#1255 = LINE('',#1256,#1257);
#1256 = CARTESIAN_POINT('',(0.,-0.));
#1257 = VECTOR('',#1258,1.);
#1258 = DIRECTION('',(0.,1.));
#1259 = ( GEOMETRIC_REPRESENTATION_CONTEXT(2) 
PARAMETRIC_REPRESENTATION_CONTEXT() REPRESENTATION_CONTEXT('2D SPACE',''
  ) );
#1260 = ORIENTED_EDGE('',*,*,#1261,.F.);
#1261 = EDGE_CURVE('',#1239,#1239,#1262,.T.);
#1262 = SURFACE_CURVE('',#1263,(#1268,#1275),.PCURVE_S1.);
#1263 = CIRCLE('',#1264,1.7);
#1264 = AXIS2_PLACEMENT_3D('',#1265,#1266,#1267);
#1265 = CARTESIAN_POINT('',(0.,0.,0.7));
#1266 = DIRECTION('',(0.,0.,1.));
#1267 = DIRECTION('',(1.,0.,-0.));
#1268 = PCURVE('',#734,#1269);
#1269 = DEFINITIONAL_REPRESENTATION('',(#1270),#1274);
#1270 = LINE('',#1271,#1272);
#1271 = CARTESIAN_POINT('',(0.,1.7));
#1272 = VECTOR('',#1273,1.);
#1273 = DIRECTION('',(1.,0.));
#1274 = ( GEOMETRIC_REPRESENTATION_CONTEXT(2) 
PARAMETRIC_REPRESENTATION_CONTEXT() REPRESENTATION_CONTEXT('2D SPACE',''
  ) );
#1275 = PCURVE('',#1276,#1281);
#1276 = CONICAL_SURFACE('',#1277,1.7,0.785398163397);
#1277 = AXIS2_PLACEMENT_3D('',#1278,#1279,#1280);
#1278 = CARTESIAN_POINT('',(0.,0.,0.7));
#1279 = DIRECTION('',(0.,0.,1.));
#1280 = DIRECTION('',(1.,0.,-0.));
#1281 = DEFINITIONAL_REPRESENTATION('',(#1282),#1286);
#1282 = LINE('',#1283,#1284);
#1283 = CARTESIAN_POINT('',(0.,0.));
#1284 = VECTOR('',#1285,1.);
#1285 = DIRECTION('',(1.,0.));
#1286 = ( GEOMETRIC_REPRESENTATION_CONTEXT(2) 
PARAMETRIC_REPRESENTATION_CONTEXT() REPRESENTATION_CONTEXT('2D SPACE',''
  ) );
#1287 = ORIENTED_EDGE('',*,*,#1238,.F.);
#1288 = ORIENTED_EDGE('',*,*,#717,.T.);
#1289 = ADVANCED_FACE('',(#1290),#846,.T.);
#1290 = FACE_BOUND('',#1291,.T.);
#1291 = EDGE_LOOP('',(#1292,#1322,#1343,#1344));
#1292 = ORIENTED_EDGE('',*,*,#1293,.F.);
#1293 = EDGE_CURVE('',#1294,#1296,#1298,.T.);
#1294 = VERTEX_POINT('',#1295);
#1295 = CARTESIAN_POINT('',(-1.,-14.3,5.6));
#1296 = VERTEX_POINT('',#1297);
#1297 = CARTESIAN_POINT('',(-1.873709602695E-15,-15.3,5.6));
#1298 = SURFACE_CURVE('',#1299,(#1303,#1310),.PCURVE_S1.);
#1299 = LINE('',#1300,#1301);
#1300 = CARTESIAN_POINT('',(-1.,-14.3,5.6));
#1301 = VECTOR('',#1302,1.);
#1302 = DIRECTION('',(0.707106781187,-0.707106781187,0.));
#1303 = PCURVE('',#846,#1304);
#1304 = DEFINITIONAL_REPRESENTATION('',(#1305),#1309);
#1305 = LINE('',#1306,#1307);
#1306 = CARTESIAN_POINT('',(0.,0.));
#1307 = VECTOR('',#1308,1.);
#1308 = DIRECTION('',(1.,0.));
#1309 = ( GEOMETRIC_REPRESENTATION_CONTEXT(2) 
PARAMETRIC_REPRESENTATION_CONTEXT() REPRESENTATION_CONTEXT('2D SPACE',''
  ) );
#1310 = PCURVE('',#1311,#1316);
#1311 = PLANE('',#1312);
#1312 = AXIS2_PLACEMENT_3D('',#1313,#1314,#1315);
#1313 = CARTESIAN_POINT('',(-1.787113997072E-15,-14.59289321881,5.6));
#1314 = DIRECTION('',(0.,0.,1.));
#1315 = DIRECTION('',(-1.,1.224646799147E-16,0.));
#1316 = DEFINITIONAL_REPRESENTATION('',(#1317),#1321);
#1317 = LINE('',#1318,#1319);
#1318 = CARTESIAN_POINT('',(1.,-0.292893218813));
#1319 = VECTOR('',#1320,1.);
#1320 = DIRECTION('',(-0.707106781187,0.707106781187));
#1321 = ( GEOMETRIC_REPRESENTATION_CONTEXT(2) 
PARAMETRIC_REPRESENTATION_CONTEXT() REPRESENTATION_CONTEXT('2D SPACE',''
  ) );
#1322 = ORIENTED_EDGE('',*,*,#1323,.T.);
#1323 = EDGE_CURVE('',#1294,#832,#1324,.T.);
#1324 = SURFACE_CURVE('',#1325,(#1329,#1336),.PCURVE_S1.);
#1325 = LINE('',#1326,#1327);
#1326 = CARTESIAN_POINT('',(-1.,-14.3,5.6));
#1327 = VECTOR('',#1328,1.);
#1328 = DIRECTION('',(0.,0.,1.));
#1329 = PCURVE('',#846,#1330);
#1330 = DEFINITIONAL_REPRESENTATION('',(#1331),#1335);
#1331 = LINE('',#1332,#1333);
#1332 = CARTESIAN_POINT('',(0.,0.));
#1333 = VECTOR('',#1334,1.);
#1334 = DIRECTION('',(0.,-1.));
#1335 = ( GEOMETRIC_REPRESENTATION_CONTEXT(2) 
PARAMETRIC_REPRESENTATION_CONTEXT() REPRESENTATION_CONTEXT('2D SPACE',''
  ) );
#1336 = PCURVE('',#872,#1337);
#1337 = DEFINITIONAL_REPRESENTATION('',(#1338),#1342);
#1338 = LINE('',#1339,#1340);
#1339 = CARTESIAN_POINT('',(2.,0.));
#1340 = VECTOR('',#1341,1.);
#1341 = DIRECTION('',(0.,-1.));
#1342 = ( GEOMETRIC_REPRESENTATION_CONTEXT(2) 
PARAMETRIC_REPRESENTATION_CONTEXT() REPRESENTATION_CONTEXT('2D SPACE',''
  ) );
#1343 = ORIENTED_EDGE('',*,*,#829,.F.);
#1344 = ORIENTED_EDGE('',*,*,#1345,.F.);
#1345 = EDGE_CURVE('',#1296,#830,#1346,.T.);
#1346 = SURFACE_CURVE('',#1347,(#1351,#1358),.PCURVE_S1.);
#1347 = LINE('',#1348,#1349);
#1348 = CARTESIAN_POINT('',(-1.873709602695E-15,-15.3,5.6));
#1349 = VECTOR('',#1350,1.);
#1350 = DIRECTION('',(0.,0.,1.));
#1351 = PCURVE('',#846,#1352);
#1352 = DEFINITIONAL_REPRESENTATION('',(#1353),#1357);
#1353 = LINE('',#1354,#1355);
#1354 = CARTESIAN_POINT('',(1.414213562373,0.));
#1355 = VECTOR('',#1356,1.);
#1356 = DIRECTION('',(0.,-1.));
#1357 = ( GEOMETRIC_REPRESENTATION_CONTEXT(2) 
PARAMETRIC_REPRESENTATION_CONTEXT() REPRESENTATION_CONTEXT('2D SPACE',''
  ) );
#1358 = PCURVE('',#896,#1359);
#1359 = DEFINITIONAL_REPRESENTATION('',(#1360),#1364);
#1360 = LINE('',#1361,#1362);
#1361 = CARTESIAN_POINT('',(0.,0.));
#1362 = VECTOR('',#1363,1.);
#1363 = DIRECTION('',(0.,-1.));
#1364 = ( GEOMETRIC_REPRESENTATION_CONTEXT(2) 
PARAMETRIC_REPRESENTATION_CONTEXT() REPRESENTATION_CONTEXT('2D SPACE',''
  ) );
#1365 = ADVANCED_FACE('',(#1366),#896,.T.);
#1366 = FACE_BOUND('',#1367,.T.);
#1367 = EDGE_LOOP('',(#1368,#1391,#1392,#1393));
#1368 = ORIENTED_EDGE('',*,*,#1369,.F.);
#1369 = EDGE_CURVE('',#1296,#1370,#1372,.T.);
#1370 = VERTEX_POINT('',#1371);
#1371 = CARTESIAN_POINT('',(1.,-14.3,5.6));
#1372 = SURFACE_CURVE('',#1373,(#1377,#1384),.PCURVE_S1.);
#1373 = LINE('',#1374,#1375);
#1374 = CARTESIAN_POINT('',(-1.873709602695E-15,-15.3,5.6));
#1375 = VECTOR('',#1376,1.);
#1376 = DIRECTION('',(0.707106781187,0.707106781187,0.));
#1377 = PCURVE('',#896,#1378);
#1378 = DEFINITIONAL_REPRESENTATION('',(#1379),#1383);
#1379 = LINE('',#1380,#1381);
#1380 = CARTESIAN_POINT('',(0.,0.));
#1381 = VECTOR('',#1382,1.);
#1382 = DIRECTION('',(1.,0.));
#1383 = ( GEOMETRIC_REPRESENTATION_CONTEXT(2) 
PARAMETRIC_REPRESENTATION_CONTEXT() REPRESENTATION_CONTEXT('2D SPACE',''
  ) );
#1384 = PCURVE('',#1311,#1385);
#1385 = DEFINITIONAL_REPRESENTATION('',(#1386),#1390);
#1386 = LINE('',#1387,#1388);
#1387 = CARTESIAN_POINT('',(7.395570986447E-32,0.707106781187));
#1388 = VECTOR('',#1389,1.);
#1389 = DIRECTION('',(-0.707106781187,-0.707106781187));
#1390 = ( GEOMETRIC_REPRESENTATION_CONTEXT(2) 
PARAMETRIC_REPRESENTATION_CONTEXT() REPRESENTATION_CONTEXT('2D SPACE',''
  ) );
#1391 = ORIENTED_EDGE('',*,*,#1345,.T.);
#1392 = ORIENTED_EDGE('',*,*,#883,.F.);
#1393 = ORIENTED_EDGE('',*,*,#1394,.F.);
#1394 = EDGE_CURVE('',#1370,#858,#1395,.T.);
#1395 = SURFACE_CURVE('',#1396,(#1400,#1407),.PCURVE_S1.);
#1396 = LINE('',#1397,#1398);
#1397 = CARTESIAN_POINT('',(1.,-14.3,5.6));
#1398 = VECTOR('',#1399,1.);
#1399 = DIRECTION('',(0.,0.,1.));
#1400 = PCURVE('',#896,#1401);
#1401 = DEFINITIONAL_REPRESENTATION('',(#1402),#1406);
#1402 = LINE('',#1403,#1404);
#1403 = CARTESIAN_POINT('',(1.414213562373,0.));
#1404 = VECTOR('',#1405,1.);
#1405 = DIRECTION('',(0.,-1.));
#1406 = ( GEOMETRIC_REPRESENTATION_CONTEXT(2) 
PARAMETRIC_REPRESENTATION_CONTEXT() REPRESENTATION_CONTEXT('2D SPACE',''
  ) );
#1407 = PCURVE('',#872,#1408);
#1408 = DEFINITIONAL_REPRESENTATION('',(#1409),#1413);
#1409 = LINE('',#1410,#1411);
#1410 = CARTESIAN_POINT('',(0.,0.));
#1411 = VECTOR('',#1412,1.);
#1412 = DIRECTION('',(0.,-1.));
#1413 = ( GEOMETRIC_REPRESENTATION_CONTEXT(2) 
PARAMETRIC_REPRESENTATION_CONTEXT() REPRESENTATION_CONTEXT('2D SPACE',''
  ) );
#1414 = ADVANCED_FACE('',(#1415),#872,.T.);
#1415 = FACE_BOUND('',#1416,.T.);
#1416 = EDGE_LOOP('',(#1417,#1438,#1439,#1440));
#1417 = ORIENTED_EDGE('',*,*,#1418,.F.);
#1418 = EDGE_CURVE('',#1370,#1294,#1419,.T.);
#1419 = SURFACE_CURVE('',#1420,(#1424,#1431),.PCURVE_S1.);
#1420 = LINE('',#1421,#1422);
#1421 = CARTESIAN_POINT('',(1.,-14.3,5.6));
#1422 = VECTOR('',#1423,1.);
#1423 = DIRECTION('',(-1.,1.224646799147E-16,0.));
#1424 = PCURVE('',#872,#1425);
#1425 = DEFINITIONAL_REPRESENTATION('',(#1426),#1430);
#1426 = LINE('',#1427,#1428);
#1427 = CARTESIAN_POINT('',(0.,0.));
#1428 = VECTOR('',#1429,1.);
#1429 = DIRECTION('',(1.,0.));
#1430 = ( GEOMETRIC_REPRESENTATION_CONTEXT(2) 
PARAMETRIC_REPRESENTATION_CONTEXT() REPRESENTATION_CONTEXT('2D SPACE',''
  ) );
#1431 = PCURVE('',#1311,#1432);
#1432 = DEFINITIONAL_REPRESENTATION('',(#1433),#1437);
#1433 = LINE('',#1434,#1435);
#1434 = CARTESIAN_POINT('',(-1.,-0.292893218813));
#1435 = VECTOR('',#1436,1.);
#1436 = DIRECTION('',(1.,0.));
#1437 = ( GEOMETRIC_REPRESENTATION_CONTEXT(2) 
PARAMETRIC_REPRESENTATION_CONTEXT() REPRESENTATION_CONTEXT('2D SPACE',''
  ) );
#1438 = ORIENTED_EDGE('',*,*,#1394,.T.);
#1439 = ORIENTED_EDGE('',*,*,#857,.F.);
#1440 = ORIENTED_EDGE('',*,*,#1323,.F.);
#1441 = ADVANCED_FACE('',(#1442),#926,.T.);
#1442 = FACE_BOUND('',#1443,.T.);
#1443 = EDGE_LOOP('',(#1444,#1445,#1466,#1492,#1518));
#1444 = ORIENTED_EDGE('',*,*,#909,.F.);
#1445 = ORIENTED_EDGE('',*,*,#1446,.T.);
#1446 = EDGE_CURVE('',#910,#1447,#1449,.T.);
#1447 = VERTEX_POINT('',#1448);
#1448 = CARTESIAN_POINT('',(5.5,12.656618821787,4.2));
#1449 = SURFACE_CURVE('',#1450,(#1454,#1460),.PCURVE_S1.);
#1450 = LINE('',#1451,#1452);
#1451 = CARTESIAN_POINT('',(5.5,12.656618821786,2.4));
#1452 = VECTOR('',#1453,1.);
#1453 = DIRECTION('',(-0.,-0.,-1.));
#1454 = PCURVE('',#926,#1455);
#1455 = DEFINITIONAL_REPRESENTATION('',(#1456),#1459);
#1456 = B_SPLINE_CURVE_WITH_KNOTS('',1,(#1457,#1458),.UNSPECIFIED.,.F.,
  .F.,(2,2),(-4.6000006,5.999999999062E-07),.PIECEWISE_BEZIER_KNOTS.);
#1457 = CARTESIAN_POINT('',(27.456618821786,-4.6000006));
#1458 = CARTESIAN_POINT('',(27.456618821786,5.999999999062E-07));
#1459 = ( GEOMETRIC_REPRESENTATION_CONTEXT(2) 
PARAMETRIC_REPRESENTATION_CONTEXT() REPRESENTATION_CONTEXT('2D SPACE',''
  ) );
#1460 = PCURVE('',#1130,#1461);
#1461 = DEFINITIONAL_REPRESENTATION('',(#1462),#1465);
#1462 = B_SPLINE_CURVE_WITH_KNOTS('',1,(#1463,#1464),.UNSPECIFIED.,.F.,
  .F.,(2,2),(-3.6,-1.8),.PIECEWISE_BEZIER_KNOTS.);
#1463 = CARTESIAN_POINT('',(-7.444045532352,-3.6));
#1464 = CARTESIAN_POINT('',(-7.444045532352,-1.8));
#1465 = ( GEOMETRIC_REPRESENTATION_CONTEXT(2) 
PARAMETRIC_REPRESENTATION_CONTEXT() REPRESENTATION_CONTEXT('2D SPACE',''
  ) );
#1466 = ORIENTED_EDGE('',*,*,#1467,.T.);
#1467 = EDGE_CURVE('',#1447,#1468,#1470,.T.);
#1468 = VERTEX_POINT('',#1469);
#1469 = CARTESIAN_POINT('',(5.5,10.32666451474,4.2));
#1470 = SURFACE_CURVE('',#1471,(#1475,#1481),.PCURVE_S1.);
#1471 = LINE('',#1472,#1473);
#1472 = CARTESIAN_POINT('',(5.5,-7.4,4.2));
#1473 = VECTOR('',#1474,1.);
#1474 = DIRECTION('',(0.,-1.,0.));
#1475 = PCURVE('',#926,#1476);
#1476 = DEFINITIONAL_REPRESENTATION('',(#1477),#1480);
#1477 = B_SPLINE_CURVE_WITH_KNOTS('',1,(#1478,#1479),.UNSPECIFIED.,.F.,
  .F.,(2,2),(-20.05661882178,5.256618821787),.PIECEWISE_BEZIER_KNOTS.);
#1478 = CARTESIAN_POINT('',(27.456618821787,-1.8));
#1479 = CARTESIAN_POINT('',(2.143381178213,-1.8));
#1480 = ( GEOMETRIC_REPRESENTATION_CONTEXT(2) 
PARAMETRIC_REPRESENTATION_CONTEXT() REPRESENTATION_CONTEXT('2D SPACE',''
  ) );
#1481 = PCURVE('',#1482,#1487);
#1482 = PLANE('',#1483);
#1483 = AXIS2_PLACEMENT_3D('',#1484,#1485,#1486);
#1484 = CARTESIAN_POINT('',(-3.963594587071E-16,2.293813898064E-16,4.2)
  );
#1485 = DIRECTION('',(0.,0.,1.));
#1486 = DIRECTION('',(1.,0.,-0.));
#1487 = DEFINITIONAL_REPRESENTATION('',(#1488),#1491);
#1488 = B_SPLINE_CURVE_WITH_KNOTS('',1,(#1489,#1490),.UNSPECIFIED.,.F.,
  .F.,(2,2),(-20.05661882178,5.256618821787),.PIECEWISE_BEZIER_KNOTS.);
#1489 = CARTESIAN_POINT('',(5.5,12.656618821787));
#1490 = CARTESIAN_POINT('',(5.5,-12.65661882178));
#1491 = ( GEOMETRIC_REPRESENTATION_CONTEXT(2) 
PARAMETRIC_REPRESENTATION_CONTEXT() REPRESENTATION_CONTEXT('2D SPACE',''
  ) );
#1492 = ORIENTED_EDGE('',*,*,#1493,.F.);
#1493 = EDGE_CURVE('',#1494,#1468,#1496,.T.);
#1494 = VERTEX_POINT('',#1495);
#1495 = CARTESIAN_POINT('',(5.5,10.32666451474,5.5));
#1496 = SURFACE_CURVE('',#1497,(#1501,#1507),.PCURVE_S1.);
#1497 = LINE('',#1498,#1499);
#1498 = CARTESIAN_POINT('',(5.5,10.32666451474,2.4));
#1499 = VECTOR('',#1500,1.);
#1500 = DIRECTION('',(-0.,-0.,-1.));
#1501 = PCURVE('',#926,#1502);
#1502 = DEFINITIONAL_REPRESENTATION('',(#1503),#1506);
#1503 = B_SPLINE_CURVE_WITH_KNOTS('',1,(#1504,#1505),.UNSPECIFIED.,.F.,
  .F.,(2,2),(-3.6000006,-1.7999994),.PIECEWISE_BEZIER_KNOTS.);
#1504 = CARTESIAN_POINT('',(25.12666451474,-3.6000006));
#1505 = CARTESIAN_POINT('',(25.12666451474,-1.7999994));
#1506 = ( GEOMETRIC_REPRESENTATION_CONTEXT(2) 
PARAMETRIC_REPRESENTATION_CONTEXT() REPRESENTATION_CONTEXT('2D SPACE',''
  ) );
#1507 = PCURVE('',#1508,#1513);
#1508 = CYLINDRICAL_SURFACE('',#1509,11.7);
#1509 = AXIS2_PLACEMENT_3D('',#1510,#1511,#1512);
#1510 = CARTESIAN_POINT('',(0.,0.,2.4));
#1511 = DIRECTION('',(-0.,-0.,-1.));
#1512 = DIRECTION('',(1.,0.,0.));
#1513 = DEFINITIONAL_REPRESENTATION('',(#1514),#1517);
#1514 = B_SPLINE_CURVE_WITH_KNOTS('',1,(#1515,#1516),.UNSPECIFIED.,.F.,
  .F.,(2,2),(-3.6,-1.8),.PIECEWISE_BEZIER_KNOTS.);
#1515 = CARTESIAN_POINT('',(-7.364594021768,-3.6));
#1516 = CARTESIAN_POINT('',(-7.364594021768,-1.8));
#1517 = ( GEOMETRIC_REPRESENTATION_CONTEXT(2) 
PARAMETRIC_REPRESENTATION_CONTEXT() REPRESENTATION_CONTEXT('2D SPACE',''
  ) );
#1518 = ORIENTED_EDGE('',*,*,#1519,.T.);
#1519 = EDGE_CURVE('',#1494,#912,#1520,.T.);
#1520 = SURFACE_CURVE('',#1521,(#1526,#1533),.PCURVE_S1.);
#1521 = HYPERBOLA('',#1522,5.5,5.5);
#1522 = AXIS2_PLACEMENT_3D('',#1523,#1524,#1525);
#1523 = CARTESIAN_POINT('',(5.5,0.,-6.2));
#1524 = DIRECTION('',(-1.,0.,0.));
#1525 = DIRECTION('',(0.,0.,1.));
#1526 = PCURVE('',#926,#1527);
#1527 = DEFINITIONAL_REPRESENTATION('',(#1528),#1532);
#1528 = ( BOUNDED_CURVE() B_SPLINE_CURVE(2,(#1529,#1530,#1531),
.UNSPECIFIED.,.F.,.F.) B_SPLINE_CURVE_WITH_KNOTS((3,3),(1.38750565061,
1.451025435716),.PIECEWISE_BEZIER_KNOTS.) CURVE() 
GEOMETRIC_REPRESENTATION_ITEM() RATIONAL_B_SPLINE_CURVE((1.,
1.000504387783,1.)) REPRESENTATION_ITEM('') );
#1529 = CARTESIAN_POINT('',(25.12666451474,-3.1));
#1530 = CARTESIAN_POINT('',(25.498130367948,-3.427863525193));
#1531 = CARTESIAN_POINT('',(25.891185689546,-3.78));
#1532 = ( GEOMETRIC_REPRESENTATION_CONTEXT(2) 
PARAMETRIC_REPRESENTATION_CONTEXT() REPRESENTATION_CONTEXT('2D SPACE',''
  ) );
#1533 = PCURVE('',#958,#1534);
#1534 = DEFINITIONAL_REPRESENTATION('',(#1535),#1542);
#1535 = B_SPLINE_CURVE_WITH_KNOTS('',5,(#1536,#1537,#1538,#1539,#1540,
    #1541),.UNSPECIFIED.,.F.,.F.,(6,6),(1.38750565061,1.434647355322),
  .PIECEWISE_BEZIER_KNOTS.);
#1536 = CARTESIAN_POINT('',(7.364594021768,0.));
#1537 = CARTESIAN_POINT('',(7.369026147852,9.736331384314E-02));
#1538 = CARTESIAN_POINT('',(7.373412170677,0.196026696762));
#1539 = CARTESIAN_POINT('',(7.377752548299,0.296008180023));
#1540 = CARTESIAN_POINT('',(7.382047744293,0.397326276211));
#1541 = CARTESIAN_POINT('',(7.386298225865,0.499999999999));
#1542 = ( GEOMETRIC_REPRESENTATION_CONTEXT(2) 
PARAMETRIC_REPRESENTATION_CONTEXT() REPRESENTATION_CONTEXT('2D SPACE',''
  ) );
#1543 = ADVANCED_FACE('',(#1544),#1130,.F.);
#1544 = FACE_BOUND('',#1545,.T.);
#1545 = EDGE_LOOP('',(#1546,#1547,#1570,#1603,#1664,#1692,#1718,#1740));
#1546 = ORIENTED_EDGE('',*,*,#1111,.F.);
#1547 = ORIENTED_EDGE('',*,*,#1548,.F.);
#1548 = EDGE_CURVE('',#1549,#1085,#1551,.T.);
#1549 = VERTEX_POINT('',#1550);
#1550 = CARTESIAN_POINT('',(-5.5,12.656618821787,2.4));
#1551 = SURFACE_CURVE('',#1552,(#1556,#1563),.PCURVE_S1.);
#1552 = LINE('',#1553,#1554);
#1553 = CARTESIAN_POINT('',(-5.5,12.656618821787,2.4));
#1554 = VECTOR('',#1555,1.);
#1555 = DIRECTION('',(-8.881784197001E-14,-7.845576040684E-14,1.));
#1556 = PCURVE('',#1130,#1557);
#1557 = DEFINITIONAL_REPRESENTATION('',(#1558),#1562);
#1558 = LINE('',#1559,#1560);
#1559 = CARTESIAN_POINT('',(-8.263917735596,0.));
#1560 = VECTOR('',#1561,1.);
#1561 = DIRECTION('',(-0.,-1.));
#1562 = ( GEOMETRIC_REPRESENTATION_CONTEXT(2) 
PARAMETRIC_REPRESENTATION_CONTEXT() REPRESENTATION_CONTEXT('2D SPACE',''
  ) );
#1563 = PCURVE('',#1099,#1564);
#1564 = DEFINITIONAL_REPRESENTATION('',(#1565),#1569);
#1565 = LINE('',#1566,#1567);
#1566 = CARTESIAN_POINT('',(2.143381178213,0.));
#1567 = VECTOR('',#1568,1.);
#1568 = DIRECTION('',(7.845576040684E-14,-1.));
#1569 = ( GEOMETRIC_REPRESENTATION_CONTEXT(2) 
PARAMETRIC_REPRESENTATION_CONTEXT() REPRESENTATION_CONTEXT('2D SPACE',''
  ) );
#1570 = ORIENTED_EDGE('',*,*,#1571,.T.);
#1571 = EDGE_CURVE('',#1549,#1572,#1574,.T.);
#1572 = VERTEX_POINT('',#1573);
#1573 = CARTESIAN_POINT('',(12.549199087328,5.740871211463,2.4));
#1574 = SURFACE_CURVE('',#1575,(#1580,#1587),.PCURVE_S1.);
#1575 = CIRCLE('',#1576,13.8);
#1576 = AXIS2_PLACEMENT_3D('',#1577,#1578,#1579);
#1577 = CARTESIAN_POINT('',(-1.7763568394E-15,1.7763568394E-15,2.4));
#1578 = DIRECTION('',(0.,-0.,-1.));
#1579 = DIRECTION('',(0.398550724638,-0.917146291434,0.));
#1580 = PCURVE('',#1130,#1581);
#1581 = DEFINITIONAL_REPRESENTATION('',(#1582),#1586);
#1582 = LINE('',#1583,#1584);
#1583 = CARTESIAN_POINT('',(-11.40551038918,0.));
#1584 = VECTOR('',#1585,1.);
#1585 = DIRECTION('',(1.,-0.));
#1586 = ( GEOMETRIC_REPRESENTATION_CONTEXT(2) 
PARAMETRIC_REPRESENTATION_CONTEXT() REPRESENTATION_CONTEXT('2D SPACE',''
  ) );
#1587 = PCURVE('',#1588,#1593);
#1588 = PLANE('',#1589);
#1589 = AXIS2_PLACEMENT_3D('',#1590,#1591,#1592);
#1590 = CARTESIAN_POINT('',(0.,0.,2.4));
#1591 = DIRECTION('',(0.,0.,1.));
#1592 = DIRECTION('',(1.,0.,-0.));
#1593 = DEFINITIONAL_REPRESENTATION('',(#1594),#1602);
#1594 = ( BOUNDED_CURVE() B_SPLINE_CURVE(2,(#1595,#1596,#1597,#1598,
#1599,#1600,#1601),.UNSPECIFIED.,.T.,.F.) B_SPLINE_CURVE_WITH_KNOTS((1,2
    ,2,2,2,1),(-2.094395102393,0.,2.094395102393,4.188790204786,
6.28318530718,8.377580409573),.UNSPECIFIED.) CURVE() 
GEOMETRIC_REPRESENTATION_ITEM() RATIONAL_B_SPLINE_CURVE((1.,0.5,1.,0.5,
1.,0.5,1.)) REPRESENTATION_ITEM('') );
#1595 = CARTESIAN_POINT('',(5.5,-12.65661882178));
#1596 = CARTESIAN_POINT('',(-16.42190685136,-22.18289826341));
#1597 = CARTESIAN_POINT('',(-13.71095342568,1.565169690079));
#1598 = CARTESIAN_POINT('',(-11.,25.313237643573));
#1599 = CARTESIAN_POINT('',(8.210953425683,11.091449131708));
#1600 = CARTESIAN_POINT('',(27.421906851367,-3.130339380158));
#1601 = CARTESIAN_POINT('',(5.5,-12.65661882178));
#1602 = ( GEOMETRIC_REPRESENTATION_CONTEXT(2) 
PARAMETRIC_REPRESENTATION_CONTEXT() REPRESENTATION_CONTEXT('2D SPACE',''
  ) );
#1603 = ORIENTED_EDGE('',*,*,#1604,.T.);
#1604 = EDGE_CURVE('',#1572,#1605,#1607,.T.);
#1605 = VERTEX_POINT('',#1606);
#1606 = CARTESIAN_POINT('',(12.992978873222,4.65,2.4));
#1607 = SURFACE_CURVE('',#1608,(#1623,#1641),.PCURVE_S1.);
#1608 = B_SPLINE_CURVE_WITH_KNOTS('',7,(#1609,#1610,#1611,#1612,#1613,
    #1614,#1615,#1616,#1617,#1618,#1619,#1620,#1621,#1622),
  .UNSPECIFIED.,.F.,.F.,(8,6,8),(0.,0.521030329564,1.),.UNSPECIFIED.);
#1609 = CARTESIAN_POINT('',(12.549199087328,5.740871211464,2.4));
#1610 = CARTESIAN_POINT('',(12.567781005026,5.700252257296,
    2.488620095482));
#1611 = CARTESIAN_POINT('',(12.594254582615,5.64197683172,2.571413086831
    ));
#1612 = CARTESIAN_POINT('',(12.627964025027,5.566848765672,
    2.643250233435));
#1613 = CARTESIAN_POINT('',(12.667198614949,5.477611783383,
    2.699702031091));
#1614 = CARTESIAN_POINT('',(12.709720662507,5.378151015134,2.73739056358
    ));
#1615 = CARTESIAN_POINT('',(12.753264133261,5.273245937909,
    2.754179265194));
#1616 = CARTESIAN_POINT('',(12.83480101545,5.07136646696,2.744958914255)
  );
#1617 = CARTESIAN_POINT('',(12.872167116245,4.976395615286,
    2.722384568334));
#1618 = CARTESIAN_POINT('',(12.90630064619,4.887162999572,2.682439625709
    ));
#1619 = CARTESIAN_POINT('',(12.936023056846,4.807373479843,
    2.626982907007));
#1620 = CARTESIAN_POINT('',(12.960593680768,4.740093041321,
    2.558838118792));
#1621 = CARTESIAN_POINT('',(12.979572046792,4.687461207004,
    2.481730704534));
#1622 = CARTESIAN_POINT('',(12.992978873222,4.65,2.4));
#1623 = PCURVE('',#1130,#1624);
#1624 = DEFINITIONAL_REPRESENTATION('',(#1625),#1640);
#1625 = B_SPLINE_CURVE_WITH_KNOTS('',7,(#1626,#1627,#1628,#1629,#1630,
    #1631,#1632,#1633,#1634,#1635,#1636,#1637,#1638,#1639),
  .UNSPECIFIED.,.F.,.F.,(8,6,8),(0.,0.521030329564,1.),.UNSPECIFIED.);
#1626 = CARTESIAN_POINT('',(-6.712233177408,4.163336342344E-15));
#1627 = CARTESIAN_POINT('',(-6.708996400791,-8.862009548156E-02));
#1628 = CARTESIAN_POINT('',(-6.704358244268,-0.171413086831));
#1629 = CARTESIAN_POINT('',(-6.698391360559,-0.243250233435));
#1630 = CARTESIAN_POINT('',(-6.691327954905,-0.299702031091));
#1631 = CARTESIAN_POINT('',(-6.683490319943,-0.33739056358));
#1632 = CARTESIAN_POINT('',(-6.675260037088,-0.354179265194));
#1633 = CARTESIAN_POINT('',(-6.659482961637,-0.344958914255));
#1634 = CARTESIAN_POINT('',(-6.652087804519,-0.322384568334));
#1635 = CARTESIAN_POINT('',(-6.645165235645,-0.282439625709));
#1636 = CARTESIAN_POINT('',(-6.638995536216,-0.226982907007));
#1637 = CARTESIAN_POINT('',(-6.633805260939,-0.158838118792));
#1638 = CARTESIAN_POINT('',(-6.629751000506,-8.173070453429E-02));
#1639 = CARTESIAN_POINT('',(-6.626867812026,1.887379141863E-15));
#1640 = ( GEOMETRIC_REPRESENTATION_CONTEXT(2) 
PARAMETRIC_REPRESENTATION_CONTEXT() REPRESENTATION_CONTEXT('2D SPACE',''
  ) );
#1641 = PCURVE('',#1642,#1647);
#1642 = CYLINDRICAL_SURFACE('',#1643,0.6);
#1643 = AXIS2_PLACEMENT_3D('',#1644,#1645,#1646);
#1644 = CARTESIAN_POINT('',(0.,5.195435605732,2.15));
#1645 = DIRECTION('',(-1.,-0.,-0.));
#1646 = DIRECTION('',(0.,1.,0.));
#1647 = DEFINITIONAL_REPRESENTATION('',(#1648),#1663);
#1648 = B_SPLINE_CURVE_WITH_KNOTS('',7,(#1649,#1650,#1651,#1652,#1653,
    #1654,#1655,#1656,#1657,#1658,#1659,#1660,#1661,#1662),
  .UNSPECIFIED.,.F.,.F.,(8,6,8),(0.,0.521030329564,1.),.UNSPECIFIED.);
#1649 = CARTESIAN_POINT('',(-0.429775431305,-12.54919908732));
#1650 = CARTESIAN_POINT('',(-0.592251247973,-12.56778100502));
#1651 = CARTESIAN_POINT('',(-0.758158292141,-12.59425458261));
#1652 = CARTESIAN_POINT('',(-0.926184970107,-12.62796402502));
#1653 = CARTESIAN_POINT('',(-1.096009477509,-12.66719861494));
#1654 = CARTESIAN_POINT('',(-1.267561579351,-12.7097206625));
#1655 = CARTESIAN_POINT('',(-1.440945533472,-12.75326413326));
#1656 = CARTESIAN_POINT('',(-1.777762066378,-12.83480101545));
#1657 = CARTESIAN_POINT('',(-1.937599033313,-12.87216711624));
#1658 = CARTESIAN_POINT('',(-2.096057879785,-12.90630064619));
#1659 = CARTESIAN_POINT('',(-2.253129897672,-12.93602305684));
#1660 = CARTESIAN_POINT('',(-2.408597877454,-12.96059368076));
#1661 = CARTESIAN_POINT('',(-2.56197239427,-12.97957204679));
#1662 = CARTESIAN_POINT('',(-2.711817222285,-12.99297887322));
#1663 = ( GEOMETRIC_REPRESENTATION_CONTEXT(2) 
PARAMETRIC_REPRESENTATION_CONTEXT() REPRESENTATION_CONTEXT('2D SPACE',''
  ) );
#1664 = ORIENTED_EDGE('',*,*,#1665,.T.);
#1665 = EDGE_CURVE('',#1605,#1666,#1668,.T.);
#1666 = VERTEX_POINT('',#1667);
#1667 = CARTESIAN_POINT('',(12.938315191708,-4.8,2.4));
#1668 = SURFACE_CURVE('',#1669,(#1674,#1681),.PCURVE_S1.);
#1669 = CIRCLE('',#1670,13.8);
#1670 = AXIS2_PLACEMENT_3D('',#1671,#1672,#1673);
#1671 = CARTESIAN_POINT('',(-1.7763568394E-15,1.7763568394E-15,2.4));
#1672 = DIRECTION('',(0.,-0.,-1.));
#1673 = DIRECTION('',(0.398550724638,-0.917146291434,0.));
#1674 = PCURVE('',#1130,#1675);
#1675 = DEFINITIONAL_REPRESENTATION('',(#1676),#1680);
#1676 = LINE('',#1677,#1678);
#1677 = CARTESIAN_POINT('',(-11.40551038918,0.));
#1678 = VECTOR('',#1679,1.);
#1679 = DIRECTION('',(1.,-0.));
#1680 = ( GEOMETRIC_REPRESENTATION_CONTEXT(2) 
PARAMETRIC_REPRESENTATION_CONTEXT() REPRESENTATION_CONTEXT('2D SPACE',''
  ) );
#1681 = PCURVE('',#1588,#1682);
#1682 = DEFINITIONAL_REPRESENTATION('',(#1683),#1691);
#1683 = ( BOUNDED_CURVE() B_SPLINE_CURVE(2,(#1684,#1685,#1686,#1687,
#1688,#1689,#1690),.UNSPECIFIED.,.T.,.F.) B_SPLINE_CURVE_WITH_KNOTS((1,2
    ,2,2,2,1),(-2.094395102393,0.,2.094395102393,4.188790204786,
6.28318530718,8.377580409573),.UNSPECIFIED.) CURVE() 
GEOMETRIC_REPRESENTATION_ITEM() RATIONAL_B_SPLINE_CURVE((1.,0.5,1.,0.5,
1.,0.5,1.)) REPRESENTATION_ITEM('') );
#1684 = CARTESIAN_POINT('',(5.5,-12.65661882178));
#1685 = CARTESIAN_POINT('',(-16.42190685136,-22.18289826341));
#1686 = CARTESIAN_POINT('',(-13.71095342568,1.565169690079));
#1687 = CARTESIAN_POINT('',(-11.,25.313237643573));
#1688 = CARTESIAN_POINT('',(8.210953425683,11.091449131708));
#1689 = CARTESIAN_POINT('',(27.421906851367,-3.130339380158));
#1690 = CARTESIAN_POINT('',(5.5,-12.65661882178));
#1691 = ( GEOMETRIC_REPRESENTATION_CONTEXT(2) 
PARAMETRIC_REPRESENTATION_CONTEXT() REPRESENTATION_CONTEXT('2D SPACE',''
  ) );
#1692 = ORIENTED_EDGE('',*,*,#1693,.F.);
#1693 = EDGE_CURVE('',#1694,#1666,#1696,.T.);
#1694 = VERTEX_POINT('',#1695);
#1695 = CARTESIAN_POINT('',(12.938315191708,-4.8,4.2));
#1696 = SURFACE_CURVE('',#1697,(#1701,#1707),.PCURVE_S1.);
#1697 = LINE('',#1698,#1699);
#1698 = CARTESIAN_POINT('',(12.938315191709,-4.8,2.4));
#1699 = VECTOR('',#1700,1.);
#1700 = DIRECTION('',(-0.,-0.,-1.));
#1701 = PCURVE('',#1130,#1702);
#1702 = DEFINITIONAL_REPRESENTATION('',(#1703),#1706);
#1703 = B_SPLINE_CURVE_WITH_KNOTS('',1,(#1704,#1705),.UNSPECIFIED.,.F.,
  .F.,(2,2),(-1.8,0.),.PIECEWISE_BEZIER_KNOTS.);
#1704 = CARTESIAN_POINT('',(-5.927933898241,-1.8));
#1705 = CARTESIAN_POINT('',(-5.927933898241,0.));
#1706 = ( GEOMETRIC_REPRESENTATION_CONTEXT(2) 
PARAMETRIC_REPRESENTATION_CONTEXT() REPRESENTATION_CONTEXT('2D SPACE',''
  ) );
#1707 = PCURVE('',#1708,#1713);
#1708 = PLANE('',#1709);
#1709 = AXIS2_PLACEMENT_3D('',#1710,#1711,#1712);
#1710 = CARTESIAN_POINT('',(5.5,-4.8,2.4));
#1711 = DIRECTION('',(0.,1.,0.));
#1712 = DIRECTION('',(0.,0.,1.));
#1713 = DEFINITIONAL_REPRESENTATION('',(#1714),#1717);
#1714 = B_SPLINE_CURVE_WITH_KNOTS('',1,(#1715,#1716),.UNSPECIFIED.,.F.,
  .F.,(2,2),(-1.98,5.999999999062E-07),.PIECEWISE_BEZIER_KNOTS.);
#1715 = CARTESIAN_POINT('',(1.98,7.438315191709));
#1716 = CARTESIAN_POINT('',(-5.999999999062E-07,7.438315191709));
#1717 = ( GEOMETRIC_REPRESENTATION_CONTEXT(2) 
PARAMETRIC_REPRESENTATION_CONTEXT() REPRESENTATION_CONTEXT('2D SPACE',''
  ) );
#1718 = ORIENTED_EDGE('',*,*,#1719,.T.);
#1719 = EDGE_CURVE('',#1694,#1447,#1720,.T.);
#1720 = SURFACE_CURVE('',#1721,(#1726,#1733),.PCURVE_S1.);
#1721 = CIRCLE('',#1722,13.8);
#1722 = AXIS2_PLACEMENT_3D('',#1723,#1724,#1725);
#1723 = CARTESIAN_POINT('',(0.,0.,4.2));
#1724 = DIRECTION('',(0.,0.,1.));
#1725 = DIRECTION('',(0.937559071863,-0.347826086957,0.));
#1726 = PCURVE('',#1130,#1727);
#1727 = DEFINITIONAL_REPRESENTATION('',(#1728),#1732);
#1728 = LINE('',#1729,#1730);
#1729 = CARTESIAN_POINT('',(-5.927933898241,-1.8));
#1730 = VECTOR('',#1731,1.);
#1731 = DIRECTION('',(-1.,0.));
#1732 = ( GEOMETRIC_REPRESENTATION_CONTEXT(2) 
PARAMETRIC_REPRESENTATION_CONTEXT() REPRESENTATION_CONTEXT('2D SPACE',''
  ) );
#1733 = PCURVE('',#1482,#1734);
#1734 = DEFINITIONAL_REPRESENTATION('',(#1735),#1739);
#1735 = CIRCLE('',#1736,13.8);
#1736 = AXIS2_PLACEMENT_2D('',#1737,#1738);
#1737 = CARTESIAN_POINT('',(3.963594587071E-16,-2.293813898064E-16));
#1738 = DIRECTION('',(0.937559071863,-0.347826086957));
#1739 = ( GEOMETRIC_REPRESENTATION_CONTEXT(2) 
PARAMETRIC_REPRESENTATION_CONTEXT() REPRESENTATION_CONTEXT('2D SPACE',''
  ) );
#1740 = ORIENTED_EDGE('',*,*,#1446,.F.);
#1741 = ADVANCED_FACE('',(#1742),#958,.F.);
#1742 = FACE_BOUND('',#1743,.F.);
#1743 = EDGE_LOOP('',(#1744,#1768,#1769,#1770));
#1744 = ORIENTED_EDGE('',*,*,#1745,.F.);
#1745 = EDGE_CURVE('',#1494,#1746,#1748,.T.);
#1746 = VERTEX_POINT('',#1747);
#1747 = CARTESIAN_POINT('',(5.5,-10.32666451474,5.5));
#1748 = SURFACE_CURVE('',#1749,(#1754,#1761),.PCURVE_S1.);
#1749 = CIRCLE('',#1750,11.7);
#1750 = AXIS2_PLACEMENT_3D('',#1751,#1752,#1753);
#1751 = CARTESIAN_POINT('',(0.,0.,5.5));
#1752 = DIRECTION('',(0.,0.,-1.));
#1753 = DIRECTION('',(0.470085470085,0.882620898696,0.));
#1754 = PCURVE('',#958,#1755);
#1755 = DEFINITIONAL_REPRESENTATION('',(#1756),#1760);
#1756 = LINE('',#1757,#1758);
#1757 = CARTESIAN_POINT('',(7.364594021768,0.));
#1758 = VECTOR('',#1759,1.);
#1759 = DIRECTION('',(-1.,-0.));
#1760 = ( GEOMETRIC_REPRESENTATION_CONTEXT(2) 
PARAMETRIC_REPRESENTATION_CONTEXT() REPRESENTATION_CONTEXT('2D SPACE',''
  ) );
#1761 = PCURVE('',#1508,#1762);
#1762 = DEFINITIONAL_REPRESENTATION('',(#1763),#1767);
#1763 = LINE('',#1764,#1765);
#1764 = CARTESIAN_POINT('',(-7.364594021768,-3.1));
#1765 = VECTOR('',#1766,1.);
#1766 = DIRECTION('',(1.,-0.));
#1767 = ( GEOMETRIC_REPRESENTATION_CONTEXT(2) 
PARAMETRIC_REPRESENTATION_CONTEXT() REPRESENTATION_CONTEXT('2D SPACE',''
  ) );
#1768 = ORIENTED_EDGE('',*,*,#1519,.T.);
#1769 = ORIENTED_EDGE('',*,*,#937,.T.);
#1770 = ORIENTED_EDGE('',*,*,#1771,.T.);
#1771 = EDGE_CURVE('',#938,#1746,#1772,.T.);
#1772 = SURFACE_CURVE('',#1773,(#1778,#1788),.PCURVE_S1.);
#1773 = HYPERBOLA('',#1774,5.5,5.5);
#1774 = AXIS2_PLACEMENT_3D('',#1775,#1776,#1777);
#1775 = CARTESIAN_POINT('',(5.5,0.,-6.2));
#1776 = DIRECTION('',(-1.,0.,0.));
#1777 = DIRECTION('',(0.,0.,1.));
#1778 = PCURVE('',#958,#1779);
#1779 = DEFINITIONAL_REPRESENTATION('',(#1780),#1787);
#1780 = B_SPLINE_CURVE_WITH_KNOTS('',5,(#1781,#1782,#1783,#1784,#1785,
    #1786),.UNSPECIFIED.,.F.,.F.,(6,6),(-1.434647355322,-1.38750565061),
  .PIECEWISE_BEZIER_KNOTS.);
#1781 = CARTESIAN_POINT('',(5.180072388494,0.499999999999));
#1782 = CARTESIAN_POINT('',(5.184322870066,0.397326276211));
#1783 = CARTESIAN_POINT('',(5.188618066061,0.296008180023));
#1784 = CARTESIAN_POINT('',(5.192958443682,0.196026696762));
#1785 = CARTESIAN_POINT('',(5.197344466507,9.736331384314E-02));
#1786 = CARTESIAN_POINT('',(5.201776592591,4.440892098501E-15));
#1787 = ( GEOMETRIC_REPRESENTATION_CONTEXT(2) 
PARAMETRIC_REPRESENTATION_CONTEXT() REPRESENTATION_CONTEXT('2D SPACE',''
  ) );
#1788 = PCURVE('',#985,#1789);
#1789 = DEFINITIONAL_REPRESENTATION('',(#1790),#1794);
#1790 = HYPERBOLA('',#1791,5.5,5.5);
#1791 = AXIS2_PLACEMENT_2D('',#1792,#1793);
#1792 = CARTESIAN_POINT('',(14.8,8.6));
#1793 = DIRECTION('',(0.,-1.));
#1794 = ( GEOMETRIC_REPRESENTATION_CONTEXT(2) 
PARAMETRIC_REPRESENTATION_CONTEXT() REPRESENTATION_CONTEXT('2D SPACE',''
  ) );
#1795 = ADVANCED_FACE('',(#1796),#1099,.T.);
#1796 = FACE_BOUND('',#1797,.T.);
#1797 = EDGE_LOOP('',(#1798,#1828,#1849,#1850,#1851));
#1798 = ORIENTED_EDGE('',*,*,#1799,.T.);
#1799 = EDGE_CURVE('',#1800,#1802,#1804,.T.);
#1800 = VERTEX_POINT('',#1801);
#1801 = CARTESIAN_POINT('',(-5.5,10.32666451474,5.5));
#1802 = VERTEX_POINT('',#1803);
#1803 = CARTESIAN_POINT('',(-5.5,10.32666451474,2.4));
#1804 = SURFACE_CURVE('',#1805,(#1809,#1816),.PCURVE_S1.);
#1805 = LINE('',#1806,#1807);
#1806 = CARTESIAN_POINT('',(-5.5,10.32666451474,5.5));
#1807 = VECTOR('',#1808,1.);
#1808 = DIRECTION('',(-1.976913256752E-14,-3.094299010568E-14,-1.));
#1809 = PCURVE('',#1099,#1810);
#1810 = DEFINITIONAL_REPRESENTATION('',(#1811),#1815);
#1811 = LINE('',#1812,#1813);
#1812 = CARTESIAN_POINT('',(4.47333548526,-3.1));
#1813 = VECTOR('',#1814,1.);
#1814 = DIRECTION('',(3.094299010568E-14,1.));
#1815 = ( GEOMETRIC_REPRESENTATION_CONTEXT(2) 
PARAMETRIC_REPRESENTATION_CONTEXT() REPRESENTATION_CONTEXT('2D SPACE',''
  ) );
#1816 = PCURVE('',#1817,#1822);
#1817 = CYLINDRICAL_SURFACE('',#1818,11.7);
#1818 = AXIS2_PLACEMENT_3D('',#1819,#1820,#1821);
#1819 = CARTESIAN_POINT('',(0.,0.,2.4));
#1820 = DIRECTION('',(-0.,-0.,-1.));
#1821 = DIRECTION('',(1.,0.,0.));
#1822 = DEFINITIONAL_REPRESENTATION('',(#1823),#1827);
#1823 = LINE('',#1824,#1825);
#1824 = CARTESIAN_POINT('',(-2.060183939001,-3.1));
#1825 = VECTOR('',#1826,1.);
#1826 = DIRECTION('',(-0.,1.));
#1827 = ( GEOMETRIC_REPRESENTATION_CONTEXT(2) 
PARAMETRIC_REPRESENTATION_CONTEXT() REPRESENTATION_CONTEXT('2D SPACE',''
  ) );
#1828 = ORIENTED_EDGE('',*,*,#1829,.F.);
#1829 = EDGE_CURVE('',#1549,#1802,#1830,.T.);
#1830 = SURFACE_CURVE('',#1831,(#1835,#1842),.PCURVE_S1.);
#1831 = LINE('',#1832,#1833);
#1832 = CARTESIAN_POINT('',(-5.5,14.8,2.4));
#1833 = VECTOR('',#1834,1.);
#1834 = DIRECTION('',(-1.224646799147E-16,-1.,0.));
#1835 = PCURVE('',#1099,#1836);
#1836 = DEFINITIONAL_REPRESENTATION('',(#1837),#1841);
#1837 = LINE('',#1838,#1839);
#1838 = CARTESIAN_POINT('',(0.,0.));
#1839 = VECTOR('',#1840,1.);
#1840 = DIRECTION('',(1.,0.));
#1841 = ( GEOMETRIC_REPRESENTATION_CONTEXT(2) 
PARAMETRIC_REPRESENTATION_CONTEXT() REPRESENTATION_CONTEXT('2D SPACE',''
  ) );
#1842 = PCURVE('',#1588,#1843);
#1843 = DEFINITIONAL_REPRESENTATION('',(#1844),#1848);
#1844 = LINE('',#1845,#1846);
#1845 = CARTESIAN_POINT('',(-5.5,14.8));
#1846 = VECTOR('',#1847,1.);
#1847 = DIRECTION('',(-1.224646799147E-16,-1.));
#1848 = ( GEOMETRIC_REPRESENTATION_CONTEXT(2) 
PARAMETRIC_REPRESENTATION_CONTEXT() REPRESENTATION_CONTEXT('2D SPACE',''
  ) );
#1849 = ORIENTED_EDGE('',*,*,#1548,.T.);
#1850 = ORIENTED_EDGE('',*,*,#1084,.F.);
#1851 = ORIENTED_EDGE('',*,*,#1852,.T.);
#1852 = EDGE_CURVE('',#1056,#1800,#1853,.T.);
#1853 = SURFACE_CURVE('',#1854,(#1859,#1866),.PCURVE_S1.);
#1854 = HYPERBOLA('',#1855,5.5,5.5);
#1855 = AXIS2_PLACEMENT_3D('',#1856,#1857,#1858);
#1856 = CARTESIAN_POINT('',(-5.5,0.,-6.2));
#1857 = DIRECTION('',(1.,0.,-0.));
#1858 = DIRECTION('',(0.,0.,1.));
#1859 = PCURVE('',#1099,#1860);
#1860 = DEFINITIONAL_REPRESENTATION('',(#1861),#1865);
#1861 = HYPERBOLA('',#1862,5.5,5.5);
#1862 = AXIS2_PLACEMENT_2D('',#1863,#1864);
#1863 = CARTESIAN_POINT('',(14.8,8.6));
#1864 = DIRECTION('',(0.,-1.));
#1865 = ( GEOMETRIC_REPRESENTATION_CONTEXT(2) 
PARAMETRIC_REPRESENTATION_CONTEXT() REPRESENTATION_CONTEXT('2D SPACE',''
  ) );
#1866 = PCURVE('',#1072,#1867);
#1867 = DEFINITIONAL_REPRESENTATION('',(#1868),#1875);
#1868 = B_SPLINE_CURVE_WITH_KNOTS('',5,(#1869,#1870,#1871,#1872,#1873,
    #1874),.UNSPECIFIED.,.F.,.F.,(6,6),(-1.451025435716,-1.38750565061),
  .PIECEWISE_BEZIER_KNOTS.);
#1869 = CARTESIAN_POINT('',(2.031149949219,0.68));
#1870 = CARTESIAN_POINT('',(2.036793871966,0.539098053686));
#1871 = CARTESIAN_POINT('',(2.042518089519,0.400693625707));
#1872 = CARTESIAN_POINT('',(2.048323750415,0.264739340724));
#1873 = CARTESIAN_POINT('',(2.054211993393,0.131189502167));
#1874 = CARTESIAN_POINT('',(2.060183939001,-8.881784197001E-16));
#1875 = ( GEOMETRIC_REPRESENTATION_CONTEXT(2) 
PARAMETRIC_REPRESENTATION_CONTEXT() REPRESENTATION_CONTEXT('2D SPACE',''
  ) );
#1876 = ADVANCED_FACE('',(#1877),#985,.T.);
#1877 = FACE_BOUND('',#1878,.T.);
#1878 = EDGE_LOOP('',(#1879,#1902,#1925,#1946,#1947));
#1879 = ORIENTED_EDGE('',*,*,#1880,.T.);
#1880 = EDGE_CURVE('',#1746,#1881,#1883,.T.);
#1881 = VERTEX_POINT('',#1882);
#1882 = CARTESIAN_POINT('',(5.5,-10.32666451474,2.4));
#1883 = SURFACE_CURVE('',#1884,(#1888,#1895),.PCURVE_S1.);
#1884 = LINE('',#1885,#1886);
#1885 = CARTESIAN_POINT('',(5.5,-10.32666451474,5.5));
#1886 = VECTOR('',#1887,1.);
#1887 = DIRECTION('',(7.363285608482E-14,5.844787019962E-14,-1.));
#1888 = PCURVE('',#985,#1889);
#1889 = DEFINITIONAL_REPRESENTATION('',(#1890),#1894);
#1890 = LINE('',#1891,#1892);
#1891 = CARTESIAN_POINT('',(4.47333548526,-3.1));
#1892 = VECTOR('',#1893,1.);
#1893 = DIRECTION('',(5.844787019962E-14,1.));
#1894 = ( GEOMETRIC_REPRESENTATION_CONTEXT(2) 
PARAMETRIC_REPRESENTATION_CONTEXT() REPRESENTATION_CONTEXT('2D SPACE',''
  ) );
#1895 = PCURVE('',#1508,#1896);
#1896 = DEFINITIONAL_REPRESENTATION('',(#1897),#1901);
#1897 = LINE('',#1898,#1899);
#1898 = CARTESIAN_POINT('',(-5.201776592591,-3.1));
#1899 = VECTOR('',#1900,1.);
#1900 = DIRECTION('',(-0.,1.));
#1901 = ( GEOMETRIC_REPRESENTATION_CONTEXT(2) 
PARAMETRIC_REPRESENTATION_CONTEXT() REPRESENTATION_CONTEXT('2D SPACE',''
  ) );
#1902 = ORIENTED_EDGE('',*,*,#1903,.F.);
#1903 = EDGE_CURVE('',#1904,#1881,#1906,.T.);
#1904 = VERTEX_POINT('',#1905);
#1905 = CARTESIAN_POINT('',(5.5,-12.65661882178,2.4));
#1906 = SURFACE_CURVE('',#1907,(#1911,#1918),.PCURVE_S1.);
#1907 = LINE('',#1908,#1909);
#1908 = CARTESIAN_POINT('',(5.5,-14.8,2.4));
#1909 = VECTOR('',#1910,1.);
#1910 = DIRECTION('',(0.,1.,0.));
#1911 = PCURVE('',#985,#1912);
#1912 = DEFINITIONAL_REPRESENTATION('',(#1913),#1917);
#1913 = LINE('',#1914,#1915);
#1914 = CARTESIAN_POINT('',(0.,0.));
#1915 = VECTOR('',#1916,1.);
#1916 = DIRECTION('',(1.,0.));
#1917 = ( GEOMETRIC_REPRESENTATION_CONTEXT(2) 
PARAMETRIC_REPRESENTATION_CONTEXT() REPRESENTATION_CONTEXT('2D SPACE',''
  ) );
#1918 = PCURVE('',#1588,#1919);
#1919 = DEFINITIONAL_REPRESENTATION('',(#1920),#1924);
#1920 = LINE('',#1921,#1922);
#1921 = CARTESIAN_POINT('',(5.5,-14.8));
#1922 = VECTOR('',#1923,1.);
#1923 = DIRECTION('',(0.,1.));
#1924 = ( GEOMETRIC_REPRESENTATION_CONTEXT(2) 
PARAMETRIC_REPRESENTATION_CONTEXT() REPRESENTATION_CONTEXT('2D SPACE',''
  ) );
#1925 = ORIENTED_EDGE('',*,*,#1926,.T.);
#1926 = EDGE_CURVE('',#1904,#971,#1927,.T.);
#1927 = SURFACE_CURVE('',#1928,(#1932,#1939),.PCURVE_S1.);
#1928 = LINE('',#1929,#1930);
#1929 = CARTESIAN_POINT('',(5.5,-12.65661882178,2.4));
#1930 = VECTOR('',#1931,1.);
#1931 = DIRECTION('',(4.440892098501E-15,4.440892098501E-15,1.));
#1932 = PCURVE('',#985,#1933);
#1933 = DEFINITIONAL_REPRESENTATION('',(#1934),#1938);
#1934 = LINE('',#1935,#1936);
#1935 = CARTESIAN_POINT('',(2.143381178213,0.));
#1936 = VECTOR('',#1937,1.);
#1937 = DIRECTION('',(4.440892098501E-15,-1.));
#1938 = ( GEOMETRIC_REPRESENTATION_CONTEXT(2) 
PARAMETRIC_REPRESENTATION_CONTEXT() REPRESENTATION_CONTEXT('2D SPACE',''
  ) );
#1939 = PCURVE('',#1018,#1940);
#1940 = DEFINITIONAL_REPRESENTATION('',(#1941),#1945);
#1941 = LINE('',#1942,#1943);
#1942 = CARTESIAN_POINT('',(-11.40551038918,0.));
#1943 = VECTOR('',#1944,1.);
#1944 = DIRECTION('',(-0.,-1.));
#1945 = ( GEOMETRIC_REPRESENTATION_CONTEXT(2) 
PARAMETRIC_REPRESENTATION_CONTEXT() REPRESENTATION_CONTEXT('2D SPACE',''
  ) );
#1946 = ORIENTED_EDGE('',*,*,#970,.F.);
#1947 = ORIENTED_EDGE('',*,*,#1771,.T.);
#1948 = ADVANCED_FACE('',(#1949),#1072,.F.);
#1949 = FACE_BOUND('',#1950,.F.);
#1950 = EDGE_LOOP('',(#1951,#1952,#1975,#2000));
#1951 = ORIENTED_EDGE('',*,*,#1852,.T.);
#1952 = ORIENTED_EDGE('',*,*,#1953,.T.);
#1953 = EDGE_CURVE('',#1800,#1954,#1956,.T.);
#1954 = VERTEX_POINT('',#1955);
#1955 = CARTESIAN_POINT('',(-5.5,-10.32666451474,5.5));
#1956 = SURFACE_CURVE('',#1957,(#1962,#1969),.PCURVE_S1.);
#1957 = CIRCLE('',#1958,11.7);
#1958 = AXIS2_PLACEMENT_3D('',#1959,#1960,#1961);
#1959 = CARTESIAN_POINT('',(0.,0.,5.5));
#1960 = DIRECTION('',(0.,0.,1.));
#1961 = DIRECTION('',(1.,0.,-0.));
#1962 = PCURVE('',#1072,#1963);
#1963 = DEFINITIONAL_REPRESENTATION('',(#1964),#1968);
#1964 = LINE('',#1965,#1966);
#1965 = CARTESIAN_POINT('',(0.,0.));
#1966 = VECTOR('',#1967,1.);
#1967 = DIRECTION('',(1.,0.));
#1968 = ( GEOMETRIC_REPRESENTATION_CONTEXT(2) 
PARAMETRIC_REPRESENTATION_CONTEXT() REPRESENTATION_CONTEXT('2D SPACE',''
  ) );
#1969 = PCURVE('',#1817,#1970);
#1970 = DEFINITIONAL_REPRESENTATION('',(#1971),#1974);
#1971 = B_SPLINE_CURVE_WITH_KNOTS('',1,(#1972,#1973),.UNSPECIFIED.,.F.,
  .F.,(2,2),(2.060183939001,4.223001368178),.PIECEWISE_BEZIER_KNOTS.);
#1972 = CARTESIAN_POINT('',(-2.060183939001,-3.1));
#1973 = CARTESIAN_POINT('',(-4.223001368178,-3.1));
#1974 = ( GEOMETRIC_REPRESENTATION_CONTEXT(2) 
PARAMETRIC_REPRESENTATION_CONTEXT() REPRESENTATION_CONTEXT('2D SPACE',''
  ) );
#1975 = ORIENTED_EDGE('',*,*,#1976,.T.);
#1976 = EDGE_CURVE('',#1954,#1030,#1977,.T.);
#1977 = SURFACE_CURVE('',#1978,(#1983,#1993),.PCURVE_S1.);
#1978 = HYPERBOLA('',#1979,5.5,5.5);
#1979 = AXIS2_PLACEMENT_3D('',#1980,#1981,#1982);
#1980 = CARTESIAN_POINT('',(-5.5,0.,-6.2));
#1981 = DIRECTION('',(1.,0.,-0.));
#1982 = DIRECTION('',(0.,0.,1.));
#1983 = PCURVE('',#1072,#1984);
#1984 = DEFINITIONAL_REPRESENTATION('',(#1985),#1992);
#1985 = B_SPLINE_CURVE_WITH_KNOTS('',5,(#1986,#1987,#1988,#1989,#1990,
    #1991),.UNSPECIFIED.,.F.,.F.,(6,6),(1.38750565061,1.451025435716),
  .PIECEWISE_BEZIER_KNOTS.);
#1986 = CARTESIAN_POINT('',(4.223001368178,-2.6645352591E-15));
#1987 = CARTESIAN_POINT('',(4.228973313787,0.131189502167));
#1988 = CARTESIAN_POINT('',(4.234861556765,0.264739340724));
#1989 = CARTESIAN_POINT('',(4.240667217661,0.400693625707));
#1990 = CARTESIAN_POINT('',(4.246391435213,0.539098053686));
#1991 = CARTESIAN_POINT('',(4.252035357961,0.68));
#1992 = ( GEOMETRIC_REPRESENTATION_CONTEXT(2) 
PARAMETRIC_REPRESENTATION_CONTEXT() REPRESENTATION_CONTEXT('2D SPACE',''
  ) );
#1993 = PCURVE('',#1044,#1994);
#1994 = DEFINITIONAL_REPRESENTATION('',(#1995),#1999);
#1995 = ( BOUNDED_CURVE() B_SPLINE_CURVE(2,(#1996,#1997,#1998),
.UNSPECIFIED.,.F.,.F.) B_SPLINE_CURVE_WITH_KNOTS((3,3),(1.38750565061,
1.451025435716),.PIECEWISE_BEZIER_KNOTS.) CURVE() 
GEOMETRIC_REPRESENTATION_ITEM() RATIONAL_B_SPLINE_CURVE((1.,
1.000504387783,1.)) REPRESENTATION_ITEM('') );
#1996 = CARTESIAN_POINT('',(25.12666451474,-3.1));
#1997 = CARTESIAN_POINT('',(25.498130367948,-3.427863525193));
#1998 = CARTESIAN_POINT('',(25.891185689546,-3.78));
#1999 = ( GEOMETRIC_REPRESENTATION_CONTEXT(2) 
PARAMETRIC_REPRESENTATION_CONTEXT() REPRESENTATION_CONTEXT('2D SPACE',''
  ) );
#2000 = ORIENTED_EDGE('',*,*,#1055,.F.);
#2001 = ADVANCED_FACE('',(#2002),#1018,.F.);
#2002 = FACE_BOUND('',#2003,.T.);
#2003 = EDGE_LOOP('',(#2004,#2032,#2060,#2079,#2080,#2081,#2109,#2188));
#2004 = ORIENTED_EDGE('',*,*,#2005,.F.);
#2005 = EDGE_CURVE('',#2006,#2008,#2010,.T.);
#2006 = VERTEX_POINT('',#2007);
#2007 = CARTESIAN_POINT('',(-12.9383151917,4.8,4.2));
#2008 = VERTEX_POINT('',#2009);
#2009 = CARTESIAN_POINT('',(-12.9383151917,4.8,2.4));
#2010 = SURFACE_CURVE('',#2011,(#2015,#2021),.PCURVE_S1.);
#2011 = LINE('',#2012,#2013);
#2012 = CARTESIAN_POINT('',(-12.9383151917,4.8,2.4));
#2013 = VECTOR('',#2014,1.);
#2014 = DIRECTION('',(-0.,-0.,-1.));
#2015 = PCURVE('',#1018,#2016);
#2016 = DEFINITIONAL_REPRESENTATION('',(#2017),#2020);
#2017 = B_SPLINE_CURVE_WITH_KNOTS('',1,(#2018,#2019),.UNSPECIFIED.,.F.,
  .F.,(2,2),(-1.98,5.999999999062E-07),.PIECEWISE_BEZIER_KNOTS.);
#2018 = CARTESIAN_POINT('',(-9.069526551831,-1.98));
#2019 = CARTESIAN_POINT('',(-9.069526551831,5.999999999062E-07));
#2020 = ( GEOMETRIC_REPRESENTATION_CONTEXT(2) 
PARAMETRIC_REPRESENTATION_CONTEXT() REPRESENTATION_CONTEXT('2D SPACE',''
  ) );
#2021 = PCURVE('',#2022,#2027);
#2022 = PLANE('',#2023);
#2023 = AXIS2_PLACEMENT_3D('',#2024,#2025,#2026);
#2024 = CARTESIAN_POINT('',(-5.5,4.8,2.4));
#2025 = DIRECTION('',(-1.224646799147E-16,-1.,0.));
#2026 = DIRECTION('',(0.,0.,1.));
#2027 = DEFINITIONAL_REPRESENTATION('',(#2028),#2031);
#2028 = B_SPLINE_CURVE_WITH_KNOTS('',1,(#2029,#2030),.UNSPECIFIED.,.F.,
  .F.,(2,2),(-1.98,5.999999999062E-07),.PIECEWISE_BEZIER_KNOTS.);
#2029 = CARTESIAN_POINT('',(1.98,7.438315191709));
#2030 = CARTESIAN_POINT('',(-5.999999999062E-07,7.438315191709));
#2031 = ( GEOMETRIC_REPRESENTATION_CONTEXT(2) 
PARAMETRIC_REPRESENTATION_CONTEXT() REPRESENTATION_CONTEXT('2D SPACE',''
  ) );
#2032 = ORIENTED_EDGE('',*,*,#2033,.T.);
#2033 = EDGE_CURVE('',#2006,#2034,#2036,.T.);
#2034 = VERTEX_POINT('',#2035);
#2035 = CARTESIAN_POINT('',(-5.5,-12.65661882178,4.2));
#2036 = SURFACE_CURVE('',#2037,(#2042,#2048),.PCURVE_S1.);
#2037 = CIRCLE('',#2038,13.8);
#2038 = AXIS2_PLACEMENT_3D('',#2039,#2040,#2041);
#2039 = CARTESIAN_POINT('',(0.,0.,4.2));
#2040 = DIRECTION('',(0.,0.,1.));
#2041 = DIRECTION('',(1.,0.,0.));
#2042 = PCURVE('',#1018,#2043);
#2043 = DEFINITIONAL_REPRESENTATION('',(#2044),#2047);
#2044 = B_SPLINE_CURVE_WITH_KNOTS('',1,(#2045,#2046),.UNSPECIFIED.,.F.,
  .F.,(2,2),(1.980732428417,4.302452878763),.PIECEWISE_BEZIER_KNOTS.);
#2045 = CARTESIAN_POINT('',(-8.263917735596,-1.8));
#2046 = CARTESIAN_POINT('',(-10.58563818594,-1.8));
#2047 = ( GEOMETRIC_REPRESENTATION_CONTEXT(2) 
PARAMETRIC_REPRESENTATION_CONTEXT() REPRESENTATION_CONTEXT('2D SPACE',''
  ) );
#2048 = PCURVE('',#2049,#2054);
#2049 = PLANE('',#2050);
#2050 = AXIS2_PLACEMENT_3D('',#2051,#2052,#2053);
#2051 = CARTESIAN_POINT('',(-3.963594587071E-16,2.293813898064E-16,4.2)
  );
#2052 = DIRECTION('',(0.,0.,1.));
#2053 = DIRECTION('',(1.,0.,-0.));
#2054 = DEFINITIONAL_REPRESENTATION('',(#2055),#2059);
#2055 = CIRCLE('',#2056,13.8);
#2056 = AXIS2_PLACEMENT_2D('',#2057,#2058);
#2057 = CARTESIAN_POINT('',(3.963594587071E-16,-2.293813898064E-16));
#2058 = DIRECTION('',(1.,0.));
#2059 = ( GEOMETRIC_REPRESENTATION_CONTEXT(2) 
PARAMETRIC_REPRESENTATION_CONTEXT() REPRESENTATION_CONTEXT('2D SPACE',''
  ) );
#2060 = ORIENTED_EDGE('',*,*,#2061,.F.);
#2061 = EDGE_CURVE('',#998,#2034,#2062,.T.);
#2062 = SURFACE_CURVE('',#2063,(#2067,#2073),.PCURVE_S1.);
#2063 = LINE('',#2064,#2065);
#2064 = CARTESIAN_POINT('',(-5.5,-12.65661882178,2.4));
#2065 = VECTOR('',#2066,1.);
#2066 = DIRECTION('',(-0.,-0.,-1.));
#2067 = PCURVE('',#1018,#2068);
#2068 = DEFINITIONAL_REPRESENTATION('',(#2069),#2072);
#2069 = B_SPLINE_CURVE_WITH_KNOTS('',1,(#2070,#2071),.UNSPECIFIED.,.F.,
  .F.,(2,2),(-3.6,-1.8),.PIECEWISE_BEZIER_KNOTS.);
#2070 = CARTESIAN_POINT('',(-10.58563818594,-3.6));
#2071 = CARTESIAN_POINT('',(-10.58563818594,-1.8));
#2072 = ( GEOMETRIC_REPRESENTATION_CONTEXT(2) 
PARAMETRIC_REPRESENTATION_CONTEXT() REPRESENTATION_CONTEXT('2D SPACE',''
  ) );
#2073 = PCURVE('',#1044,#2074);
#2074 = DEFINITIONAL_REPRESENTATION('',(#2075),#2078);
#2075 = B_SPLINE_CURVE_WITH_KNOTS('',1,(#2076,#2077),.UNSPECIFIED.,.F.,
  .F.,(2,2),(-4.6000006,5.999999999062E-07),.PIECEWISE_BEZIER_KNOTS.);
#2076 = CARTESIAN_POINT('',(27.456618821786,-4.6000006));
#2077 = CARTESIAN_POINT('',(27.456618821786,5.999999999062E-07));
#2078 = ( GEOMETRIC_REPRESENTATION_CONTEXT(2) 
PARAMETRIC_REPRESENTATION_CONTEXT() REPRESENTATION_CONTEXT('2D SPACE',''
  ) );
#2079 = ORIENTED_EDGE('',*,*,#997,.F.);
#2080 = ORIENTED_EDGE('',*,*,#1926,.F.);
#2081 = ORIENTED_EDGE('',*,*,#2082,.T.);
#2082 = EDGE_CURVE('',#1904,#2083,#2085,.T.);
#2083 = VERTEX_POINT('',#2084);
#2084 = CARTESIAN_POINT('',(-12.54919908732,-5.740871211463,2.4));
#2085 = SURFACE_CURVE('',#2086,(#2091,#2098),.PCURVE_S1.);
#2086 = CIRCLE('',#2087,13.8);
#2087 = AXIS2_PLACEMENT_3D('',#2088,#2089,#2090);
#2088 = CARTESIAN_POINT('',(-1.7763568394E-15,1.7763568394E-15,2.4));
#2089 = DIRECTION('',(0.,-0.,-1.));
#2090 = DIRECTION('',(0.398550724638,-0.917146291434,0.));
#2091 = PCURVE('',#1018,#2092);
#2092 = DEFINITIONAL_REPRESENTATION('',(#2093),#2097);
#2093 = LINE('',#2094,#2095);
#2094 = CARTESIAN_POINT('',(-11.40551038918,0.));
#2095 = VECTOR('',#2096,1.);
#2096 = DIRECTION('',(1.,-0.));
#2097 = ( GEOMETRIC_REPRESENTATION_CONTEXT(2) 
PARAMETRIC_REPRESENTATION_CONTEXT() REPRESENTATION_CONTEXT('2D SPACE',''
  ) );
#2098 = PCURVE('',#1588,#2099);
#2099 = DEFINITIONAL_REPRESENTATION('',(#2100),#2108);
#2100 = ( BOUNDED_CURVE() B_SPLINE_CURVE(2,(#2101,#2102,#2103,#2104,
#2105,#2106,#2107),.UNSPECIFIED.,.T.,.F.) B_SPLINE_CURVE_WITH_KNOTS((1,2
    ,2,2,2,1),(-2.094395102393,0.,2.094395102393,4.188790204786,
6.28318530718,8.377580409573),.UNSPECIFIED.) CURVE() 
GEOMETRIC_REPRESENTATION_ITEM() RATIONAL_B_SPLINE_CURVE((1.,0.5,1.,0.5,
1.,0.5,1.)) REPRESENTATION_ITEM('') );
#2101 = CARTESIAN_POINT('',(5.5,-12.65661882178));
#2102 = CARTESIAN_POINT('',(-16.42190685136,-22.18289826341));
#2103 = CARTESIAN_POINT('',(-13.71095342568,1.565169690079));
#2104 = CARTESIAN_POINT('',(-11.,25.313237643573));
#2105 = CARTESIAN_POINT('',(8.210953425683,11.091449131708));
#2106 = CARTESIAN_POINT('',(27.421906851367,-3.130339380158));
#2107 = CARTESIAN_POINT('',(5.5,-12.65661882178));
#2108 = ( GEOMETRIC_REPRESENTATION_CONTEXT(2) 
PARAMETRIC_REPRESENTATION_CONTEXT() REPRESENTATION_CONTEXT('2D SPACE',''
  ) );
#2109 = ORIENTED_EDGE('',*,*,#2110,.T.);
#2110 = EDGE_CURVE('',#2083,#2111,#2113,.T.);
#2111 = VERTEX_POINT('',#2112);
#2112 = CARTESIAN_POINT('',(-12.99297887322,-4.65,2.4));
#2113 = SURFACE_CURVE('',#2114,(#2135,#2159),.PCURVE_S1.);
#2114 = B_SPLINE_CURVE_WITH_KNOTS('',7,(#2115,#2116,#2117,#2118,#2119,
    #2120,#2121,#2122,#2123,#2124,#2125,#2126,#2127,#2128,#2129,#2130,
    #2131,#2132,#2133,#2134),.UNSPECIFIED.,.F.,.F.,(8,6,6,8),(0.,
    0.244987466917,0.529661679963,1.),.UNSPECIFIED.);
#2115 = CARTESIAN_POINT('',(-12.54919908732,-5.740871211464,2.4));
#2116 = CARTESIAN_POINT('',(-12.55799672401,-5.721640106945,
    2.441957316568));
#2117 = CARTESIAN_POINT('',(-12.56851998338,-5.698545788541,
    2.482401131932));
#2118 = CARTESIAN_POINT('',(-12.58068673818,-5.671703166881,
    2.520902710718));
#2119 = CARTESIAN_POINT('',(-12.59438341367,-5.641277884394,
    2.557047103794));
#2120 = CARTESIAN_POINT('',(-12.60946955195,-5.60748572209,
    2.590435780391));
#2121 = CARTESIAN_POINT('',(-12.62578237631,-5.570592006344,
    2.620689260207));
#2122 = CARTESIAN_POINT('',(-12.66331240274,-5.484801902703,
    2.678545295812));
#2123 = CARTESIAN_POINT('',(-12.68492413571,-5.434865140176,
    2.704968176395));
#2124 = CARTESIAN_POINT('',(-12.70762482525,-5.381749192718,
    2.726017974795));
#2125 = CARTESIAN_POINT('',(-12.73101245604,-5.326243356359,
    2.741163456762));
#2126 = CARTESIAN_POINT('',(-12.75467368744,-5.269228843451,
    2.750052301027));
#2127 = CARTESIAN_POINT('',(-12.77821126235,-5.211633611141,
    2.752519505671));
#2128 = CARTESIAN_POINT('',(-12.83934073008,-5.059814664574,
    2.742109521497));
#2129 = CARTESIAN_POINT('',(-12.87563096804,-4.967332650231,
    2.718253139553));
#2130 = CARTESIAN_POINT('',(-12.90871295459,-4.880683172226,
    2.677879581732));
#2131 = CARTESIAN_POINT('',(-12.93751381946,-4.803289849236,
    2.622805228627));
#2132 = CARTESIAN_POINT('',(-12.96135644351,-4.737977470443,
    2.555714173748));
#2133 = CARTESIAN_POINT('',(-12.97983980914,-4.686713028379,
    2.480098371488));
#2134 = CARTESIAN_POINT('',(-12.99297887322,-4.65,2.4));
#2135 = PCURVE('',#1018,#2136);
#2136 = DEFINITIONAL_REPRESENTATION('',(#2137),#2158);
#2137 = B_SPLINE_CURVE_WITH_KNOTS('',7,(#2138,#2139,#2140,#2141,#2142,
    #2143,#2144,#2145,#2146,#2147,#2148,#2149,#2150,#2151,#2152,#2153,
    #2154,#2155,#2156,#2157),.UNSPECIFIED.,.F.,.F.,(8,6,6,8),(0.,
    0.244987466917,0.529661679963,1.),.UNSPECIFIED.);
#2138 = CARTESIAN_POINT('',(-9.853825830998,4.052314039882E-15));
#2139 = CARTESIAN_POINT('',(-9.852293374274,-4.195731656758E-02));
#2140 = CARTESIAN_POINT('',(-9.850454327972,-8.240113193235E-02));
#2141 = CARTESIAN_POINT('',(-9.848318735935,-0.120902710718));
#2142 = CARTESIAN_POINT('',(-9.845900918985,-0.157047103794));
#2143 = CARTESIAN_POINT('',(-9.84321929213,-0.190435780391));
#2144 = CARTESIAN_POINT('',(-9.840296181767,-0.220689260207));
#2145 = CARTESIAN_POINT('',(-9.83351067639,-0.278545295812));
#2146 = CARTESIAN_POINT('',(-9.829567753675,-0.304968176395));
#2147 = CARTESIAN_POINT('',(-9.825382063971,-0.326017974795));
#2148 = CARTESIAN_POINT('',(-9.821017541696,-0.341163456762));
#2149 = CARTESIAN_POINT('',(-9.816544509027,-0.350052301027));
#2150 = CARTESIAN_POINT('',(-9.812035931628,-0.352519505671));
#2151 = CARTESIAN_POINT('',(-9.80017624374,-0.342109521497));
#2152 = CARTESIAN_POINT('',(-9.792977437151,-0.318253139553));
#2153 = CARTESIAN_POINT('',(-9.78625687716,-0.277879581732));
#2154 = CARTESIAN_POINT('',(-9.78027317559,-0.222805228627));
#2155 = CARTESIAN_POINT('',(-9.775234953268,-0.155714173748));
#2156 = CARTESIAN_POINT('',(-9.771286070794,-8.009837148846E-02));
#2157 = CARTESIAN_POINT('',(-9.768460465616,1.7763568394E-15));
#2158 = ( GEOMETRIC_REPRESENTATION_CONTEXT(2) 
PARAMETRIC_REPRESENTATION_CONTEXT() REPRESENTATION_CONTEXT('2D SPACE',''
  ) );
#2159 = PCURVE('',#2160,#2165);
#2160 = CYLINDRICAL_SURFACE('',#2161,0.6);
#2161 = AXIS2_PLACEMENT_3D('',#2162,#2163,#2164);
#2162 = CARTESIAN_POINT('',(-6.362573584736E-16,-5.195435605732,2.15));
#2163 = DIRECTION('',(1.,-1.224646799147E-16,-0.));
#2164 = DIRECTION('',(-1.224646799147E-16,-1.,0.));
#2165 = DEFINITIONAL_REPRESENTATION('',(#2166),#2187);
#2166 = B_SPLINE_CURVE_WITH_KNOTS('',7,(#2167,#2168,#2169,#2170,#2171,
    #2172,#2173,#2174,#2175,#2176,#2177,#2178,#2179,#2180,#2181,#2182,
    #2183,#2184,#2185,#2186),.UNSPECIFIED.,.F.,.F.,(8,6,6,8),(0.,
    0.244987466917,0.529661679963,1.),.UNSPECIFIED.);
#2167 = CARTESIAN_POINT('',(-0.429775431305,-12.54919908732));
#2168 = CARTESIAN_POINT('',(-0.506699849378,-12.55799672401));
#2169 = CARTESIAN_POINT('',(-0.584013702629,-12.56851998338));
#2170 = CARTESIAN_POINT('',(-0.661732130352,-12.58068673818));
#2171 = CARTESIAN_POINT('',(-0.739887139704,-12.59438341367));
#2172 = CARTESIAN_POINT('',(-0.818523830182,-12.60946955195));
#2173 = CARTESIAN_POINT('',(-0.897696618114,-12.62578237631));
#2174 = CARTESIAN_POINT('',(-1.070156458356,-12.66331240274));
#2175 = CARTESIAN_POINT('',(-1.163781891402,-12.68492413571));
#2176 = CARTESIAN_POINT('',(-1.258095274414,-12.70762482525));
#2177 = CARTESIAN_POINT('',(-1.352926038906,-12.73101245604));
#2178 = CARTESIAN_POINT('',(-1.448143469814,-12.75467368744));
#2179 = CARTESIAN_POINT('',(-1.543629102474,-12.77821126235));
#2180 = CARTESIAN_POINT('',(-1.797254812632,-12.83934073008));
#2181 = CARTESIAN_POINT('',(-1.953750773763,-12.87563096804));
#2182 = CARTESIAN_POINT('',(-2.108871183771,-12.90871295459));
#2183 = CARTESIAN_POINT('',(-2.262618597646,-12.93751381946));
#2184 = CARTESIAN_POINT('',(-2.41479998867,-12.96135644351));
#2185 = CARTESIAN_POINT('',(-2.56496510877,-12.97983980914));
#2186 = CARTESIAN_POINT('',(-2.711817222285,-12.99297887322));
#2187 = ( GEOMETRIC_REPRESENTATION_CONTEXT(2) 
PARAMETRIC_REPRESENTATION_CONTEXT() REPRESENTATION_CONTEXT('2D SPACE',''
  ) );
#2188 = ORIENTED_EDGE('',*,*,#2189,.T.);
#2189 = EDGE_CURVE('',#2111,#2008,#2190,.T.);
#2190 = SURFACE_CURVE('',#2191,(#2196,#2203),.PCURVE_S1.);
#2191 = CIRCLE('',#2192,13.8);
#2192 = AXIS2_PLACEMENT_3D('',#2193,#2194,#2195);
#2193 = CARTESIAN_POINT('',(-1.7763568394E-15,1.7763568394E-15,2.4));
#2194 = DIRECTION('',(0.,-0.,-1.));
#2195 = DIRECTION('',(0.398550724638,-0.917146291434,0.));
#2196 = PCURVE('',#1018,#2197);
#2197 = DEFINITIONAL_REPRESENTATION('',(#2198),#2202);
#2198 = LINE('',#2199,#2200);
#2199 = CARTESIAN_POINT('',(-11.40551038918,0.));
#2200 = VECTOR('',#2201,1.);
#2201 = DIRECTION('',(1.,-0.));
#2202 = ( GEOMETRIC_REPRESENTATION_CONTEXT(2) 
PARAMETRIC_REPRESENTATION_CONTEXT() REPRESENTATION_CONTEXT('2D SPACE',''
  ) );
#2203 = PCURVE('',#1588,#2204);
#2204 = DEFINITIONAL_REPRESENTATION('',(#2205),#2213);
#2205 = ( BOUNDED_CURVE() B_SPLINE_CURVE(2,(#2206,#2207,#2208,#2209,
#2210,#2211,#2212),.UNSPECIFIED.,.T.,.F.) B_SPLINE_CURVE_WITH_KNOTS((1,2
    ,2,2,2,1),(-2.094395102393,0.,2.094395102393,4.188790204786,
6.28318530718,8.377580409573),.UNSPECIFIED.) CURVE() 
GEOMETRIC_REPRESENTATION_ITEM() RATIONAL_B_SPLINE_CURVE((1.,0.5,1.,0.5,
1.,0.5,1.)) REPRESENTATION_ITEM('') );
#2206 = CARTESIAN_POINT('',(5.5,-12.65661882178));
#2207 = CARTESIAN_POINT('',(-16.42190685136,-22.18289826341));
#2208 = CARTESIAN_POINT('',(-13.71095342568,1.565169690079));
#2209 = CARTESIAN_POINT('',(-11.,25.313237643573));
#2210 = CARTESIAN_POINT('',(8.210953425683,11.091449131708));
#2211 = CARTESIAN_POINT('',(27.421906851367,-3.130339380158));
#2212 = CARTESIAN_POINT('',(5.5,-12.65661882178));
#2213 = ( GEOMETRIC_REPRESENTATION_CONTEXT(2) 
PARAMETRIC_REPRESENTATION_CONTEXT() REPRESENTATION_CONTEXT('2D SPACE',''
  ) );
#2214 = ADVANCED_FACE('',(#2215),#1044,.T.);
#2215 = FACE_BOUND('',#2216,.T.);
#2216 = EDGE_LOOP('',(#2217,#2218,#2219,#2240,#2259));
#2217 = ORIENTED_EDGE('',*,*,#1029,.F.);
#2218 = ORIENTED_EDGE('',*,*,#2061,.T.);
#2219 = ORIENTED_EDGE('',*,*,#2220,.T.);
#2220 = EDGE_CURVE('',#2034,#2221,#2223,.T.);
#2221 = VERTEX_POINT('',#2222);
#2222 = CARTESIAN_POINT('',(-5.5,-10.32666451474,4.2));
#2223 = SURFACE_CURVE('',#2224,(#2228,#2234),.PCURVE_S1.);
#2224 = LINE('',#2225,#2226);
#2225 = CARTESIAN_POINT('',(-5.5,7.4,4.2));
#2226 = VECTOR('',#2227,1.);
#2227 = DIRECTION('',(-0.,1.,0.));
#2228 = PCURVE('',#1044,#2229);
#2229 = DEFINITIONAL_REPRESENTATION('',(#2230),#2233);
#2230 = B_SPLINE_CURVE_WITH_KNOTS('',1,(#2231,#2232),.UNSPECIFIED.,.F.,
  .F.,(2,2),(-20.05661882178,5.256618821787),.PIECEWISE_BEZIER_KNOTS.);
#2231 = CARTESIAN_POINT('',(27.456618821787,-1.8));
#2232 = CARTESIAN_POINT('',(2.143381178213,-1.8));
#2233 = ( GEOMETRIC_REPRESENTATION_CONTEXT(2) 
PARAMETRIC_REPRESENTATION_CONTEXT() REPRESENTATION_CONTEXT('2D SPACE',''
  ) );
#2234 = PCURVE('',#2049,#2235);
#2235 = DEFINITIONAL_REPRESENTATION('',(#2236),#2239);
#2236 = B_SPLINE_CURVE_WITH_KNOTS('',1,(#2237,#2238),.UNSPECIFIED.,.F.,
  .F.,(2,2),(-20.05661882178,5.256618821787),.PIECEWISE_BEZIER_KNOTS.);
#2237 = CARTESIAN_POINT('',(-5.5,-12.65661882178));
#2238 = CARTESIAN_POINT('',(-5.5,12.656618821787));
#2239 = ( GEOMETRIC_REPRESENTATION_CONTEXT(2) 
PARAMETRIC_REPRESENTATION_CONTEXT() REPRESENTATION_CONTEXT('2D SPACE',''
  ) );
#2240 = ORIENTED_EDGE('',*,*,#2241,.F.);
#2241 = EDGE_CURVE('',#1954,#2221,#2242,.T.);
#2242 = SURFACE_CURVE('',#2243,(#2247,#2253),.PCURVE_S1.);
#2243 = LINE('',#2244,#2245);
#2244 = CARTESIAN_POINT('',(-5.5,-10.32666451474,2.4));
#2245 = VECTOR('',#2246,1.);
#2246 = DIRECTION('',(-0.,-0.,-1.));
#2247 = PCURVE('',#1044,#2248);
#2248 = DEFINITIONAL_REPRESENTATION('',(#2249),#2252);
#2249 = B_SPLINE_CURVE_WITH_KNOTS('',1,(#2250,#2251),.UNSPECIFIED.,.F.,
  .F.,(2,2),(-3.6000006,-1.7999994),.PIECEWISE_BEZIER_KNOTS.);
#2250 = CARTESIAN_POINT('',(25.12666451474,-3.6000006));
#2251 = CARTESIAN_POINT('',(25.12666451474,-1.7999994));
#2252 = ( GEOMETRIC_REPRESENTATION_CONTEXT(2) 
PARAMETRIC_REPRESENTATION_CONTEXT() REPRESENTATION_CONTEXT('2D SPACE',''
  ) );
#2253 = PCURVE('',#1817,#2254);
#2254 = DEFINITIONAL_REPRESENTATION('',(#2255),#2258);
#2255 = B_SPLINE_CURVE_WITH_KNOTS('',1,(#2256,#2257),.UNSPECIFIED.,.F.,
  .F.,(2,2),(-3.1,-1.8),.PIECEWISE_BEZIER_KNOTS.);
#2256 = CARTESIAN_POINT('',(-4.223001368178,-3.1));
#2257 = CARTESIAN_POINT('',(-4.223001368178,-1.8));
#2258 = ( GEOMETRIC_REPRESENTATION_CONTEXT(2) 
PARAMETRIC_REPRESENTATION_CONTEXT() REPRESENTATION_CONTEXT('2D SPACE',''
  ) );
#2259 = ORIENTED_EDGE('',*,*,#1976,.T.);
#2260 = ADVANCED_FACE('',(#2261),#1160,.T.);
#2261 = FACE_BOUND('',#2262,.T.);
#2262 = EDGE_LOOP('',(#2263,#2293,#2314,#2315));
#2263 = ORIENTED_EDGE('',*,*,#2264,.F.);
#2264 = EDGE_CURVE('',#2265,#2267,#2269,.T.);
#2265 = VERTEX_POINT('',#2266);
#2266 = CARTESIAN_POINT('',(1.,14.3,5.6));
#2267 = VERTEX_POINT('',#2268);
#2268 = CARTESIAN_POINT('',(0.,15.3,5.6));
#2269 = SURFACE_CURVE('',#2270,(#2274,#2281),.PCURVE_S1.);
#2270 = LINE('',#2271,#2272);
#2271 = CARTESIAN_POINT('',(1.,14.3,5.6));
#2272 = VECTOR('',#2273,1.);
#2273 = DIRECTION('',(-0.707106781187,0.707106781187,0.));
#2274 = PCURVE('',#1160,#2275);
#2275 = DEFINITIONAL_REPRESENTATION('',(#2276),#2280);
#2276 = LINE('',#2277,#2278);
#2277 = CARTESIAN_POINT('',(0.,0.));
#2278 = VECTOR('',#2279,1.);
#2279 = DIRECTION('',(1.,0.));
#2280 = ( GEOMETRIC_REPRESENTATION_CONTEXT(2) 
PARAMETRIC_REPRESENTATION_CONTEXT() REPRESENTATION_CONTEXT('2D SPACE',''
  ) );
#2281 = PCURVE('',#2282,#2287);
#2282 = PLANE('',#2283);
#2283 = AXIS2_PLACEMENT_3D('',#2284,#2285,#2286);
#2284 = CARTESIAN_POINT('',(0.,14.592893218813,5.6));
#2285 = DIRECTION('',(0.,0.,1.));
#2286 = DIRECTION('',(1.,0.,-0.));
#2287 = DEFINITIONAL_REPRESENTATION('',(#2288),#2292);
#2288 = LINE('',#2289,#2290);
#2289 = CARTESIAN_POINT('',(1.,-0.292893218813));
#2290 = VECTOR('',#2291,1.);
#2291 = DIRECTION('',(-0.707106781187,0.707106781187));
#2292 = ( GEOMETRIC_REPRESENTATION_CONTEXT(2) 
PARAMETRIC_REPRESENTATION_CONTEXT() REPRESENTATION_CONTEXT('2D SPACE',''
  ) );
#2293 = ORIENTED_EDGE('',*,*,#2294,.T.);
#2294 = EDGE_CURVE('',#2265,#1146,#2295,.T.);
#2295 = SURFACE_CURVE('',#2296,(#2300,#2307),.PCURVE_S1.);
#2296 = LINE('',#2297,#2298);
#2297 = CARTESIAN_POINT('',(1.,14.3,5.6));
#2298 = VECTOR('',#2299,1.);
#2299 = DIRECTION('',(0.,0.,1.));
#2300 = PCURVE('',#1160,#2301);
#2301 = DEFINITIONAL_REPRESENTATION('',(#2302),#2306);
#2302 = LINE('',#2303,#2304);
#2303 = CARTESIAN_POINT('',(0.,0.));
#2304 = VECTOR('',#2305,1.);
#2305 = DIRECTION('',(0.,-1.));
#2306 = ( GEOMETRIC_REPRESENTATION_CONTEXT(2) 
PARAMETRIC_REPRESENTATION_CONTEXT() REPRESENTATION_CONTEXT('2D SPACE',''
  ) );
#2307 = PCURVE('',#1186,#2308);
#2308 = DEFINITIONAL_REPRESENTATION('',(#2309),#2313);
#2309 = LINE('',#2310,#2311);
#2310 = CARTESIAN_POINT('',(2.,0.));
#2311 = VECTOR('',#2312,1.);
#2312 = DIRECTION('',(0.,-1.));
#2313 = ( GEOMETRIC_REPRESENTATION_CONTEXT(2) 
PARAMETRIC_REPRESENTATION_CONTEXT() REPRESENTATION_CONTEXT('2D SPACE',''
  ) );
#2314 = ORIENTED_EDGE('',*,*,#1143,.F.);
#2315 = ORIENTED_EDGE('',*,*,#2316,.F.);
#2316 = EDGE_CURVE('',#2267,#1144,#2317,.T.);
#2317 = SURFACE_CURVE('',#2318,(#2322,#2329),.PCURVE_S1.);
#2318 = LINE('',#2319,#2320);
#2319 = CARTESIAN_POINT('',(0.,15.3,5.6));
#2320 = VECTOR('',#2321,1.);
#2321 = DIRECTION('',(0.,0.,1.));
#2322 = PCURVE('',#1160,#2323);
#2323 = DEFINITIONAL_REPRESENTATION('',(#2324),#2328);
#2324 = LINE('',#2325,#2326);
#2325 = CARTESIAN_POINT('',(1.414213562373,0.));
#2326 = VECTOR('',#2327,1.);
#2327 = DIRECTION('',(0.,-1.));
#2328 = ( GEOMETRIC_REPRESENTATION_CONTEXT(2) 
PARAMETRIC_REPRESENTATION_CONTEXT() REPRESENTATION_CONTEXT('2D SPACE',''
  ) );
#2329 = PCURVE('',#1210,#2330);
#2330 = DEFINITIONAL_REPRESENTATION('',(#2331),#2335);
#2331 = LINE('',#2332,#2333);
#2332 = CARTESIAN_POINT('',(0.,0.));
#2333 = VECTOR('',#2334,1.);
#2334 = DIRECTION('',(0.,-1.));
#2335 = ( GEOMETRIC_REPRESENTATION_CONTEXT(2) 
PARAMETRIC_REPRESENTATION_CONTEXT() REPRESENTATION_CONTEXT('2D SPACE',''
  ) );
#2336 = ADVANCED_FACE('',(#2337),#1210,.T.);
#2337 = FACE_BOUND('',#2338,.T.);
#2338 = EDGE_LOOP('',(#2339,#2362,#2363,#2364));
#2339 = ORIENTED_EDGE('',*,*,#2340,.F.);
#2340 = EDGE_CURVE('',#2267,#2341,#2343,.T.);
#2341 = VERTEX_POINT('',#2342);
#2342 = CARTESIAN_POINT('',(-1.,14.3,5.6));
#2343 = SURFACE_CURVE('',#2344,(#2348,#2355),.PCURVE_S1.);
#2344 = LINE('',#2345,#2346);
#2345 = CARTESIAN_POINT('',(0.,15.3,5.6));
#2346 = VECTOR('',#2347,1.);
#2347 = DIRECTION('',(-0.707106781187,-0.707106781187,0.));
#2348 = PCURVE('',#1210,#2349);
#2349 = DEFINITIONAL_REPRESENTATION('',(#2350),#2354);
#2350 = LINE('',#2351,#2352);
#2351 = CARTESIAN_POINT('',(0.,0.));
#2352 = VECTOR('',#2353,1.);
#2353 = DIRECTION('',(1.,0.));
#2354 = ( GEOMETRIC_REPRESENTATION_CONTEXT(2) 
PARAMETRIC_REPRESENTATION_CONTEXT() REPRESENTATION_CONTEXT('2D SPACE',''
  ) );
#2355 = PCURVE('',#2282,#2356);
#2356 = DEFINITIONAL_REPRESENTATION('',(#2357),#2361);
#2357 = LINE('',#2358,#2359);
#2358 = CARTESIAN_POINT('',(0.,0.707106781187));
#2359 = VECTOR('',#2360,1.);
#2360 = DIRECTION('',(-0.707106781187,-0.707106781187));
#2361 = ( GEOMETRIC_REPRESENTATION_CONTEXT(2) 
PARAMETRIC_REPRESENTATION_CONTEXT() REPRESENTATION_CONTEXT('2D SPACE',''
  ) );
#2362 = ORIENTED_EDGE('',*,*,#2316,.T.);
#2363 = ORIENTED_EDGE('',*,*,#1197,.F.);
#2364 = ORIENTED_EDGE('',*,*,#2365,.F.);
#2365 = EDGE_CURVE('',#2341,#1172,#2366,.T.);
#2366 = SURFACE_CURVE('',#2367,(#2371,#2378),.PCURVE_S1.);
#2367 = LINE('',#2368,#2369);
#2368 = CARTESIAN_POINT('',(-1.,14.3,5.6));
#2369 = VECTOR('',#2370,1.);
#2370 = DIRECTION('',(0.,0.,1.));
#2371 = PCURVE('',#1210,#2372);
#2372 = DEFINITIONAL_REPRESENTATION('',(#2373),#2377);
#2373 = LINE('',#2374,#2375);
#2374 = CARTESIAN_POINT('',(1.414213562373,0.));
#2375 = VECTOR('',#2376,1.);
#2376 = DIRECTION('',(0.,-1.));
#2377 = ( GEOMETRIC_REPRESENTATION_CONTEXT(2) 
PARAMETRIC_REPRESENTATION_CONTEXT() REPRESENTATION_CONTEXT('2D SPACE',''
  ) );
#2378 = PCURVE('',#1186,#2379);
#2379 = DEFINITIONAL_REPRESENTATION('',(#2380),#2384);
#2380 = LINE('',#2381,#2382);
#2381 = CARTESIAN_POINT('',(0.,0.));
#2382 = VECTOR('',#2383,1.);
#2383 = DIRECTION('',(0.,-1.));
#2384 = ( GEOMETRIC_REPRESENTATION_CONTEXT(2) 
PARAMETRIC_REPRESENTATION_CONTEXT() REPRESENTATION_CONTEXT('2D SPACE',''
  ) );
#2385 = ADVANCED_FACE('',(#2386),#1186,.T.);
#2386 = FACE_BOUND('',#2387,.T.);
#2387 = EDGE_LOOP('',(#2388,#2409,#2410,#2411));
#2388 = ORIENTED_EDGE('',*,*,#2389,.F.);
#2389 = EDGE_CURVE('',#2341,#2265,#2390,.T.);
#2390 = SURFACE_CURVE('',#2391,(#2395,#2402),.PCURVE_S1.);
#2391 = LINE('',#2392,#2393);
#2392 = CARTESIAN_POINT('',(-1.,14.3,5.6));
#2393 = VECTOR('',#2394,1.);
#2394 = DIRECTION('',(1.,0.,0.));
#2395 = PCURVE('',#1186,#2396);
#2396 = DEFINITIONAL_REPRESENTATION('',(#2397),#2401);
#2397 = LINE('',#2398,#2399);
#2398 = CARTESIAN_POINT('',(0.,0.));
#2399 = VECTOR('',#2400,1.);
#2400 = DIRECTION('',(1.,0.));
#2401 = ( GEOMETRIC_REPRESENTATION_CONTEXT(2) 
PARAMETRIC_REPRESENTATION_CONTEXT() REPRESENTATION_CONTEXT('2D SPACE',''
  ) );
#2402 = PCURVE('',#2282,#2403);
#2403 = DEFINITIONAL_REPRESENTATION('',(#2404),#2408);
#2404 = LINE('',#2405,#2406);
#2405 = CARTESIAN_POINT('',(-1.,-0.292893218813));
#2406 = VECTOR('',#2407,1.);
#2407 = DIRECTION('',(1.,0.));
#2408 = ( GEOMETRIC_REPRESENTATION_CONTEXT(2) 
PARAMETRIC_REPRESENTATION_CONTEXT() REPRESENTATION_CONTEXT('2D SPACE',''
  ) );
#2409 = ORIENTED_EDGE('',*,*,#2365,.T.);
#2410 = ORIENTED_EDGE('',*,*,#1171,.F.);
#2411 = ORIENTED_EDGE('',*,*,#2294,.F.);
#2412 = ADVANCED_FACE('',(#2413),#1276,.F.);
#2413 = FACE_BOUND('',#2414,.F.);
#2414 = EDGE_LOOP('',(#2415,#2443,#2464,#2465));
#2415 = ORIENTED_EDGE('',*,*,#2416,.F.);
#2416 = EDGE_CURVE('',#2417,#2417,#2419,.T.);
#2417 = VERTEX_POINT('',#2418);
#2418 = CARTESIAN_POINT('',(3.2,-7.837739514543E-16,2.2));
#2419 = SURFACE_CURVE('',#2420,(#2425,#2432),.PCURVE_S1.);
#2420 = CIRCLE('',#2421,3.2);
#2421 = AXIS2_PLACEMENT_3D('',#2422,#2423,#2424);
#2422 = CARTESIAN_POINT('',(0.,0.,2.2));
#2423 = DIRECTION('',(0.,0.,1.));
#2424 = DIRECTION('',(1.,0.,-0.));
#2425 = PCURVE('',#1276,#2426);
#2426 = DEFINITIONAL_REPRESENTATION('',(#2427),#2431);
#2427 = LINE('',#2428,#2429);
#2428 = CARTESIAN_POINT('',(0.,1.5));
#2429 = VECTOR('',#2430,1.);
#2430 = DIRECTION('',(1.,0.));
#2431 = ( GEOMETRIC_REPRESENTATION_CONTEXT(2) 
PARAMETRIC_REPRESENTATION_CONTEXT() REPRESENTATION_CONTEXT('2D SPACE',''
  ) );
#2432 = PCURVE('',#2433,#2438);
#2433 = CYLINDRICAL_SURFACE('',#2434,3.2);
#2434 = AXIS2_PLACEMENT_3D('',#2435,#2436,#2437);
#2435 = CARTESIAN_POINT('',(0.,0.,2.2));
#2436 = DIRECTION('',(0.,0.,1.));
#2437 = DIRECTION('',(1.,0.,-0.));
#2438 = DEFINITIONAL_REPRESENTATION('',(#2439),#2442);
#2439 = B_SPLINE_CURVE_WITH_KNOTS('',1,(#2440,#2441),.UNSPECIFIED.,.F.,
  .F.,(2,2),(0.,6.28318530718),.PIECEWISE_BEZIER_KNOTS.);
#2440 = CARTESIAN_POINT('',(0.,0.));
#2441 = CARTESIAN_POINT('',(6.28318530718,0.));
#2442 = ( GEOMETRIC_REPRESENTATION_CONTEXT(2) 
PARAMETRIC_REPRESENTATION_CONTEXT() REPRESENTATION_CONTEXT('2D SPACE',''
  ) );
#2443 = ORIENTED_EDGE('',*,*,#2444,.F.);
#2444 = EDGE_CURVE('',#1239,#2417,#2445,.T.);
#2445 = SEAM_CURVE('',#2446,(#2450,#2457),.PCURVE_S1.);
#2446 = LINE('',#2447,#2448);
#2447 = CARTESIAN_POINT('',(1.7,-4.163799117101E-16,0.7));
#2448 = VECTOR('',#2449,1.);
#2449 = DIRECTION('',(0.707106781187,-1.731912112471E-16,0.707106781187)
  );
#2450 = PCURVE('',#1276,#2451);
#2451 = DEFINITIONAL_REPRESENTATION('',(#2452),#2456);
#2452 = LINE('',#2453,#2454);
#2453 = CARTESIAN_POINT('',(6.28318530718,-0.));
#2454 = VECTOR('',#2455,1.);
#2455 = DIRECTION('',(0.,1.));
#2456 = ( GEOMETRIC_REPRESENTATION_CONTEXT(2) 
PARAMETRIC_REPRESENTATION_CONTEXT() REPRESENTATION_CONTEXT('2D SPACE',''
  ) );
#2457 = PCURVE('',#1276,#2458);
#2458 = DEFINITIONAL_REPRESENTATION('',(#2459),#2463);
#2459 = LINE('',#2460,#2461);
#2460 = CARTESIAN_POINT('',(0.,-0.));
#2461 = VECTOR('',#2462,1.);
#2462 = DIRECTION('',(0.,1.));
#2463 = ( GEOMETRIC_REPRESENTATION_CONTEXT(2) 
PARAMETRIC_REPRESENTATION_CONTEXT() REPRESENTATION_CONTEXT('2D SPACE',''
  ) );
#2464 = ORIENTED_EDGE('',*,*,#1261,.T.);
#2465 = ORIENTED_EDGE('',*,*,#2444,.T.);
#2466 = ADVANCED_FACE('',(#2467),#1311,.T.);
#2467 = FACE_BOUND('',#2468,.T.);
#2468 = EDGE_LOOP('',(#2469,#2470,#2471));
#2469 = ORIENTED_EDGE('',*,*,#1418,.T.);
#2470 = ORIENTED_EDGE('',*,*,#1293,.T.);
#2471 = ORIENTED_EDGE('',*,*,#1369,.T.);
#2472 = ADVANCED_FACE('',(#2473),#1508,.F.);
#2473 = FACE_BOUND('',#2474,.T.);
#2474 = EDGE_LOOP('',(#2475,#2476,#2504,#2525,#2547,#2548));
#2475 = ORIENTED_EDGE('',*,*,#1493,.T.);
#2476 = ORIENTED_EDGE('',*,*,#2477,.T.);
#2477 = EDGE_CURVE('',#1468,#2478,#2480,.T.);
#2478 = VERTEX_POINT('',#2479);
#2479 = CARTESIAN_POINT('',(10.670051546267,-4.8,4.2));
#2480 = SURFACE_CURVE('',#2481,(#2486,#2493),.PCURVE_S1.);
#2481 = CIRCLE('',#2482,11.7);
#2482 = AXIS2_PLACEMENT_3D('',#2483,#2484,#2485);
#2483 = CARTESIAN_POINT('',(0.,0.,4.2));
#2484 = DIRECTION('',(0.,0.,-1.));
#2485 = DIRECTION('',(0.470085470085,0.882620898696,0.));
#2486 = PCURVE('',#1508,#2487);
#2487 = DEFINITIONAL_REPRESENTATION('',(#2488),#2492);
#2488 = LINE('',#2489,#2490);
#2489 = CARTESIAN_POINT('',(-7.364594021768,-1.8));
#2490 = VECTOR('',#2491,1.);
#2491 = DIRECTION('',(1.,-0.));
#2492 = ( GEOMETRIC_REPRESENTATION_CONTEXT(2) 
PARAMETRIC_REPRESENTATION_CONTEXT() REPRESENTATION_CONTEXT('2D SPACE',''
  ) );
#2493 = PCURVE('',#1482,#2494);
#2494 = DEFINITIONAL_REPRESENTATION('',(#2495),#2503);
#2495 = ( BOUNDED_CURVE() B_SPLINE_CURVE(2,(#2496,#2497,#2498,#2499,
#2500,#2501,#2502),.UNSPECIFIED.,.T.,.F.) B_SPLINE_CURVE_WITH_KNOTS((1,2
    ,2,2,2,1),(-2.094395102393,0.,2.094395102393,4.188790204786,
6.28318530718,8.377580409573),.UNSPECIFIED.) CURVE() 
GEOMETRIC_REPRESENTATION_ITEM() RATIONAL_B_SPLINE_CURVE((1.,0.5,1.,0.5,
1.,0.5,1.)) REPRESENTATION_ITEM('') );
#2496 = CARTESIAN_POINT('',(5.5,10.32666451474));
#2497 = CARTESIAN_POINT('',(23.386307612249,0.800385073112));
#2498 = CARTESIAN_POINT('',(6.193153806125,-9.926471978185));
#2499 = CARTESIAN_POINT('',(-11.,-20.65332902948));
#2500 = CARTESIAN_POINT('',(-11.69315380612,-0.400192536556));
#2501 = CARTESIAN_POINT('',(-12.38630761224,19.852943956369));
#2502 = CARTESIAN_POINT('',(5.5,10.32666451474));
#2503 = ( GEOMETRIC_REPRESENTATION_CONTEXT(2) 
PARAMETRIC_REPRESENTATION_CONTEXT() REPRESENTATION_CONTEXT('2D SPACE',''
  ) );
#2504 = ORIENTED_EDGE('',*,*,#2505,.T.);
#2505 = EDGE_CURVE('',#2478,#2506,#2508,.T.);
#2506 = VERTEX_POINT('',#2507);
#2507 = CARTESIAN_POINT('',(10.670051546267,-4.8,2.4));
#2508 = SURFACE_CURVE('',#2509,(#2513,#2519),.PCURVE_S1.);
#2509 = LINE('',#2510,#2511);
#2510 = CARTESIAN_POINT('',(10.670051546267,-4.8,2.4));
#2511 = VECTOR('',#2512,1.);
#2512 = DIRECTION('',(-0.,-0.,-1.));
#2513 = PCURVE('',#1508,#2514);
#2514 = DEFINITIONAL_REPRESENTATION('',(#2515),#2518);
#2515 = B_SPLINE_CURVE_WITH_KNOTS('',1,(#2516,#2517),.UNSPECIFIED.,.F.,
  .F.,(2,2),(-1.8000006,5.999999999062E-07),.PIECEWISE_BEZIER_KNOTS.);
#2516 = CARTESIAN_POINT('',(-5.860450101989,-1.8000006));
#2517 = CARTESIAN_POINT('',(-5.860450101989,5.999999999062E-07));
#2518 = ( GEOMETRIC_REPRESENTATION_CONTEXT(2) 
PARAMETRIC_REPRESENTATION_CONTEXT() REPRESENTATION_CONTEXT('2D SPACE',''
  ) );
#2519 = PCURVE('',#1708,#2520);
#2520 = DEFINITIONAL_REPRESENTATION('',(#2521),#2524);
#2521 = B_SPLINE_CURVE_WITH_KNOTS('',1,(#2522,#2523),.UNSPECIFIED.,.F.,
  .F.,(2,2),(-1.8000006,5.999999999062E-07),.PIECEWISE_BEZIER_KNOTS.);
#2522 = CARTESIAN_POINT('',(1.8000006,5.170051546267));
#2523 = CARTESIAN_POINT('',(-5.999999999062E-07,5.170051546267));
#2524 = ( GEOMETRIC_REPRESENTATION_CONTEXT(2) 
PARAMETRIC_REPRESENTATION_CONTEXT() REPRESENTATION_CONTEXT('2D SPACE',''
  ) );
#2525 = ORIENTED_EDGE('',*,*,#2526,.F.);
#2526 = EDGE_CURVE('',#1881,#2506,#2527,.T.);
#2527 = SURFACE_CURVE('',#2528,(#2533,#2540),.PCURVE_S1.);
#2528 = CIRCLE('',#2529,11.7);
#2529 = AXIS2_PLACEMENT_3D('',#2530,#2531,#2532);
#2530 = CARTESIAN_POINT('',(7.033412891139E-14,1.200241107703E-16,2.4));
#2531 = DIRECTION('',(0.,0.,1.));
#2532 = DIRECTION('',(1.,0.,0.));
#2533 = PCURVE('',#1508,#2534);
#2534 = DEFINITIONAL_REPRESENTATION('',(#2535),#2539);
#2535 = LINE('',#2536,#2537);
#2536 = CARTESIAN_POINT('',(-0.,0.));
#2537 = VECTOR('',#2538,1.);
#2538 = DIRECTION('',(-1.,0.));
#2539 = ( GEOMETRIC_REPRESENTATION_CONTEXT(2) 
PARAMETRIC_REPRESENTATION_CONTEXT() REPRESENTATION_CONTEXT('2D SPACE',''
  ) );
#2540 = PCURVE('',#1588,#2541);
#2541 = DEFINITIONAL_REPRESENTATION('',(#2542),#2546);
#2542 = CIRCLE('',#2543,11.7);
#2543 = AXIS2_PLACEMENT_2D('',#2544,#2545);
#2544 = CARTESIAN_POINT('',(7.033412891139E-14,1.200241107703E-16));
#2545 = DIRECTION('',(1.,0.));
#2546 = ( GEOMETRIC_REPRESENTATION_CONTEXT(2) 
PARAMETRIC_REPRESENTATION_CONTEXT() REPRESENTATION_CONTEXT('2D SPACE',''
  ) );
#2547 = ORIENTED_EDGE('',*,*,#1880,.F.);
#2548 = ORIENTED_EDGE('',*,*,#1745,.F.);
#2549 = ADVANCED_FACE('',(#2550),#1482,.F.);
#2550 = FACE_BOUND('',#2551,.F.);
#2551 = EDGE_LOOP('',(#2552,#2573,#2574,#2575));
#2552 = ORIENTED_EDGE('',*,*,#2553,.T.);
#2553 = EDGE_CURVE('',#2478,#1694,#2554,.T.);
#2554 = SURFACE_CURVE('',#2555,(#2559,#2566),.PCURVE_S1.);
#2555 = LINE('',#2556,#2557);
#2556 = CARTESIAN_POINT('',(5.5,-4.8,4.2));
#2557 = VECTOR('',#2558,1.);
#2558 = DIRECTION('',(1.,0.,0.));
#2559 = PCURVE('',#1482,#2560);
#2560 = DEFINITIONAL_REPRESENTATION('',(#2561),#2565);
#2561 = LINE('',#2562,#2563);
#2562 = CARTESIAN_POINT('',(5.5,-4.8));
#2563 = VECTOR('',#2564,1.);
#2564 = DIRECTION('',(1.,0.));
#2565 = ( GEOMETRIC_REPRESENTATION_CONTEXT(2) 
PARAMETRIC_REPRESENTATION_CONTEXT() REPRESENTATION_CONTEXT('2D SPACE',''
  ) );
#2566 = PCURVE('',#1708,#2567);
#2567 = DEFINITIONAL_REPRESENTATION('',(#2568),#2572);
#2568 = LINE('',#2569,#2570);
#2569 = CARTESIAN_POINT('',(1.8,0.));
#2570 = VECTOR('',#2571,1.);
#2571 = DIRECTION('',(0.,1.));
#2572 = ( GEOMETRIC_REPRESENTATION_CONTEXT(2) 
PARAMETRIC_REPRESENTATION_CONTEXT() REPRESENTATION_CONTEXT('2D SPACE',''
  ) );
#2573 = ORIENTED_EDGE('',*,*,#1719,.T.);
#2574 = ORIENTED_EDGE('',*,*,#1467,.T.);
#2575 = ORIENTED_EDGE('',*,*,#2477,.T.);
#2576 = ADVANCED_FACE('',(#2577),#1708,.T.);
#2577 = FACE_BOUND('',#2578,.T.);
#2578 = EDGE_LOOP('',(#2579,#2600,#2601,#2602));
#2579 = ORIENTED_EDGE('',*,*,#2580,.F.);
#2580 = EDGE_CURVE('',#2506,#1666,#2581,.T.);
#2581 = SURFACE_CURVE('',#2582,(#2586,#2593),.PCURVE_S1.);
#2582 = LINE('',#2583,#2584);
#2583 = CARTESIAN_POINT('',(5.5,-4.8,2.4));
#2584 = VECTOR('',#2585,1.);
#2585 = DIRECTION('',(1.,0.,0.));
#2586 = PCURVE('',#1708,#2587);
#2587 = DEFINITIONAL_REPRESENTATION('',(#2588),#2592);
#2588 = LINE('',#2589,#2590);
#2589 = CARTESIAN_POINT('',(0.,0.));
#2590 = VECTOR('',#2591,1.);
#2591 = DIRECTION('',(0.,1.));
#2592 = ( GEOMETRIC_REPRESENTATION_CONTEXT(2) 
PARAMETRIC_REPRESENTATION_CONTEXT() REPRESENTATION_CONTEXT('2D SPACE',''
  ) );
#2593 = PCURVE('',#1588,#2594);
#2594 = DEFINITIONAL_REPRESENTATION('',(#2595),#2599);
#2595 = LINE('',#2596,#2597);
#2596 = CARTESIAN_POINT('',(5.5,-4.8));
#2597 = VECTOR('',#2598,1.);
#2598 = DIRECTION('',(1.,0.));
#2599 = ( GEOMETRIC_REPRESENTATION_CONTEXT(2) 
PARAMETRIC_REPRESENTATION_CONTEXT() REPRESENTATION_CONTEXT('2D SPACE',''
  ) );
#2600 = ORIENTED_EDGE('',*,*,#2505,.F.);
#2601 = ORIENTED_EDGE('',*,*,#2553,.T.);
#2602 = ORIENTED_EDGE('',*,*,#1693,.T.);
#2603 = ADVANCED_FACE('',(#2604,#2802),#1588,.T.);
#2604 = FACE_BOUND('',#2605,.T.);
#2605 = EDGE_LOOP('',(#2606,#2607,#2608,#2609,#2610,#2611,#2633,#2662,
    #2682,#2683,#2684,#2707,#2728,#2729,#2752,#2781));
#2606 = ORIENTED_EDGE('',*,*,#2082,.F.);
#2607 = ORIENTED_EDGE('',*,*,#1903,.T.);
#2608 = ORIENTED_EDGE('',*,*,#2526,.T.);
#2609 = ORIENTED_EDGE('',*,*,#2580,.T.);
#2610 = ORIENTED_EDGE('',*,*,#1665,.F.);
#2611 = ORIENTED_EDGE('',*,*,#2612,.T.);
#2612 = EDGE_CURVE('',#1605,#2613,#2615,.T.);
#2613 = VERTEX_POINT('',#2614);
#2614 = CARTESIAN_POINT('',(10.736270302112,4.65,2.4));
#2615 = SURFACE_CURVE('',#2616,(#2620,#2627),.PCURVE_S1.);
#2616 = LINE('',#2617,#2618);
#2617 = CARTESIAN_POINT('',(0.,4.65,2.4));
#2618 = VECTOR('',#2619,1.);
#2619 = DIRECTION('',(-1.,-0.,-0.));
#2620 = PCURVE('',#1588,#2621);
#2621 = DEFINITIONAL_REPRESENTATION('',(#2622),#2626);
#2622 = LINE('',#2623,#2624);
#2623 = CARTESIAN_POINT('',(0.,4.65));
#2624 = VECTOR('',#2625,1.);
#2625 = DIRECTION('',(-1.,0.));
#2626 = ( GEOMETRIC_REPRESENTATION_CONTEXT(2) 
PARAMETRIC_REPRESENTATION_CONTEXT() REPRESENTATION_CONTEXT('2D SPACE',''
  ) );
#2627 = PCURVE('',#1642,#2628);
#2628 = DEFINITIONAL_REPRESENTATION('',(#2629),#2632);
#2629 = B_SPLINE_CURVE_WITH_KNOTS('',1,(#2630,#2631),.UNSPECIFIED.,.F.,
  .F.,(2,2),(-14.8000006,6.E-07),.PIECEWISE_BEZIER_KNOTS.);
#2630 = CARTESIAN_POINT('',(-2.711817222285,-14.8000006));
#2631 = CARTESIAN_POINT('',(-2.711817222285,6.E-07));
#2632 = ( GEOMETRIC_REPRESENTATION_CONTEXT(2) 
PARAMETRIC_REPRESENTATION_CONTEXT() REPRESENTATION_CONTEXT('2D SPACE',''
  ) );
#2633 = ORIENTED_EDGE('',*,*,#2634,.T.);
#2634 = EDGE_CURVE('',#2613,#2635,#2637,.T.);
#2635 = VERTEX_POINT('',#2636);
#2636 = CARTESIAN_POINT('',(10.194724014577,5.740871211464,2.4));
#2637 = SURFACE_CURVE('',#2638,(#2643,#2650),.PCURVE_S1.);
#2638 = CIRCLE('',#2639,11.7);
#2639 = AXIS2_PLACEMENT_3D('',#2640,#2641,#2642);
#2640 = CARTESIAN_POINT('',(7.033412891139E-14,1.200241107703E-16,2.4));
#2641 = DIRECTION('',(0.,0.,1.));
#2642 = DIRECTION('',(1.,0.,0.));
#2643 = PCURVE('',#1588,#2644);
#2644 = DEFINITIONAL_REPRESENTATION('',(#2645),#2649);
#2645 = CIRCLE('',#2646,11.7);
#2646 = AXIS2_PLACEMENT_2D('',#2647,#2648);
#2647 = CARTESIAN_POINT('',(7.033412891139E-14,1.200241107703E-16));
#2648 = DIRECTION('',(1.,0.));
#2649 = ( GEOMETRIC_REPRESENTATION_CONTEXT(2) 
PARAMETRIC_REPRESENTATION_CONTEXT() REPRESENTATION_CONTEXT('2D SPACE',''
  ) );
#2650 = PCURVE('',#2651,#2656);
#2651 = CYLINDRICAL_SURFACE('',#2652,11.7);
#2652 = AXIS2_PLACEMENT_3D('',#2653,#2654,#2655);
#2653 = CARTESIAN_POINT('',(7.033412891139E-14,1.200241107703E-16,2.4));
#2654 = DIRECTION('',(-0.,-0.,-1.));
#2655 = DIRECTION('',(1.,0.,0.));
#2656 = DEFINITIONAL_REPRESENTATION('',(#2657),#2661);
#2657 = LINE('',#2658,#2659);
#2658 = CARTESIAN_POINT('',(-0.,0.));
#2659 = VECTOR('',#2660,1.);
#2660 = DIRECTION('',(-1.,0.));
#2661 = ( GEOMETRIC_REPRESENTATION_CONTEXT(2) 
PARAMETRIC_REPRESENTATION_CONTEXT() REPRESENTATION_CONTEXT('2D SPACE',''
  ) );
#2662 = ORIENTED_EDGE('',*,*,#2663,.F.);
#2663 = EDGE_CURVE('',#1572,#2635,#2664,.T.);
#2664 = SURFACE_CURVE('',#2665,(#2669,#2676),.PCURVE_S1.);
#2665 = LINE('',#2666,#2667);
#2666 = CARTESIAN_POINT('',(0.,5.740871211464,2.4));
#2667 = VECTOR('',#2668,1.);
#2668 = DIRECTION('',(-1.,-0.,-0.));
#2669 = PCURVE('',#1588,#2670);
#2670 = DEFINITIONAL_REPRESENTATION('',(#2671),#2675);
#2671 = LINE('',#2672,#2673);
#2672 = CARTESIAN_POINT('',(0.,5.740871211464));
#2673 = VECTOR('',#2674,1.);
#2674 = DIRECTION('',(-1.,0.));
#2675 = ( GEOMETRIC_REPRESENTATION_CONTEXT(2) 
PARAMETRIC_REPRESENTATION_CONTEXT() REPRESENTATION_CONTEXT('2D SPACE',''
  ) );
#2676 = PCURVE('',#1642,#2677);
#2677 = DEFINITIONAL_REPRESENTATION('',(#2678),#2681);
#2678 = B_SPLINE_CURVE_WITH_KNOTS('',1,(#2679,#2680),.UNSPECIFIED.,.F.,
  .F.,(2,2),(-14.8000006,6.E-07),.PIECEWISE_BEZIER_KNOTS.);
#2679 = CARTESIAN_POINT('',(-0.429775431305,-14.8000006));
#2680 = CARTESIAN_POINT('',(-0.429775431305,6.E-07));
#2681 = ( GEOMETRIC_REPRESENTATION_CONTEXT(2) 
PARAMETRIC_REPRESENTATION_CONTEXT() REPRESENTATION_CONTEXT('2D SPACE',''
  ) );
#2682 = ORIENTED_EDGE('',*,*,#1571,.F.);
#2683 = ORIENTED_EDGE('',*,*,#1829,.T.);
#2684 = ORIENTED_EDGE('',*,*,#2685,.T.);
#2685 = EDGE_CURVE('',#1802,#2686,#2688,.T.);
#2686 = VERTEX_POINT('',#2687);
#2687 = CARTESIAN_POINT('',(-10.67005154626,4.8,2.4));
#2688 = SURFACE_CURVE('',#2689,(#2694,#2701),.PCURVE_S1.);
#2689 = CIRCLE('',#2690,11.7);
#2690 = AXIS2_PLACEMENT_3D('',#2691,#2692,#2693);
#2691 = CARTESIAN_POINT('',(-7.033412891139E-14,-1.200241107703E-16,2.4)
  );
#2692 = DIRECTION('',(0.,0.,1.));
#2693 = DIRECTION('',(-1.,1.224646799147E-16,0.));
#2694 = PCURVE('',#1588,#2695);
#2695 = DEFINITIONAL_REPRESENTATION('',(#2696),#2700);
#2696 = CIRCLE('',#2697,11.7);
#2697 = AXIS2_PLACEMENT_2D('',#2698,#2699);
#2698 = CARTESIAN_POINT('',(-7.033412891139E-14,-1.200241107703E-16));
#2699 = DIRECTION('',(-1.,1.224646799147E-16));
#2700 = ( GEOMETRIC_REPRESENTATION_CONTEXT(2) 
PARAMETRIC_REPRESENTATION_CONTEXT() REPRESENTATION_CONTEXT('2D SPACE',''
  ) );
#2701 = PCURVE('',#1817,#2702);
#2702 = DEFINITIONAL_REPRESENTATION('',(#2703),#2706);
#2703 = B_SPLINE_CURVE_WITH_KNOTS('',1,(#2704,#2705),.UNSPECIFIED.,.F.,
  .F.,(2,2),(5.201776592591,5.860450101989),.PIECEWISE_BEZIER_KNOTS.);
#2704 = CARTESIAN_POINT('',(-2.060183939001,0.));
#2705 = CARTESIAN_POINT('',(-2.718857448399,0.));
#2706 = ( GEOMETRIC_REPRESENTATION_CONTEXT(2) 
PARAMETRIC_REPRESENTATION_CONTEXT() REPRESENTATION_CONTEXT('2D SPACE',''
  ) );
#2707 = ORIENTED_EDGE('',*,*,#2708,.T.);
#2708 = EDGE_CURVE('',#2686,#2008,#2709,.T.);
#2709 = SURFACE_CURVE('',#2710,(#2714,#2721),.PCURVE_S1.);
#2710 = LINE('',#2711,#2712);
#2711 = CARTESIAN_POINT('',(-5.5,4.8,2.4));
#2712 = VECTOR('',#2713,1.);
#2713 = DIRECTION('',(-1.,1.224646799147E-16,0.));
#2714 = PCURVE('',#1588,#2715);
#2715 = DEFINITIONAL_REPRESENTATION('',(#2716),#2720);
#2716 = LINE('',#2717,#2718);
#2717 = CARTESIAN_POINT('',(-5.5,4.8));
#2718 = VECTOR('',#2719,1.);
#2719 = DIRECTION('',(-1.,1.224646799147E-16));
#2720 = ( GEOMETRIC_REPRESENTATION_CONTEXT(2) 
PARAMETRIC_REPRESENTATION_CONTEXT() REPRESENTATION_CONTEXT('2D SPACE',''
  ) );
#2721 = PCURVE('',#2022,#2722);
#2722 = DEFINITIONAL_REPRESENTATION('',(#2723),#2727);
#2723 = LINE('',#2724,#2725);
#2724 = CARTESIAN_POINT('',(0.,0.));
#2725 = VECTOR('',#2726,1.);
#2726 = DIRECTION('',(0.,1.));
#2727 = ( GEOMETRIC_REPRESENTATION_CONTEXT(2) 
PARAMETRIC_REPRESENTATION_CONTEXT() REPRESENTATION_CONTEXT('2D SPACE',''
  ) );
#2728 = ORIENTED_EDGE('',*,*,#2189,.F.);
#2729 = ORIENTED_EDGE('',*,*,#2730,.T.);
#2730 = EDGE_CURVE('',#2111,#2731,#2733,.T.);
#2731 = VERTEX_POINT('',#2732);
#2732 = CARTESIAN_POINT('',(-10.73627030211,-4.65,2.4));
#2733 = SURFACE_CURVE('',#2734,(#2738,#2745),.PCURVE_S1.);
#2734 = LINE('',#2735,#2736);
#2735 = CARTESIAN_POINT('',(-5.694607616035E-16,-4.65,2.4));
#2736 = VECTOR('',#2737,1.);
#2737 = DIRECTION('',(1.,-1.224646799147E-16,-0.));
#2738 = PCURVE('',#1588,#2739);
#2739 = DEFINITIONAL_REPRESENTATION('',(#2740),#2744);
#2740 = LINE('',#2741,#2742);
#2741 = CARTESIAN_POINT('',(-5.694607616035E-16,-4.65));
#2742 = VECTOR('',#2743,1.);
#2743 = DIRECTION('',(1.,-1.224646799147E-16));
#2744 = ( GEOMETRIC_REPRESENTATION_CONTEXT(2) 
PARAMETRIC_REPRESENTATION_CONTEXT() REPRESENTATION_CONTEXT('2D SPACE',''
  ) );
#2745 = PCURVE('',#2160,#2746);
#2746 = DEFINITIONAL_REPRESENTATION('',(#2747),#2751);
#2747 = LINE('',#2748,#2749);
#2748 = CARTESIAN_POINT('',(-2.711817222285,0.));
#2749 = VECTOR('',#2750,1.);
#2750 = DIRECTION('',(-0.,1.));
#2751 = ( GEOMETRIC_REPRESENTATION_CONTEXT(2) 
PARAMETRIC_REPRESENTATION_CONTEXT() REPRESENTATION_CONTEXT('2D SPACE',''
  ) );
#2752 = ORIENTED_EDGE('',*,*,#2753,.T.);
#2753 = EDGE_CURVE('',#2731,#2754,#2756,.T.);
#2754 = VERTEX_POINT('',#2755);
#2755 = CARTESIAN_POINT('',(-10.19472401457,-5.740871211464,2.4));
#2756 = SURFACE_CURVE('',#2757,(#2762,#2769),.PCURVE_S1.);
#2757 = CIRCLE('',#2758,11.7);
#2758 = AXIS2_PLACEMENT_3D('',#2759,#2760,#2761);
#2759 = CARTESIAN_POINT('',(-7.033412891139E-14,-1.200241107703E-16,2.4)
  );
#2760 = DIRECTION('',(0.,0.,1.));
#2761 = DIRECTION('',(-1.,1.224646799147E-16,0.));
#2762 = PCURVE('',#1588,#2763);
#2763 = DEFINITIONAL_REPRESENTATION('',(#2764),#2768);
#2764 = CIRCLE('',#2765,11.7);
#2765 = AXIS2_PLACEMENT_2D('',#2766,#2767);
#2766 = CARTESIAN_POINT('',(-7.033412891139E-14,-1.200241107703E-16));
#2767 = DIRECTION('',(-1.,1.224646799147E-16));
#2768 = ( GEOMETRIC_REPRESENTATION_CONTEXT(2) 
PARAMETRIC_REPRESENTATION_CONTEXT() REPRESENTATION_CONTEXT('2D SPACE',''
  ) );
#2769 = PCURVE('',#2770,#2775);
#2770 = CYLINDRICAL_SURFACE('',#2771,11.7);
#2771 = AXIS2_PLACEMENT_3D('',#2772,#2773,#2774);
#2772 = CARTESIAN_POINT('',(-7.033412891139E-14,-1.200241107703E-16,2.4)
  );
#2773 = DIRECTION('',(0.,0.,-1.));
#2774 = DIRECTION('',(-1.,1.224646799147E-16,0.));
#2775 = DEFINITIONAL_REPRESENTATION('',(#2776),#2780);
#2776 = LINE('',#2777,#2778);
#2777 = CARTESIAN_POINT('',(-0.,0.));
#2778 = VECTOR('',#2779,1.);
#2779 = DIRECTION('',(-1.,0.));
#2780 = ( GEOMETRIC_REPRESENTATION_CONTEXT(2) 
PARAMETRIC_REPRESENTATION_CONTEXT() REPRESENTATION_CONTEXT('2D SPACE',''
  ) );
#2781 = ORIENTED_EDGE('',*,*,#2782,.F.);
#2782 = EDGE_CURVE('',#2083,#2754,#2783,.T.);
#2783 = SURFACE_CURVE('',#2784,(#2788,#2795),.PCURVE_S1.);
#2784 = LINE('',#2785,#2786);
#2785 = CARTESIAN_POINT('',(-7.030539553436E-16,-5.740871211464,2.4));
#2786 = VECTOR('',#2787,1.);
#2787 = DIRECTION('',(1.,-1.224646799147E-16,-0.));
#2788 = PCURVE('',#1588,#2789);
#2789 = DEFINITIONAL_REPRESENTATION('',(#2790),#2794);
#2790 = LINE('',#2791,#2792);
#2791 = CARTESIAN_POINT('',(-7.030539553436E-16,-5.740871211464));
#2792 = VECTOR('',#2793,1.);
#2793 = DIRECTION('',(1.,-1.224646799147E-16));
#2794 = ( GEOMETRIC_REPRESENTATION_CONTEXT(2) 
PARAMETRIC_REPRESENTATION_CONTEXT() REPRESENTATION_CONTEXT('2D SPACE',''
  ) );
#2795 = PCURVE('',#2160,#2796);
#2796 = DEFINITIONAL_REPRESENTATION('',(#2797),#2801);
#2797 = LINE('',#2798,#2799);
#2798 = CARTESIAN_POINT('',(-0.429775431305,0.));
#2799 = VECTOR('',#2800,1.);
#2800 = DIRECTION('',(-0.,1.));
#2801 = ( GEOMETRIC_REPRESENTATION_CONTEXT(2) 
PARAMETRIC_REPRESENTATION_CONTEXT() REPRESENTATION_CONTEXT('2D SPACE',''
  ) );
#2802 = FACE_BOUND('',#2803,.T.);
#2803 = EDGE_LOOP('',(#2804));
#2804 = ORIENTED_EDGE('',*,*,#2805,.F.);
#2805 = EDGE_CURVE('',#2806,#2806,#2808,.T.);
#2806 = VERTEX_POINT('',#2807);
#2807 = CARTESIAN_POINT('',(3.2,-7.837739514543E-16,2.4));
#2808 = SURFACE_CURVE('',#2809,(#2814,#2821),.PCURVE_S1.);
#2809 = CIRCLE('',#2810,3.2);
#2810 = AXIS2_PLACEMENT_3D('',#2811,#2812,#2813);
#2811 = CARTESIAN_POINT('',(0.,0.,2.4));
#2812 = DIRECTION('',(0.,0.,1.));
#2813 = DIRECTION('',(1.,0.,-0.));
#2814 = PCURVE('',#1588,#2815);
#2815 = DEFINITIONAL_REPRESENTATION('',(#2816),#2820);
#2816 = CIRCLE('',#2817,3.2);
#2817 = AXIS2_PLACEMENT_2D('',#2818,#2819);
#2818 = CARTESIAN_POINT('',(0.,0.));
#2819 = DIRECTION('',(1.,0.));
#2820 = ( GEOMETRIC_REPRESENTATION_CONTEXT(2) 
PARAMETRIC_REPRESENTATION_CONTEXT() REPRESENTATION_CONTEXT('2D SPACE',''
  ) );
#2821 = PCURVE('',#2433,#2822);
#2822 = DEFINITIONAL_REPRESENTATION('',(#2823),#2827);
#2823 = LINE('',#2824,#2825);
#2824 = CARTESIAN_POINT('',(0.,0.2));
#2825 = VECTOR('',#2826,1.);
#2826 = DIRECTION('',(1.,0.));
#2827 = ( GEOMETRIC_REPRESENTATION_CONTEXT(2) 
PARAMETRIC_REPRESENTATION_CONTEXT() REPRESENTATION_CONTEXT('2D SPACE',''
  ) );
#2828 = ADVANCED_FACE('',(#2829),#1642,.T.);
#2829 = FACE_BOUND('',#2830,.F.);
#2830 = EDGE_LOOP('',(#2831,#2832,#2833,#2834));
#2831 = ORIENTED_EDGE('',*,*,#2663,.F.);
#2832 = ORIENTED_EDGE('',*,*,#1604,.T.);
#2833 = ORIENTED_EDGE('',*,*,#2612,.T.);
#2834 = ORIENTED_EDGE('',*,*,#2835,.F.);
#2835 = EDGE_CURVE('',#2635,#2613,#2836,.T.);
#2836 = SURFACE_CURVE('',#2837,(#2855,#2876),.PCURVE_S1.);
#2837 = B_SPLINE_CURVE_WITH_KNOTS('',6,(#2838,#2839,#2840,#2841,#2842,
    #2843,#2844,#2845,#2846,#2847,#2848,#2849,#2850,#2851,#2852,#2853,
    #2854),.UNSPECIFIED.,.F.,.F.,(7,5,5,7),(0.,0.380529136227,
    0.732100043246,1.),.UNSPECIFIED.);
#2838 = CARTESIAN_POINT('',(10.194723859713,5.740871486473,2.3999994));
#2839 = CARTESIAN_POINT('',(10.214468005203,5.705809543075,
    2.476495751502));
#2840 = CARTESIAN_POINT('',(10.241418392808,5.657611321286,
    2.547663116853));
#2841 = CARTESIAN_POINT('',(10.274808386212,5.597171729246,
    2.610596627789));
#2842 = CARTESIAN_POINT('',(10.31325865894,5.526217909293,2.662656865545
    ));
#2843 = CARTESIAN_POINT('',(10.355083203013,5.447132172753,
    2.701684244395));
#2844 = CARTESIAN_POINT('',(10.438728349231,5.284943732375,
    2.748804342177));
#2845 = CARTESIAN_POINT('',(10.480267336544,5.202681319501,
    2.759002462614));
#2846 = CARTESIAN_POINT('',(10.521506429901,5.118947697768,
    2.755466205885));
#2847 = CARTESIAN_POINT('',(10.560824219881,5.036969880517,
    2.738064802295));
#2848 = CARTESIAN_POINT('',(10.59697668299,4.959838003067,2.707740934834
    ));
#2849 = CARTESIAN_POINT('',(10.653580555144,4.836801813162,
    2.634977534962));
#2850 = CARTESIAN_POINT('',(10.675686313655,4.787910193044,
    2.597183772217));
#2851 = CARTESIAN_POINT('',(10.695151072013,4.744181820188,
    2.553831363271));
#2852 = CARTESIAN_POINT('',(10.711797467913,4.706315698211,
    2.505819990108));
#2853 = CARTESIAN_POINT('',(10.725516019112,4.674830300494,
    2.454173477293));
#2854 = CARTESIAN_POINT('',(10.736270421221,4.649999724991,2.3999994));
#2855 = PCURVE('',#1642,#2856);
#2856 = DEFINITIONAL_REPRESENTATION('',(#2857),#2875);
#2857 = B_SPLINE_CURVE_WITH_KNOTS('',6,(#2858,#2859,#2860,#2861,#2862,
    #2863,#2864,#2865,#2866,#2867,#2868,#2869,#2870,#2871,#2872,#2873,
    #2874),.UNSPECIFIED.,.F.,.F.,(7,5,5,7),(0.,0.380529136227,
    0.732100043246,1.),.UNSPECIFIED.);
#2858 = CARTESIAN_POINT('',(-0.429774331267,-10.19472385971));
#2859 = CARTESIAN_POINT('',(-0.570022441454,-10.2144680052));
#2860 = CARTESIAN_POINT('',(-0.711318359467,-10.2414183928));
#2861 = CARTESIAN_POINT('',(-0.853609454481,-10.27480838621));
#2862 = CARTESIAN_POINT('',(-0.997017693424,-10.31325865894));
#2863 = CARTESIAN_POINT('',(-1.141740277157,-10.35508320301));
#2864 = CARTESIAN_POINT('',(-1.423231316127,-10.43872834923));
#2865 = CARTESIAN_POINT('',(-1.559631498872,-10.48026733654));
#2866 = CARTESIAN_POINT('',(-1.696457941654,-10.5215064299));
#2867 = CARTESIAN_POINT('',(-1.833283869477,-10.56082421988));
#2868 = CARTESIAN_POINT('',(-1.969659616214,-10.59697668299));
#2869 = CARTESIAN_POINT('',(-2.207896288846,-10.65358055514));
#2870 = CARTESIAN_POINT('',(-2.310099009426,-10.67568631365));
#2871 = CARTESIAN_POINT('',(-2.411579517596,-10.69515107201));
#2872 = CARTESIAN_POINT('',(-2.512381433724,-10.71179746791));
#2873 = CARTESIAN_POINT('',(-2.612495781937,-10.72551601911));
#2874 = CARTESIAN_POINT('',(-2.711818322323,-10.73627042122));
#2875 = ( GEOMETRIC_REPRESENTATION_CONTEXT(2) 
PARAMETRIC_REPRESENTATION_CONTEXT() REPRESENTATION_CONTEXT('2D SPACE',''
  ) );
#2876 = PCURVE('',#2651,#2877);
#2877 = DEFINITIONAL_REPRESENTATION('',(#2878),#2896);
#2878 = B_SPLINE_CURVE_WITH_KNOTS('',6,(#2879,#2880,#2881,#2882,#2883,
    #2884,#2885,#2886,#2887,#2888,#2889,#2890,#2891,#2892,#2893,#2894,
    #2895),.UNSPECIFIED.,.F.,.F.,(7,5,5,7),(0.,0.380529136227,
    0.732100043246,1.),.UNSPECIFIED.);
#2879 = CARTESIAN_POINT('',(-0.512861698979,6.000000000173E-07));
#2880 = CARTESIAN_POINT('',(-0.509422474545,-7.649575150244E-02));
#2881 = CARTESIAN_POINT('',(-0.504702729931,-0.147663116853));
#2882 = CARTESIAN_POINT('',(-0.498801167253,-0.210596627789));
#2883 = CARTESIAN_POINT('',(-0.491904001126,-0.262656865545));
#2884 = CARTESIAN_POINT('',(-0.484257896432,-0.301684244395));
#2885 = CARTESIAN_POINT('',(-0.468660694579,-0.348804342177));
#2886 = CARTESIAN_POINT('',(-0.460784458414,-0.359002462614));
#2887 = CARTESIAN_POINT('',(-0.452807492029,-0.355466205885));
#2888 = CARTESIAN_POINT('',(-0.445037157363,-0.338064802295));
#2889 = CARTESIAN_POINT('',(-0.437756645555,-0.307740934834));
#2890 = CARTESIAN_POINT('',(-0.426181237038,-0.234977534962));
#2891 = CARTESIAN_POINT('',(-0.421595282454,-0.197183772217));
#2892 = CARTESIAN_POINT('',(-0.41750435272,-0.153831363271));
#2893 = CARTESIAN_POINT('',(-0.413969032544,-0.105819990108));
#2894 = CARTESIAN_POINT('',(-0.411033632232,-5.417347729277E-02));
#2895 = CARTESIAN_POINT('',(-0.408720857448,6.000000000173E-07));
#2896 = ( GEOMETRIC_REPRESENTATION_CONTEXT(2) 
PARAMETRIC_REPRESENTATION_CONTEXT() REPRESENTATION_CONTEXT('2D SPACE',''
  ) );
#2897 = ADVANCED_FACE('',(#2898),#1817,.F.);
#2898 = FACE_BOUND('',#2899,.T.);
#2899 = EDGE_LOOP('',(#2900,#2901,#2902,#2929,#2949,#2950));
#2900 = ORIENTED_EDGE('',*,*,#1953,.T.);
#2901 = ORIENTED_EDGE('',*,*,#2241,.T.);
#2902 = ORIENTED_EDGE('',*,*,#2903,.T.);
#2903 = EDGE_CURVE('',#2221,#2904,#2906,.T.);
#2904 = VERTEX_POINT('',#2905);
#2905 = CARTESIAN_POINT('',(-10.67005154626,4.8,4.2));
#2906 = SURFACE_CURVE('',#2907,(#2912,#2918),.PCURVE_S1.);
#2907 = CIRCLE('',#2908,11.7);
#2908 = AXIS2_PLACEMENT_3D('',#2909,#2910,#2911);
#2909 = CARTESIAN_POINT('',(0.,0.,4.2));
#2910 = DIRECTION('',(0.,0.,-1.));
#2911 = DIRECTION('',(1.,0.,0.));
#2912 = PCURVE('',#1817,#2913);
#2913 = DEFINITIONAL_REPRESENTATION('',(#2914),#2917);
#2914 = B_SPLINE_CURVE_WITH_KNOTS('',1,(#2915,#2916),.UNSPECIFIED.,.F.,
  .F.,(2,2),(2.060183939001,3.56432785878),.PIECEWISE_BEZIER_KNOTS.);
#2915 = CARTESIAN_POINT('',(-4.223001368178,-1.8));
#2916 = CARTESIAN_POINT('',(-2.718857448399,-1.8));
#2917 = ( GEOMETRIC_REPRESENTATION_CONTEXT(2) 
PARAMETRIC_REPRESENTATION_CONTEXT() REPRESENTATION_CONTEXT('2D SPACE',''
  ) );
#2918 = PCURVE('',#2049,#2919);
#2919 = DEFINITIONAL_REPRESENTATION('',(#2920),#2928);
#2920 = ( BOUNDED_CURVE() B_SPLINE_CURVE(2,(#2921,#2922,#2923,#2924,
#2925,#2926,#2927),.UNSPECIFIED.,.T.,.F.) B_SPLINE_CURVE_WITH_KNOTS((1,2
    ,2,2,2,1),(-2.094395102393,0.,2.094395102393,4.188790204786,
6.28318530718,8.377580409573),.UNSPECIFIED.) CURVE() 
GEOMETRIC_REPRESENTATION_ITEM() RATIONAL_B_SPLINE_CURVE((1.,0.5,1.,0.5,
1.,0.5,1.)) REPRESENTATION_ITEM('') );
#2921 = CARTESIAN_POINT('',(11.7,-2.293813898064E-16));
#2922 = CARTESIAN_POINT('',(11.7,-20.26499444855));
#2923 = CARTESIAN_POINT('',(-5.85,-10.13249722427));
#2924 = CARTESIAN_POINT('',(-23.4,-3.095054899811E-15));
#2925 = CARTESIAN_POINT('',(-5.85,10.132497224278));
#2926 = CARTESIAN_POINT('',(11.7,20.264994448556));
#2927 = CARTESIAN_POINT('',(11.7,-2.293813898064E-16));
#2928 = ( GEOMETRIC_REPRESENTATION_CONTEXT(2) 
PARAMETRIC_REPRESENTATION_CONTEXT() REPRESENTATION_CONTEXT('2D SPACE',''
  ) );
#2929 = ORIENTED_EDGE('',*,*,#2930,.T.);
#2930 = EDGE_CURVE('',#2904,#2686,#2931,.T.);
#2931 = SURFACE_CURVE('',#2932,(#2936,#2942),.PCURVE_S1.);
#2932 = LINE('',#2933,#2934);
#2933 = CARTESIAN_POINT('',(-10.67005154626,4.8,2.4));
#2934 = VECTOR('',#2935,1.);
#2935 = DIRECTION('',(0.,0.,-1.));
#2936 = PCURVE('',#1817,#2937);
#2937 = DEFINITIONAL_REPRESENTATION('',(#2938),#2941);
#2938 = B_SPLINE_CURVE_WITH_KNOTS('',1,(#2939,#2940),.UNSPECIFIED.,.F.,
  .F.,(2,2),(-1.8,-0.),.PIECEWISE_BEZIER_KNOTS.);
#2939 = CARTESIAN_POINT('',(-2.718857448399,-1.8));
#2940 = CARTESIAN_POINT('',(-2.718857448399,0.));
#2941 = ( GEOMETRIC_REPRESENTATION_CONTEXT(2) 
PARAMETRIC_REPRESENTATION_CONTEXT() REPRESENTATION_CONTEXT('2D SPACE',''
  ) );
#2942 = PCURVE('',#2022,#2943);
#2943 = DEFINITIONAL_REPRESENTATION('',(#2944),#2948);
#2944 = LINE('',#2945,#2946);
#2945 = CARTESIAN_POINT('',(0.,5.170051546267));
#2946 = VECTOR('',#2947,1.);
#2947 = DIRECTION('',(-1.,0.));
#2948 = ( GEOMETRIC_REPRESENTATION_CONTEXT(2) 
PARAMETRIC_REPRESENTATION_CONTEXT() REPRESENTATION_CONTEXT('2D SPACE',''
  ) );
#2949 = ORIENTED_EDGE('',*,*,#2685,.F.);
#2950 = ORIENTED_EDGE('',*,*,#1799,.F.);
#2951 = ADVANCED_FACE('',(#2952),#2022,.T.);
#2952 = FACE_BOUND('',#2953,.T.);
#2953 = EDGE_LOOP('',(#2954,#2955,#2956,#2977));
#2954 = ORIENTED_EDGE('',*,*,#2708,.F.);
#2955 = ORIENTED_EDGE('',*,*,#2930,.F.);
#2956 = ORIENTED_EDGE('',*,*,#2957,.T.);
#2957 = EDGE_CURVE('',#2904,#2006,#2958,.T.);
#2958 = SURFACE_CURVE('',#2959,(#2963,#2970),.PCURVE_S1.);
#2959 = LINE('',#2960,#2961);
#2960 = CARTESIAN_POINT('',(-5.5,4.8,4.2));
#2961 = VECTOR('',#2962,1.);
#2962 = DIRECTION('',(-1.,1.224646799147E-16,0.));
#2963 = PCURVE('',#2022,#2964);
#2964 = DEFINITIONAL_REPRESENTATION('',(#2965),#2969);
#2965 = LINE('',#2966,#2967);
#2966 = CARTESIAN_POINT('',(1.8,0.));
#2967 = VECTOR('',#2968,1.);
#2968 = DIRECTION('',(0.,1.));
#2969 = ( GEOMETRIC_REPRESENTATION_CONTEXT(2) 
PARAMETRIC_REPRESENTATION_CONTEXT() REPRESENTATION_CONTEXT('2D SPACE',''
  ) );
#2970 = PCURVE('',#2049,#2971);
#2971 = DEFINITIONAL_REPRESENTATION('',(#2972),#2976);
#2972 = LINE('',#2973,#2974);
#2973 = CARTESIAN_POINT('',(-5.5,4.8));
#2974 = VECTOR('',#2975,1.);
#2975 = DIRECTION('',(-1.,1.224646799147E-16));
#2976 = ( GEOMETRIC_REPRESENTATION_CONTEXT(2) 
PARAMETRIC_REPRESENTATION_CONTEXT() REPRESENTATION_CONTEXT('2D SPACE',''
  ) );
#2977 = ORIENTED_EDGE('',*,*,#2005,.T.);
#2978 = ADVANCED_FACE('',(#2979),#2160,.T.);
#2979 = FACE_BOUND('',#2980,.F.);
#2980 = EDGE_LOOP('',(#2981,#2982,#2983,#2984));
#2981 = ORIENTED_EDGE('',*,*,#2782,.F.);
#2982 = ORIENTED_EDGE('',*,*,#2110,.T.);
#2983 = ORIENTED_EDGE('',*,*,#2730,.T.);
#2984 = ORIENTED_EDGE('',*,*,#2985,.F.);
#2985 = EDGE_CURVE('',#2754,#2731,#2986,.T.);
#2986 = SURFACE_CURVE('',#2987,(#3005,#3026),.PCURVE_S1.);
#2987 = B_SPLINE_CURVE_WITH_KNOTS('',6,(#2988,#2989,#2990,#2991,#2992,
    #2993,#2994,#2995,#2996,#2997,#2998,#2999,#3000,#3001,#3002,#3003,
    #3004),.UNSPECIFIED.,.F.,.F.,(7,5,5,7),(0.,0.380529136227,
    0.732100043246,1.),.UNSPECIFIED.);
#2988 = CARTESIAN_POINT('',(-10.19472385971,-5.740871486473,2.3999994));
#2989 = CARTESIAN_POINT('',(-10.2144680052,-5.705809543075,
    2.476495751502));
#2990 = CARTESIAN_POINT('',(-10.2414183928,-5.657611321286,
    2.547663116853));
#2991 = CARTESIAN_POINT('',(-10.27480838621,-5.597171729246,
    2.610596627789));
#2992 = CARTESIAN_POINT('',(-10.31325865894,-5.526217909293,
    2.662656865545));
#2993 = CARTESIAN_POINT('',(-10.35508320301,-5.447132172753,
    2.701684244395));
#2994 = CARTESIAN_POINT('',(-10.43872834923,-5.284943732375,
    2.748804342177));
#2995 = CARTESIAN_POINT('',(-10.48026733654,-5.202681319501,
    2.759002462614));
#2996 = CARTESIAN_POINT('',(-10.5215064299,-5.118947697768,
    2.755466205885));
#2997 = CARTESIAN_POINT('',(-10.56082421988,-5.036969880517,
    2.738064802295));
#2998 = CARTESIAN_POINT('',(-10.59697668299,-4.959838003067,
    2.707740934834));
#2999 = CARTESIAN_POINT('',(-10.65358055514,-4.836801813162,
    2.634977534962));
#3000 = CARTESIAN_POINT('',(-10.67568631365,-4.787910193044,
    2.597183772217));
#3001 = CARTESIAN_POINT('',(-10.69515107201,-4.744181820188,
    2.553831363271));
#3002 = CARTESIAN_POINT('',(-10.71179746791,-4.706315698211,
    2.505819990108));
#3003 = CARTESIAN_POINT('',(-10.72551601911,-4.674830300494,
    2.454173477293));
#3004 = CARTESIAN_POINT('',(-10.73627042122,-4.649999724991,2.3999994));
#3005 = PCURVE('',#2160,#3006);
#3006 = DEFINITIONAL_REPRESENTATION('',(#3007),#3025);
#3007 = B_SPLINE_CURVE_WITH_KNOTS('',6,(#3008,#3009,#3010,#3011,#3012,
    #3013,#3014,#3015,#3016,#3017,#3018,#3019,#3020,#3021,#3022,#3023,
    #3024),.UNSPECIFIED.,.F.,.F.,(7,5,5,7),(0.,0.380529136227,
    0.732100043246,1.),.UNSPECIFIED.);
#3008 = CARTESIAN_POINT('',(-0.429774331267,-10.19472385971));
#3009 = CARTESIAN_POINT('',(-0.570022441454,-10.2144680052));
#3010 = CARTESIAN_POINT('',(-0.711318359467,-10.2414183928));
#3011 = CARTESIAN_POINT('',(-0.853609454481,-10.27480838621));
#3012 = CARTESIAN_POINT('',(-0.997017693424,-10.31325865894));
#3013 = CARTESIAN_POINT('',(-1.141740277157,-10.35508320301));
#3014 = CARTESIAN_POINT('',(-1.423231316127,-10.43872834923));
#3015 = CARTESIAN_POINT('',(-1.559631498872,-10.48026733654));
#3016 = CARTESIAN_POINT('',(-1.696457941654,-10.5215064299));
#3017 = CARTESIAN_POINT('',(-1.833283869477,-10.56082421988));
#3018 = CARTESIAN_POINT('',(-1.969659616214,-10.59697668299));
#3019 = CARTESIAN_POINT('',(-2.207896288846,-10.65358055514));
#3020 = CARTESIAN_POINT('',(-2.310099009426,-10.67568631365));
#3021 = CARTESIAN_POINT('',(-2.411579517596,-10.69515107201));
#3022 = CARTESIAN_POINT('',(-2.512381433724,-10.71179746791));
#3023 = CARTESIAN_POINT('',(-2.612495781937,-10.72551601911));
#3024 = CARTESIAN_POINT('',(-2.711818322323,-10.73627042122));
#3025 = ( GEOMETRIC_REPRESENTATION_CONTEXT(2) 
PARAMETRIC_REPRESENTATION_CONTEXT() REPRESENTATION_CONTEXT('2D SPACE',''
  ) );
#3026 = PCURVE('',#2770,#3027);
#3027 = DEFINITIONAL_REPRESENTATION('',(#3028),#3046);
#3028 = B_SPLINE_CURVE_WITH_KNOTS('',6,(#3029,#3030,#3031,#3032,#3033,
    #3034,#3035,#3036,#3037,#3038,#3039,#3040,#3041,#3042,#3043,#3044,
    #3045),.UNSPECIFIED.,.F.,.F.,(7,5,5,7),(0.,0.380529136227,
    0.732100043246,1.),.UNSPECIFIED.);
#3029 = CARTESIAN_POINT('',(-0.512861698979,6.000000000173E-07));
#3030 = CARTESIAN_POINT('',(-0.509422474545,-7.649575150244E-02));
#3031 = CARTESIAN_POINT('',(-0.504702729931,-0.147663116853));
#3032 = CARTESIAN_POINT('',(-0.498801167253,-0.210596627789));
#3033 = CARTESIAN_POINT('',(-0.491904001126,-0.262656865545));
#3034 = CARTESIAN_POINT('',(-0.484257896432,-0.301684244395));
#3035 = CARTESIAN_POINT('',(-0.468660694579,-0.348804342177));
#3036 = CARTESIAN_POINT('',(-0.460784458414,-0.359002462614));
#3037 = CARTESIAN_POINT('',(-0.452807492029,-0.355466205885));
#3038 = CARTESIAN_POINT('',(-0.445037157363,-0.338064802295));
#3039 = CARTESIAN_POINT('',(-0.437756645555,-0.307740934834));
#3040 = CARTESIAN_POINT('',(-0.426181237038,-0.234977534962));
#3041 = CARTESIAN_POINT('',(-0.421595282454,-0.197183772217));
#3042 = CARTESIAN_POINT('',(-0.41750435272,-0.153831363271));
#3043 = CARTESIAN_POINT('',(-0.413969032544,-0.105819990108));
#3044 = CARTESIAN_POINT('',(-0.411033632232,-5.417347729277E-02));
#3045 = CARTESIAN_POINT('',(-0.408720857448,6.000000000173E-07));
#3046 = ( GEOMETRIC_REPRESENTATION_CONTEXT(2) 
PARAMETRIC_REPRESENTATION_CONTEXT() REPRESENTATION_CONTEXT('2D SPACE',''
  ) );
#3047 = ADVANCED_FACE('',(#3048),#2049,.F.);
#3048 = FACE_BOUND('',#3049,.F.);
#3049 = EDGE_LOOP('',(#3050,#3051,#3052,#3053));
#3050 = ORIENTED_EDGE('',*,*,#2903,.T.);
#3051 = ORIENTED_EDGE('',*,*,#2957,.T.);
#3052 = ORIENTED_EDGE('',*,*,#2033,.T.);
#3053 = ORIENTED_EDGE('',*,*,#2220,.T.);
#3054 = ADVANCED_FACE('',(#3055),#2282,.T.);
#3055 = FACE_BOUND('',#3056,.T.);
#3056 = EDGE_LOOP('',(#3057,#3058,#3059));
#3057 = ORIENTED_EDGE('',*,*,#2389,.T.);
#3058 = ORIENTED_EDGE('',*,*,#2264,.T.);
#3059 = ORIENTED_EDGE('',*,*,#2340,.T.);
#3060 = ADVANCED_FACE('',(#3061),#2433,.F.);
#3061 = FACE_BOUND('',#3062,.F.);
#3062 = EDGE_LOOP('',(#3063,#3064,#3085,#3086));
#3063 = ORIENTED_EDGE('',*,*,#2805,.F.);
#3064 = ORIENTED_EDGE('',*,*,#3065,.F.);
#3065 = EDGE_CURVE('',#2417,#2806,#3066,.T.);
#3066 = SEAM_CURVE('',#3067,(#3071,#3078),.PCURVE_S1.);
#3067 = LINE('',#3068,#3069);
#3068 = CARTESIAN_POINT('',(3.2,-7.837739514543E-16,2.2));
#3069 = VECTOR('',#3070,1.);
#3070 = DIRECTION('',(0.,0.,1.));
#3071 = PCURVE('',#2433,#3072);
#3072 = DEFINITIONAL_REPRESENTATION('',(#3073),#3077);
#3073 = LINE('',#3074,#3075);
#3074 = CARTESIAN_POINT('',(6.28318530718,-0.));
#3075 = VECTOR('',#3076,1.);
#3076 = DIRECTION('',(0.,1.));
#3077 = ( GEOMETRIC_REPRESENTATION_CONTEXT(2) 
PARAMETRIC_REPRESENTATION_CONTEXT() REPRESENTATION_CONTEXT('2D SPACE',''
  ) );
#3078 = PCURVE('',#2433,#3079);
#3079 = DEFINITIONAL_REPRESENTATION('',(#3080),#3084);
#3080 = LINE('',#3081,#3082);
#3081 = CARTESIAN_POINT('',(0.,-0.));
#3082 = VECTOR('',#3083,1.);
#3083 = DIRECTION('',(0.,1.));
#3084 = ( GEOMETRIC_REPRESENTATION_CONTEXT(2) 
PARAMETRIC_REPRESENTATION_CONTEXT() REPRESENTATION_CONTEXT('2D SPACE',''
  ) );
#3085 = ORIENTED_EDGE('',*,*,#2416,.T.);
#3086 = ORIENTED_EDGE('',*,*,#3065,.T.);
#3087 = ADVANCED_FACE('',(#3088),#2770,.F.);
#3088 = FACE_BOUND('',#3089,.T.);
#3089 = EDGE_LOOP('',(#3090,#3091));
#3090 = ORIENTED_EDGE('',*,*,#2753,.F.);
#3091 = ORIENTED_EDGE('',*,*,#2985,.F.);
#3092 = ADVANCED_FACE('',(#3093),#2651,.F.);
#3093 = FACE_BOUND('',#3094,.T.);
#3094 = EDGE_LOOP('',(#3095,#3096));
#3095 = ORIENTED_EDGE('',*,*,#2634,.F.);
#3096 = ORIENTED_EDGE('',*,*,#2835,.F.);
#3097 = ( GEOMETRIC_REPRESENTATION_CONTEXT(3) 
GLOBAL_UNCERTAINTY_ASSIGNED_CONTEXT((#3101)) 
GLOBAL_UNIT_ASSIGNED_CONTEXT((#3098,#3099,#3100)) REPRESENTATION_CONTEXT
('Context #1','3D Context with UNIT and UNCERTAINTY') );
#3098 = ( LENGTH_UNIT() NAMED_UNIT(*) SI_UNIT(.MILLI.,.METRE.) );
#3099 = ( NAMED_UNIT(*) PLANE_ANGLE_UNIT() SI_UNIT($,.RADIAN.) );
#3100 = ( NAMED_UNIT(*) SI_UNIT($,.STERADIAN.) SOLID_ANGLE_UNIT() );
#3101 = UNCERTAINTY_MEASURE_WITH_UNIT(LENGTH_MEASURE(1.E-07),#3098,
  'distance_accuracy_value','confusion accuracy');
#3102 = PRODUCT_RELATED_PRODUCT_CATEGORY('part',$,(#7));
ENDSEC;
END-ISO-10303-21;
